d,price_usd,address_10k_1k
2018-01-01,13464.6536116306,1527
2018-01-02,14754.322204851,1526
2018-01-03,15010.2861595558,1521
2018-01-04,15070.3007986558,1517
2018-01-05,16997.2274079486,1509
2018-01-06,17103.589279661,1509
2018-01-07,16231.6949994155,1505
2018-01-08,14937.4150894214,1509
2018-01-09,14378.5862174167,1510
2018-01-10,14669.0882656341,1505
2018-01-11,13186.7549427236,1513
2018-01-12,13789.4436639392,1517
2018-01-13,14231.2250645821,1515
2018-01-14,13681.0654611338,1518
2018-01-15,13591.6961966686,1511
2018-01-16,11431.0401052016,1501
2018-01-17,11159.6085905903,1498
2018-01-18,11246.0397302747,1504
2018-01-19,11440.2555616598,1504
2018-01-20,12768.4045856224,1508
2018-01-21,11422.3942589129,1509
2018-01-22,10737.3505774401,1508
2018-01-23,10849.3918793103,1510
2018-01-24,11225.8961747516,1508
2018-01-25,11130.4649473992,1507
2018-01-26,11035.5546098773,1507
2018-01-27,11320.9701852718,1508
2018-01-28,11615.95871128,1520
2018-01-29,11132.5543138515,1518
2018-01-30,9959.5467153711,1515
2018-01-31,10050.0957971946,1515
2018-02-01,9039.8650751023,1529
2018-02-02,8786.0773798948,1521
2018-02-03,9132.1003223261,1523
2018-02-04,8250.5268959673,1532
2018-02-05,6849.542559322,1519
2018-02-06,7738.6439596727,1525
2018-02-07,7624.5953895383,1521
2018-02-08,8218.580851841,1527
2018-02-09,8660.4534678551,1529
2018-02-10,8530.2928047925,1533
2018-02-11,8096.7284812975,1533
2018-02-12,8907.670179135,1532
2018-02-13,8523.9669319112,1533
2018-02-14,9467.3010327294,1540
2018-02-15,10106.7330835769,1551
2018-02-16,10189.3164833431,1547
2018-02-17,11085.5984143776,1535
2018-02-18,10452.0919772063,1527
2018-02-19,11139.3557305669,1529
2018-02-20,11245.9323179427,1534
2018-02-21,10458.8650888369,1538
2018-02-22,9878.1589427236,1531
2018-02-23,10159.0656125073,1525
2018-02-24,9686.6017799533,1531
2018-02-25,9603.2274774985,1530
2018-02-26,10312.3657130333,1524
2018-02-27,10654.1072948568,1529
2018-02-28,10307.0249663939,1535
2018-03-01,10923.6308617767,1543
2018-03-02,11014.0584672706,1541
2018-03-03,11425.6805654588,1545
2018-03-04,11462.5831975453,1545
2018-03-05,11540.6623205728,1550
2018-03-06,10677.0352308591,1549
2018-03-07,9903.0850490941,1547
2018-03-08,9330.4754529515,1547
2018-03-09,9278.1391843951,1552
2018-03-10,8786.5604231444,1554
2018-03-11,9513.5353997662,1549
2018-03-12,9147.8901805962,1557
2018-03-13,9160.5429327878,1551
2018-03-14,8222.1272390415,1555
2018-03-15,8268.589122443,1555
2018-03-16,8376.9044982466,1555
2018-03-17,7881.6619205143,1560
2018-03-18,8189.0167191701,1559
2018-03-19,8537.0156233197,1553
2018-03-20,8895.547179135,1554
2018-03-21,8879.5942565751,1548
2018-03-22,8710.6649351257,1544
2018-03-23,8771.746323495,1539
2018-03-24,8610.9885163647,1538
2018-03-25,8440.6109225599,1531
2018-03-26,8171.1843544711,1536
2018-03-27,7837.2653194039,1547
2018-03-28,7933.6427296902,1544
2018-03-29,7108.5708132671,1547
2018-03-30,6832.1490663355,1550
2018-03-31,6922.2812969024,1551
2018-04-01,6804.5248793104,1551
2018-04-02,7033.259609585,1544
2018-04-03,7420.800515488,1547
2018-04-04,6780.5436014027,1550
2018-04-05,6798.4226165985,1550
2018-04-06,6610.4923497954,1552
2018-04-07,6886.4694719462,1548
2018-04-08,7009.996104325,1542
2018-04-09,6736.8928237873,1542
2018-04-10,6816.7186154296,1538
2018-04-11,6944.7858571011,1541
2018-04-12,7904.3302752776,1540
2018-04-13,7919.064694623,1534
2018-04-14,8006.417943308,1534
2018-04-15,8342.2711014027,1532
2018-04-16,8046.9821335476,1532
2018-04-17,7887.7379579194,1537
2018-04-18,8162.8348617767,1538
2018-04-19,8272.9673158971,1539
2018-04-20,8839.5011320865,1534
2018-04-21,8863.5408290473,1534
2018-04-22,8800.9590870836,1535
2018-04-23,8930.7846335476,1525
2018-04-24,9652.2137887201,1524
2018-04-25,8855.5089365868,1534
2018-04-26,9264.7274269433,1531
2018-04-27,8981.3307901812,1531
2018-04-28,9341.8246846873,1545
2018-04-29,9396.9976297487,1542
2018-04-30,9228.7264836353,1539
2018-05-01,9072.1687574518,1536
2018-05-02,9204.1276405611,1548
2018-05-03,9750.7001464056,1547
2018-05-04,9696.6429099942,1543
2018-05-05,9795.9257720631,1543
2018-05-06,9595.0868194039,1541
2018-05-07,9339.5108471654,1541
2018-05-08,9212.3696347165,1549
2018-05-09,9293.0422735243,1542
2018-05-10,9037.530509059,1542
2018-05-11,8419.7585873758,1542
2018-05-12,8485.775266803,1540
2018-05-13,8695.8330938048,1537
2018-05-14,8671.0741747516,1531
2018-05-15,8488.463421391,1528
2018-05-16,8327.7562013442,1534
2018-05-17,8050.5162393337,1533
2018-05-18,8233.0864552893,1536
2018-05-19,8229.4829357101,1537
2018-05-20,8511.4488302163,1534
2018-05-21,8398.6231265342,1533
2018-05-22,8007.526532145,1531
2018-05-23,7520.867679135,1533
2018-05-24,7575.6244859731,1535
2018-05-25,7425.3756744594,1540
2018-05-26,7326.3031864407,1540
2018-05-27,7338.1930444185,1541
2018-05-28,7110.8238816482,1538
2018-05-29,7453.6337250146,1536
2018-05-30,7374.6690490941,1542
2018-05-31,7478.7418670368,1540
2018-06-01,7519.8357372881,1550
2018-06-02,7637.4482530684,1545
2018-06-03,7702.1579330801,1549
2018-06-04,7486.6531995909,1542
2018-06-05,7611.1498527177,1536
2018-06-06,7650.7758071303,1538
2018-06-07,7665.9478962595,1541
2018-06-08,7622.6023302163,1537
2018-06-09,7556.1716978375,1540
2018-06-10,6744.7358009936,1540
2018-06-11,6849.4526873174,1537
2018-06-12,6526.6996800117,1539
2018-06-13,6306.5131680304,1536
2018-06-14,6629.7701241964,1533
2018-06-15,6399.6740464641,1537
2018-06-16,6495.3153091759,1537
2018-06-17,6450.6939728229,1535
2018-06-18,6703.8125897136,1530
2018-06-19,6732.5088091759,1529
2018-06-20,6753.2068258329,1526
2018-06-21,6720.3732343659,1525
2018-06-22,6059.5758591467,1521
2018-06-23,6174.2257793688,1523
2018-06-24,6146.4871949153,1521
2018-06-25,6243.5354409702,1522
2018-06-26,6096.1287662186,1525
2018-06-27,6139.1896832262,1525
2018-06-28,5858.6357781999,1525
2018-06-29,6220.9137150789,1529
2018-06-30,6375.5412314436,1524
2018-07-01,6361.4025388662,1527
2018-07-02,6608.367157218,1521
2018-07-03,6498.3078591467,1525
2018-07-04,6579.3333763881,1521
2018-07-05,6535.2984026885,1521
2018-07-06,6598.4590958504,1527
2018-07-07,6737.8560803624,1527
2018-07-08,6704.9199801286,1535
2018-07-09,6664.0240935126,1534
2018-07-10,6309.0840040912,1531
2018-07-11,6377.9765113968,1539
2018-07-12,6159.4666762127,1539
2018-07-13,6208.9855718878,1541
2018-07-14,6255.1124786674,1540
2018-07-15,6347.6042738165,1538
2018-07-16,6710.8074374635,1540
2018-07-17,7320.5948278784,1538
2018-07-18,7376.0383392753,1539
2018-07-19,7467.0342980713,1542
2018-07-20,7327.256682934,1536
2018-07-21,7410.5656203974,1534
2018-07-22,7399.4837469316,1531
2018-07-23,7716.1586274109,1532
2018-07-24,8397.6165216248,1528
2018-07-25,8202.7203953828,1532
2018-07-26,7913.9307781999,1531
2018-07-27,8173.7746113384,1527
2018-07-28,8190.360056692,1529
2018-07-29,8229.6058386908,1535
2018-07-30,8171.839519287,1534
2018-07-31,7725.1330359439,1531
2018-08-01,7596.6980119813,1526
2018-08-02,7542.6946618936,1526
2018-08-03,7411.3442501461,1527
2018-08-04,7002.2086528346,1526
2018-08-05,7031.5877510228,1527
2018-08-06,6929.9908942139,1526
2018-08-07,6722.5784327878,1531
2018-08-08,6267.3886735827,1537
2018-08-09,6558.0969079486,1533
2018-08-10,6135.7518585622,1539
2018-08-11,6313.749311806,1539
2018-08-12,6314.6916557569,1537
2018-08-13,6265.848043834,1537
2018-08-14,6184.8290856224,1527
2018-08-15,6270.2147986558,1526
2018-08-16,6290.7504552893,1524
2018-08-17,6563.0782887201,1524
2018-08-18,6399.2874468147,1524
2018-08-19,6490.7161271187,1529
2018-08-20,6272.9527288136,1530
2018-08-21,6473.0760394506,1529
2018-08-22,6365.0098316774,1529
2018-08-23,6516.4090254237,1526
2018-08-24,6697.7318787259,1527
2018-08-25,6745.4389392168,1530
2018-08-26,6689.8693331385,1528
2018-08-27,6839.158952367,1527
2018-08-28,7092.9738082992,1526
2018-08-29,7033.4280680888,1528
2018-08-30,6966.9637437171,1523
2018-08-31,7025.1407802455,1524
2018-09-01,7192.3525473407,1523
2018-09-02,7286.6677910579,1522
2018-09-03,7257.47021391,1517
2018-09-04,7358.8114789597,1517
2018-09-05,6790.8973284629,1519
2018-09-06,6488.075936879,1516
2018-09-07,6408.653622443,1513
2018-09-08,6187.7905023378,1515
2018-09-09,6249.2463103448,1518
2018-09-10,6295.3886025716,1527
2018-09-11,6278.4246396844,1525
2018-09-12,6327.5363632379,1528
2018-09-13,6490.9123164816,1527
2018-09-14,6494.6954789597,1525
2018-09-15,6524.1656674459,1529
2018-09-16,6497.4047013442,1527
2018-09-17,6258.5948749269,1532
2018-09-18,6340.3477901812,1534
2018-09-19,6383.9518758036,1531
2018-09-20,6498.6071110462,1532
2018-09-21,6741.1428988895,1526
2018-09-22,6705.4760511397,1527
2018-09-23,6703.1368495032,1530
2018-09-24,6576.5450032145,1526
2018-09-25,6416.4440216248,1529
2018-09-26,6463.2504035652,1532
2018-09-27,6677.9004886032,1532
2018-09-28,6623.126159848,1531
2018-09-29,6584.4991475745,1530
2018-09-30,6604.485028346,1535
2018-10-01,6561.8138322618,1527
2018-10-02,6508.7209386324,1545
2018-10-03,6464.4568436587,1557
2018-10-04,6545.2856677382,1559
2018-10-05,6585.1495797779,1563
2018-10-06,6550.4783158971,1566
2018-10-07,6564.5682600818,1565
2018-10-08,6604.6852741087,1564
2018-10-09,6590.4286221508,1566
2018-10-10,6529.1024360023,1573
2018-10-11,6159.2516426067,1567
2018-10-12,6191.6772232613,1581
2018-10-13,6197.6856963764,1578
2018-10-14,6182.8793442431,1584
2018-10-15,6442.7154140853,1585
2018-10-16,6461.9371592636,1587
2018-10-17,6442.7307001753,1587
2018-10-18,6396.4798120982,1591
2018-10-19,6383.077840152,1595
2018-10-20,6408.2527463472,1596
2018-10-21,6415.3405029223,1598
2018-10-22,6408.0336355932,1612
2018-10-23,6395.9876668615,1620
2018-10-24,6413.8036411455,1621
2018-10-25,6402.3248591467,1626
2018-10-26,6404.1085523086,1635
2018-10-27,6409.4053275862,1633
2018-10-28,6406.6332530684,1634
2018-10-29,6263.0417346581,1626
2018-10-30,6272.1677282291,1631
2018-10-31,6306.3169313267,1637
2018-11-01,6342.9775005845,1642
2018-11-02,6348.1685827002,1639
2018-11-03,6332.4341329632,1637
2018-11-04,6420.4220002922,1638
2018-11-05,6402.9468389831,1641
2018-11-06,6441.1452188779,1637
2018-11-07,6500.8698050848,1638
2018-11-08,6406.7529374635,1643
2018-11-09,6331.3787670953,1644
2018-11-10,6353.1127340736,1649
2018-11-11,6335.4142039743,1647
2018-11-12,6320.6560537697,1650
2018-11-13,6267.9379912332,1649
2018-11-14,5574.2583489188,1650
2018-11-15,5538.5606078317,1657
2018-11-16,5496.0162311514,1661
2018-11-17,5501.0923404442,1654
2018-11-18,5555.3763383986,1655
2018-11-19,4792.2000236704,1652
2018-11-20,4317.530670076,1656
2018-11-21,4549.3220099357,1656
2018-11-22,4303.6155485096,1658
2018-11-23,4289.8928533022,1658
2018-11-24,3806.3169248977,1655
2018-11-25,3946.8508743425,1654
2018-11-26,3700.2859926943,1656
2018-11-27,3776.5559053185,1665
2018-11-28,4208.4752691409,1666
2018-11-29,4239.0394883109,1668
2018-11-30,3973.3340523086,1688
2018-12-01,4148.0737255991,1692
2018-12-02,4098.7467638808,1692
2018-12-03,3843.9766659848,1705
2018-12-04,3892.9516469901,1739
2018-12-05,3709.52085827,1758
2018-12-06,3511.9689815897,1768
2018-12-07,3372.9956925774,1762
2018-12-08,3407.951194623,1761
2018-12-09,3540.439575979,1760
2018-12-10,3413.5925841613,1757
2018-12-11,3352.5642001753,1761
2018-12-12,3423.0129178843,1761
2018-12-13,3260.341582408,1759
2018-12-14,3198.9474736996,1760
2018-12-15,3185.074043834,1755
2018-12-16,3195.4145552309,1753
2018-12-17,3499.1564818819,1757
2018-12-18,3659.5273793104,1755
2018-12-19,3697.7253033314,1755
2018-12-20,4067.7377077732,1761
2018-12-21,3839.0851084161,1758
2018-12-22,3964.9461163063,1757
2018-12-23,3942.6669959088,1761
2018-12-24,4040.0457895967,1765
2018-12-25,3761.5840108124,1763
2018-12-26,3807.6574535359,1762
2018-12-27,3585.4605359439,1761
2018-12-28,3881.0548848627,1757
2018-12-29,3823.1383261251,1755
2018-12-30,3825.4074628872,1752
2018-12-31,3687.1999400935,1748
2019-01-01,3808.1178316774,1750
2019-01-02,3898.1974880187,1746
2019-01-03,3784.3886347165,1746
2019-01-04,3827.5245943893,1745
2019-01-05,3798.6139549971,1743
2019-01-06,4045.9937749854,1741
2019-01-07,4001.0182781999,1747
2019-01-08,3992.6227893045,1746
2019-01-09,4004.2590356517,1755
2019-01-10,3627.9034500292,1751
2019-01-11,3624.1614210988,1745
2019-01-12,3617.0220783168,1744
2019-01-13,3508.6701081239,1746
2019-01-14,3666.9451937464,1742
2019-01-15,3581.293015488,1743
2019-01-16,3606.9865756867,1739
2019-01-17,3640.1291306254,1738
2019-01-18,3609.4267361192,1739
2019-01-19,3687.3019611338,1739
2019-01-20,3538.313722969,1738
2019-01-21,3535.623393045,1739
2019-01-22,3577.3083497954,1739
2019-01-23,3551.8938211572,1739
2019-01-24,3567.5889336645,1740
2019-01-25,3561.3504979544,1740
2019-01-26,3557.0399152542,1741
2019-01-27,3537.6141306254,1737
2019-01-28,3435.0525140269,1740
2019-01-29,3395.8237632963,1741
2019-01-30,3437.8958661601,1740
2019-01-31,3410.131616014,1742
2019-02-01,3445.0498912916,1739
2019-02-02,3461.9351174752,1740
2019-02-03,3413.0216163063,1741
2019-02-04,3411.3879617183,1738
2019-02-05,3426.4650113968,1734
2019-02-06,3367.5063649912,1737
2019-02-07,3358.8735990649,1732
2019-02-08,3612.4796192285,1733
2019-02-09,3621.2681209819,1738
2019-02-10,3642.0223591467,1736
2019-02-11,3590.6184836353,1742
2019-02-12,3587.9024658095,1738
2019-02-13,3576.0853725891,1731
2019-02-14,3561.9163834015,1724
2019-02-15,3565.0069237288,1725
2019-02-16,3584.73600263,1727
2019-02-17,3622.7574289889,1727
2019-02-18,3866.1292171245,1723
2019-02-19,3895.4352109877,1718
2019-02-20,3931.6138290473,1720
2019-02-21,3892.2617942724,1705
2019-02-22,3948.3005105202,1706
2019-02-23,4110.1511212741,1707
2019-02-24,3754.183789889,1708
2019-02-25,3822.0186966686,1711
2019-02-26,3796.1750683811,1711
2019-02-27,3799.3819924021,1710
2019-02-28,3792.947722969,1777
2019-03-01,3810.6326925774,1779
2019-03-02,3809.6433909994,1781
2019-03-03,3782.3818702513,1785
2019-03-04,3698.1618550555,1778
2019-03-05,3840.1280490941,1773
2019-03-06,3851.9984254822,1777
2019-03-07,3855.9231683226,1776
2019-03-08,3839.233552893,1779
2019-03-09,3910.3611665693,1777
2019-03-10,3903.9119509059,1779
2019-03-11,3851.5689216832,1774
2019-03-12,3858.9148237873,1772
2019-03-13,3851.9574663939,1774
2019-03-14,3853.7832650497,1776
2019-03-15,3901.9142068966,1778
2019-03-16,3989.7960768556,1856
2019-03-17,3967.1434944477,1856
2019-03-18,3969.4401458212,1857
2019-03-19,3996.1679035652,1858
2019-03-20,4030.6552758621,1854
2019-03-21,3976.2738500877,1857
2019-03-22,3983.8876458212,1856
2019-03-23,3981.7760330216,1856
2019-03-24,3970.6669880187,1854
2019-03-25,3908.2388386908,1851
2019-03-26,3917.763402104,1849
2019-03-27,4027.0079178843,1854
2019-03-28,4010.9374620105,1860
2019-03-29,4089.4610400351,1868
2019-03-30,4091.8910383402,1869
2019-03-31,4094.3178147282,1871
2019-04-01,4138.4178077148,1871
2019-04-02,4903.719462069,1875
2019-04-03,4960.2276027469,1873
2019-04-04,4911.2697024547,1875
2019-04-05,5033.2254836938,1880
2019-04-06,5044.3568459381,1877
2019-04-07,5189.1119555815,1875
2019-04-08,5283.4230248393,1871
2019-04-09,5195.5779088253,1873
2019-04-10,5311.7416032729,1872
2019-04-11,5050.6660085915,1873
2019-04-12,5082.8614320281,1869
2019-04-13,5074.7906925774,1867
2019-04-14,5156.8040406195,1868
2019-04-15,5042.897738457,1871
2019-04-16,5205.9629574518,1876
2019-04-17,5226.3522151958,1877
2019-04-18,5278.5023395675,1876
2019-04-19,5289.9512191116,1878
2019-04-20,5313.9732621274,1878
2019-04-21,5295.7338281707,1878
2019-04-22,5383.7999753361,1883
2019-04-23,5544.8627118644,1879
2019-04-24,5431.9479196376,1901
2019-04-25,5127.6731673875,1893
2019-04-26,5150.1646606663,1893
2019-04-27,5181.807763647,1890
2019-04-28,5148.6696154296,1892
2019-04-29,5148.8004932788,1902
2019-04-30,5266.6182025132,1912
2019-05-01,5315.1753290473,1907
2019-05-02,5393.1293763881,1908
2019-05-03,5658.4303883694,1907
2019-05-04,5774.7124286967,1906
2019-05-05,5728.3517022209,1902
2019-05-06,5691.6883740503,1905
2019-05-07,5825.744893045,1909
2019-05-08,5931.8005949737,1909
2019-05-09,6150.1404447691,1901
2019-05-10,6357.463493571,1882
2019-05-11,7325.0828603156,1885
2019-05-12,6942.6231745178,1894
2019-05-13,7798.9057360023,1891
2019-05-14,7955.5576823495,1897
2019-05-15,8215.2068383986,1898
2019-05-16,7862.0716023378,1897
2019-05-17,7326.9206818819,1893
2019-05-18,7277.9875634132,1891
2019-05-19,8219.7427869667,1889
2019-05-20,7981.1393789597,1884
2019-05-21,7983.8084773817,1885
2019-05-22,7667.9021148451,1889
2019-05-23,7897.4712936879,1894
2019-05-24,7987.1003676213,1890
2019-05-25,8061.5917607247,1888
2019-05-26,8731.5249558738,1889
2019-05-27,8816.7867083577,1885
2019-05-28,8719.1258483343,1890
2019-05-29,8655.4885061368,1885
2019-05-30,8271.6219631794,1885
2019-05-31,8556.222185564,1883
2019-06-01,8554.8073296318,1890
2019-06-02,8744.3537454705,1888
2019-06-03,8173.4012705435,1886
2019-06-04,7649.9393319696,1885
2019-06-05,7798.5444663939,1889
2019-06-06,7776.7133261251,1884
2019-06-07,8023.950093045,1891
2019-06-08,7939.8051548802,1892
2019-06-09,7634.0657507306,1890
2019-06-10,7993.3025385739,1890
2019-06-11,7922.4836271186,1887
2019-06-12,8146.7561250731,1892
2019-06-13,8232.7773413793,1883
2019-06-14,8698.0048150205,1887
2019-06-15,8850.584816014,1887
2019-06-16,9019.5170067212,1885
2019-06-17,9340.5721887785,1879
2019-06-18,9047.1327444769,1881
2019-06-19,9285.0556765634,1884
2019-06-20,9546.7197781999,1883
2019-06-21,10083.4863136762,1879
2019-06-22,10685.2952327878,1879
2019-06-23,10794.4276963764,1874
2019-06-24,11004.2069094681,1876
2019-06-25,11726.2638308007,1874
2019-06-26,12863.4606849795,1864
2019-06-27,11109.7978418469,1866
2019-06-28,12358.2079582116,1880
2019-06-29,11944.3515473407,1881
2019-06-30,10842.6167109877,1861
2019-07-01,10569.5517282291,1858
2019-07-02,10766.0833162186,1857
2019-07-03,11952.0248935126,1855
2019-07-04,11177.0103787551,1856
2019-07-05,10998.3991004676,1859
2019-07-06,11208.225600526,1856
2019-07-07,11456.1836039158,1856
2019-07-08,12319.6228758036,1853
2019-07-09,12579.107616014,1850
2019-07-10,12106.7829313267,1854
2019-07-11,11294.678028346,1855
2019-07-12,11813.3237158971,1849
2019-07-13,11346.837148159,1851
2019-07-14,10283.0757891292,1850
2019-07-15,10926.3802741087,1848
2019-07-16,9471.1408647575,1848
2019-07-17,9674.8824611338,1842
2019-07-18,10679.8906896552,1850
2019-07-19,10532.2027291058,1853
2019-07-20,10862.6485479252,1848
2019-07-21,10589.7064907656,1846
2019-07-22,10318.5609251899,1851
2019-07-23,9866.6489403857,1847
2019-07-24,9792.7875365284,1854
2019-07-25,9897.1867860316,1853
2019-07-26,9836.6967881356,1860
2019-07-27,9446.6720520748,1858
2019-07-28,9529.7887919345,1858
2019-07-29,9504.1589159556,1897
2019-07-30,9589.1092060199,1895
2019-07-31,10059.0040189947,1896
2019-08-01,10400.3070143776,1898
2019-08-02,10529.6944544126,1902
2019-08-03,10810.4216686148,1901
2019-08-04,10986.5089291058,1901
2019-08-05,11790.0239375804,1915
2019-08-06,11423.4970017534,1942
2019-08-07,11967.2735473407,1971
2019-08-08,11938.2346108708,1963
2019-08-09,11858.3410984804,1964
2019-08-10,11303.7305618936,1963
2019-08-11,11530.195242256,1961
2019-08-12,11384.6962465809,1968
2019-08-13,10867.05475827,1970
2019-08-14,10024.3795917008,1976
2019-08-15,10310.0858696669,1973
2019-08-16,10373.3219028054,1974
2019-08-17,10207.1555616598,1961
2019-08-18,10331.3099760374,1958
2019-08-19,10884.6297744009,1957
2019-08-20,10771.3923793688,1954
2019-08-21,10096.8302238457,1948
2019-08-22,10119.7145248393,1953
2019-08-23,10414.1441725891,1935
2019-08-24,10147.0871548802,1936
2019-08-25,10100.3567783752,1940
2019-08-26,10362.6434723553,1933
2019-08-27,10168.221571654,1938
2019-08-28,9724.799978083,1941
2019-08-29,9482.3117349503,1936
2019-08-30,9577.678823495,1937
2019-08-31,9605.0244614261,1937
2019-09-01,9762.9365568966,1937
2019-09-02,10377.3383845704,1940
2019-09-03,10618.7815058445,1938
2019-09-04,10577.2410839275,1945
2019-09-05,10580.1846995909,1939
2019-09-06,10330.8497312098,1937
2019-09-07,10494.5069649328,1937
2019-09-08,10407.2656573933,1937
2019-09-09,10332.4644424313,1944
2019-09-10,10085.9519243133,1947
2019-09-11,10142.1480603741,1950
2019-09-12,10403.3599707773,1944
2019-09-13,10345.3387469316,1949
2019-09-14,10363.4528963179,1952
2019-09-15,10306.1696674459,1949
2019-09-16,10257.822761543,1942
2019-09-17,10195.6111811806,1940
2019-09-18,10161.3188664524,1941
2019-09-19,10268.3926291642,1948
2019-09-20,10170.1251161309,1946
2019-09-21,9986.4061081239,1948
2019-09-22,10047.0134748685,1948
2019-09-23,9692.7410479252,1943
2019-09-24,8613.6712485097,2032
2019-09-25,8424.1576464056,2050
2019-09-26,8091.6952992402,2070
2019-09-27,8186.7796392753,2082
2019-09-28,8201.9790134424,2076
2019-09-29,8064.5080623612,2071
2019-09-30,8282.3654541204,2065
2019-10-01,8314.5513901227,2064
2019-10-02,8362.5307323203,2066
2019-10-03,8254.3399102864,2063
2019-10-04,8165.6861512566,2063
2019-10-05,8141.6337137931,2062
2019-10-06,7854.6098129749,2061
2019-10-07,8226.0234292811,2059
2019-10-08,8190.1151207481,2063
2019-10-09,8598.3319207481,2065
2019-10-10,8578.0903793103,2063
2019-10-11,8289.8540289305,2064
2019-10-12,8323.7501440678,2059
2019-10-13,8291.2506514319,2061
2019-10-14,8346.3684365868,2058
2019-10-15,8160.7126275278,2040
2019-10-16,8003.8559231444,2035
2019-10-17,8072.4893822911,2034
2019-10-18,7959.331993571,2038
2019-10-19,7948.4773372297,2038
2019-10-20,8213.7090392753,2036
2019-10-21,8211.6545587376,2036
2019-10-22,8029.2053728814,2040
2019-10-23,7458.0358568089,2036
2019-10-24,7454.3711381648,2015
2019-10-25,8656.655177557,2024
2019-10-26,9249.6467609585,2027
2019-10-27,9558.1560440094,2027
2019-10-28,9319.1781416715,2029
2019-10-29,9431.2071239042,2027
2019-10-30,9182.8550651666,2028
2019-10-31,9155.2772987727,2026
2019-11-01,9251.3812934541,2040
2019-11-02,9300.1908375219,2040
2019-11-03,9209.6386960842,2040
2019-11-04,9418.3601306254,2039
2019-11-05,9330.787222969,2036
2019-11-06,9354.9333822911,2037
2019-11-07,9210.7482223846,2041
2019-11-08,8791.3339349503,2039
2019-11-09,8810.7845619521,2038
2019-11-10,9042.8907232028,2035
2019-11-11,8713.2079295734,2034
2019-11-12,8788.9581429573,2042
2019-11-13,8766.7294305085,2044
2019-11-14,8645.4358036236,2044
2019-11-15,8465.8778885447,2049
2019-11-16,8477.6902428404,2046
2019-11-17,8505.1612232613,2043
2019-11-18,8183.5334135009,2044
2019-11-19,8116.8206725891,2040
2019-11-20,8076.5546600818,2043
2019-11-21,7612.2774880187,2041
2019-11-22,7277.524273232,2029
2019-11-23,7324.8361785506,2028
2019-11-24,6943.3806560491,2027
2019-11-25,7139.0446859731,2019
2019-11-26,7165.4377302747,2023
2019-11-27,7526.86381654,2010
2019-11-28,7436.3363817066,2010
2019-11-29,7747.7380420807,2015
2019-11-30,7556.1937212157,2013
2019-12-01,7417.7272060199,2011
2019-12-02,7318.3125218001,2015
2019-12-03,7306.4462333139,2015
2019-12-04,7215.0203448276,2025
2019-12-05,7404.0867949737,2026
2019-12-06,7534.2083559322,2028
2019-12-07,7512.06140263,2026
2019-12-08,7528.9402694331,2025
2019-12-09,7340.2274590883,2028
2019-12-10,7232.0917837522,2029
2019-12-11,7200.4644459965,2032
2019-12-12,7192.8490242548,2033
2019-12-13,7244.9037200468,2033
2019-12-14,7071.1070902981,2031
2019-12-15,7111.2866699591,2033
2019-12-16,6882.3957953244,2031
2019-12-17,6608.9619798364,2031
2019-12-18,7284.6254836353,2026
2019-12-19,7146.1676376388,2025
2019-12-20,7184.2191720631,2021
2019-12-21,7140.29801128,2023
2019-12-22,7479.4024078901,2020
2019-12-23,7321.7487238457,2025
2019-12-24,7235.6290838106,2023
2019-12-25,7191.1741656926,2017
2019-12-26,7194.6397583285,2013
2019-12-27,7237.1504472823,2013
2019-12-28,7306.6433082992,2016
2019-12-29,7391.578521391,2014
2019-12-30,7229.3971006429,2010
2019-12-31,7167.3950546464,2011
2020-01-01,7170.6318687902,2009
2020-01-02,6946.8252691409,2014
2020-01-03,7315.3093603156,2014
2020-01-04,7343.1641943893,2014
2020-01-05,7345.5306918177,2014
2020-01-06,7765.7977346581,2014
2020-01-07,8136.0868419053,2010
2020-01-08,8059.699528872,2010
2020-01-09,7817.1360932203,2014
2020-01-10,8129.8179199299,2009
2020-01-11,8032.0054950322,2014
2020-01-12,8164.5499931619,2012
2020-01-13,8121.9256676213,2008
2020-01-14,8830.1678734658,2006
2020-01-15,8811.4482025132,2014
2020-01-16,8718.6869980129,2015
2020-01-17,8912.5419041496,2015
2020-01-18,8928.1807565751,2019
2020-01-19,8687.3548366452,2017
2020-01-20,8636.2587862069,2019
2020-01-21,8730.8675601987,2021
2020-01-22,8647.9004739918,2026
2020-01-23,8366.3846139684,2024
2020-01-24,8423.3909581531,2026
2020-01-25,8344.7745689655,2027
2020-01-26,8573.874809585,2028
2020-01-27,8901.9592848627,2028
2020-01-28,9297.3883176505,2022
2020-01-29,9311.9475435418,2016
2020-01-30,9508.9209649328,2023
2020-01-31,9357.284782408,2030
2020-02-01,9381.8860286382,2030
2020-02-02,9339.387063121,2031
2020-02-03,9279.8125205143,2031
2020-02-04,9161.6271977206,2031
2020-02-05,9628.1367758621,2033
2020-02-06,9739.2804364699,2030
2020-02-07,9800.2793998247,2034
2020-02-08,9911.2934084161,2057
2020-02-09,10151.0832026885,2058
2020-02-10,9872.3618730567,2056
2020-02-11,10272.2225558738,2058
2020-02-12,10360.1352229106,2051
2020-02-13,10235.4973226184,2042
2020-02-14,10361.6156901812,2043
2020-02-15,9911.7243270018,2049
2020-02-16,9952.0466115722,2048
2020-02-17,9683.0796277031,2048
2020-02-18,10195.3037904734,2048
2020-02-19,9636.0022986558,2052
2020-02-20,9614.030122443,2047
2020-02-21,9701.7975026885,2050
2020-02-22,9675.2490575687,2051
2020-02-23,9972.8424230859,2051
2020-02-24,9648.0078831093,2049
2020-02-25,9344.2871400935,2047
2020-02-26,8798.8889485681,2049
2020-02-27,8779.0294818819,2042
2020-02-28,8750.5934459965,2040
2020-02-29,8582.0902996493,2037
2020-03-01,8541.7738939217,2041
2020-03-02,8906.2147564582,2041
2020-03-03,8768.8106142022,2038
2020-03-04,8756.36957218,2045
2020-03-05,9062.6158027469,2052
2020-03-06,9147.0850589714,2056
2020-03-07,8898.3069567504,2055
2020-03-08,8109.6145411455,2054
2020-03-09,7896.3853198714,2046
2020-03-10,7909.927875453,2045
2020-03-11,7939.341334775,2043
2020-03-12,4959.3134143776,2051
2020-03-13,5627.6923883694,2032
2020-03-14,5145.172506429,2032
2020-03-15,5358.6106633548,2034
2020-03-16,5012.9273877849,2040
2020-03-17,5416.7547106955,2030
2020-03-18,5392.4878359439,2047
2020-03-19,6203.5516320865,2037
2020-03-20,6174.1494760374,2034
2020-03-21,6175.8310222092,2031
2020-03-22,5830.5609796026,2034
2020-03-23,6486.4086573349,2021
2020-03-24,6775.0576189363,2029
2020-03-25,6689.969012858,2023
2020-03-26,6754.4603360608,2019
2020-03-27,6490.7954150205,2024
2020-03-28,6231.8198902396,2025
2020-03-29,5904.8575867914,2022
2020-03-30,6436.9057001753,2023
2020-03-31,6432.3832421391,2021
2020-04-01,6643.1100087084,2021
2020-04-02,6792.7422220923,2014
2020-04-03,6751.9025517826,2023
2020-04-04,6859.9891686733,2020
2020-04-05,6790.8124726476,2018
2020-04-06,7298.1737451783,2015
2020-04-07,7187.5933366452,2019
2020-04-08,7372.1947639977,2018
2020-04-09,7299.5791879018,2011
2020-04-10,6859.8226747516,2006
2020-04-11,6883.1822289597,2006
2020-04-12,6978.666286616,2009
2020-04-13,6863.575533197,2013
2020-04-14,6875.5385034483,2013
2020-04-15,6625.4757751023,2015
2020-04-16,7127.7922822326,1999
2020-04-17,7081.395198422,1998
2020-04-18,7262.7923436002,1995
2020-04-19,7150.2442154588,1995
2020-04-20,6853.2734147867,1994
2020-04-21,6870.4236986558,1994
2020-04-22,7123.6569199299,1987
2020-04-23,7488.6051652835,1992
2020-04-24,7506.4433164816,1994
2020-04-25,7537.7382091175,1992
2020-04-26,7684.0685216832,1992
2020-04-27,7777.4915185856,1997
2020-04-28,7769.899698422,1999
2020-04-29,8761.83716955,1995
2020-04-30,8652.4109912332,1998
2020-05-01,8855.53525827,2002
2020-05-02,8977.281705377,2001
2020-05-03,8896.7956383986,2005
2020-05-04,8881.9543045003,1994
2020-05-05,8985.8795993571,1995
2020-05-06,9266.8130730567,2002
2020-05-07,9993.7531768556,2013
2020-05-08,9859.3236046172,2010
2020-05-09,9577.3389223846,2014
2020-05-10,8715.0332932203,2014
2020-05-11,8591.6528843367,2022
2020-05-12,8817.2506811222,2029
2020-05-13,9322.9972020456,2034
2020-05-14,9801.2694877265,2039
2020-05-15,9326.8758589129,2036
2020-05-16,9395.4753893045,2035
2020-05-17,9682.5324811806,2036
2020-05-18,9726.8500220924,2037
2020-05-19,9754.2014620105,2028
2020-05-20,9515.702550263,2027
2020-05-21,9068.8012293396,2028
2020-05-22,9161.8150338983,2029
2020-05-23,9183.6621250731,2027
2020-05-24,8806.2306571596,2026
2020-05-25,8909.1925815313,2028
2020-05-26,8835.1372533606,2024
2020-05-27,9169.0574392168,2024
2020-05-28,9568.2618530099,2024
2020-05-29,9432.4133334307,2024
2020-05-30,9691.6804911748,2028
2020-05-31,9433.9438466394,2029
2020-06-01,10199.1350542373,2027
2020-06-02,9512.3465330216,2032
2020-06-03,9642.2734003507,2034
2020-06-04,9813.360679135,2038
2020-06-05,9641.8916225599,2037
2020-06-06,9668.6705385739,2035
2020-06-07,9747.5801110462,2036
2020-06-08,9769.3423614845,2038
2020-06-09,9779.4221656634,2041
2020-06-10,9888.4441746932,2039
2020-06-11,9277.4511693162,2041
2020-06-12,9456.1615333139,2043
2020-06-13,9461.3337986558,2044
2020-06-14,9342.955635301,2044
2020-06-15,9441.38321128,2049
2020-06-16,9520.0919482759,2047
2020-06-17,9448.6935606078,2043
2020-06-18,9389.9907663939,2040
2020-06-19,9285.991582934,2050
2020-06-20,9357.2924644652,2052
2020-06-21,9284.7693718293,2052
2020-06-22,9684.6201847458,2056
2020-06-23,9611.7259982466,2055
2020-06-24,9292.9435435418,2052
2020-06-25,9247.1214324956,2047
2020-06-26,9159.4377720631,2046
2020-06-27,9002.1656171829,2047
2020-06-28,9108.0656745763,2046
2020-06-29,9184.247366277,2043
2020-06-30,9143.967585301,2045
2020-07-01,9241.3396123904,2045
2020-07-02,9094.3872867914,2042
2020-07-03,9066.6906966102,2049
2020-07-04,9126.2195549386,2048
2020-07-05,9079.6140180888,2049
2020-07-06,9338.9425911748,2052
2020-07-07,9252.1587326125,2050
2020-07-08,9434.5679564582,2059
2020-07-09,9231.5023475161,2057
2020-07-10,9285.2210154296,2052
2020-07-11,9237.1710081824,2051
2020-07-12,9289.0979769141,2051
2020-07-13,9236.6225011689,2047
2020-07-14,9260.3569868498,2050
2020-07-15,9196.7255589714,2054
2020-07-16,9132.5923120982,2056
2020-07-17,9156.4687097604,2058
2020-07-18,9175.9053085915,2060
2020-07-19,9218.8423108124,2057
2020-07-20,9167.1905675044,2057
2020-07-21,9388.5743497954,2059
2020-07-22,9531.2574301578,2060
2020-07-23,9609.1667153711,2063
2020-07-24,9548.1007270602,2065
2020-07-25,9702.4527904734,2069
2020-07-26,9933.9065542373,2068
2020-07-27,11046.5083295149,2056
2020-07-28,10944.6129789012,2061
2020-07-29,11115.7712819988,2066
2020-07-30,11135.3907261835,2066
2020-07-31,11338.1973407949,2068
2020-08-01,11797.5821265342,2072
2020-08-02,11094.0206841321,2075
2020-08-03,11236.0956805377,2074
2020-08-04,11202.651909059,2074
2020-08-05,11721.4384715956,2072
2020-08-06,11769.3091081239,2073
2020-08-07,11598.9690585038,2091
2020-08-08,11743.0086350088,2089
2020-08-09,11680.5173661601,2089
2020-08-10,11870.3695447107,2093
2020-08-11,11392.6440884278,2089
2020-08-12,11575.5124736996,2091
2020-08-13,11773.4481155465,2092
2020-08-14,11774.4082518995,2086
2020-08-15,11866.9103613092,2090
2020-08-16,11899.6427535944,2088
2020-08-17,12315.7624166569,2094
2020-08-18,11992.6959962595,2082
2020-08-19,11736.8490645237,2088
2020-08-20,11867.5203439509,2089
2020-08-21,11524.6989491525,2086
2020-08-22,11682.2891503799,2085
2020-08-23,11665.6092735243,2085
2020-08-24,11771.4080537405,2086
2020-08-25,11358.4543202805,2084
2020-08-26,11472.0491204559,2085
2020-08-27,11314.6737410286,2082
2020-08-28,11527.8830322326,2093
2020-08-29,11490.7623477499,2092
2020-08-30,11698.9758329632,2090
2020-08-31,11678.3482268849,2097
2020-09-01,11970.364856166,2095
2020-09-02,11414.5209336645,2101
2020-09-03,10261.4944095266,2104
2020-09-04,10471.9664133255,2098
2020-09-05,10128.64358609,2092
2020-09-06,10253.2998980129,2090
2020-09-07,10367.8783543542,2087
2020-09-08,10108.6354501461,2082
2020-09-09,10223.1114091175,2086
2020-09-10,10334.6307302162,2092
2020-09-11,10387.0207419638,2099
2020-09-12,10436.9778322618,2094
2020-09-13,10322.5236148451,2096
2020-09-14,10662.719912332,2098
2020-09-15,10779.3810249562,2098
2020-09-16,10968.3205465809,2094
2020-09-17,10936.2927505552,2090
2020-09-18,10920.1128439509,2089
2020-09-19,11073.7795478083,2088
2020-09-20,10921.2180998247,2091
2020-09-21,10455.3799623027,2085
2020-09-22,10519.8391641146,2085
2020-09-23,10233.2995687317,2086
2020-09-24,10739.0427094097,2078
2020-09-25,10683.6305806546,2077
2020-09-26,10742.0304202221,2082
2020-09-27,10758.8242899474,2078
2020-09-28,10727.3750541204,2077
2020-09-29,10841.1427444769,2085
2020-09-30,10772.351766803,2084
2020-10-01,10606.6173325541,2084
2020-10-02,10570.1056777908,2069
2020-10-03,10555.7054339567,2071
2020-10-04,10665.618622443,2073
2020-10-05,10772.6355995909,2072
2020-10-06,10596.3735493863,2072
2020-10-07,10667.1943941555,2073
2020-10-08,10902.5293637054,2075
2020-10-09,11074.1036797779,2069
2020-10-10,11302.8542864407,2068
2020-10-11,11378.2625284629,2066
2020-10-12,11548.401556692,2071
2020-10-13,11434.9687849211,2073
2020-10-14,11417.10811391,2070
2020-10-15,11502.5812390415,2068
2020-10-16,11338.9871765634,2072
2020-10-17,11362.8022174167,2074
2020-10-18,11489.6225650497,2074
2020-10-19,11745.8119675628,2079
2020-10-20,11929.4572507306,2074
2020-10-21,12848.4906177674,2081
2020-10-22,12997.4993417884,2094
2020-10-23,12953.4296969608,2124
2020-10-24,13113.8669231444,2123
2020-10-25,13041.6410374635,2126
2020-10-26,13080.6561698422,2116
2020-10-27,13675.5239275278,2118
2020-10-28,13290.3288497954,2111
2020-10-29,13475.2173007013,2119
2020-10-30,13603.2960908825,2118
2020-10-31,13807.2336110462,2111
2020-11-01,13736.89941128,2109
2020-11-02,13595.5647603741,2120
2020-11-03,13996.9153985973,2115
2020-11-04,14129.1481954997,2109
2020-11-05,15606.466833723,2117
2020-11-06,15618.9724713618,2117
2020-11-07,14866.3563045003,2125
2020-11-08,15500.0007071888,2124
2020-11-09,15319.8199725307,2117
2020-11-10,15319.2756762127,2123
2020-11-11,15731.2411057861,2120
2020-11-12,16289.8148977206,2119
2020-11-13,16330.062767972,2124
2020-11-14,16102.0100169492,2126
2020-11-15,15986.7549905903,2127
2020-11-16,16743.0539398013,2126
2020-11-17,17682.1691870251,2121
2020-11-18,17804.6900239626,2115
2020-11-19,17818.6686621859,2117
2020-11-20,18663.7818531268,2138
2020-11-21,18706.5893354179,2145
2020-11-22,18482.6926317358,2145
2020-11-23,18373.2577597896,2150
2020-11-24,19150.2510485096,2166
2020-11-25,18748.3937130333,2165
2020-11-26,17113.7168714202,2158
2020-11-27,17101.6030180596,2154
2020-11-28,17745.3773124489,2153
2020-11-29,18190.8668804208,2153
2020-11-30,19664.4076066628,2152
2020-12-01,18820.6077895967,2151
2020-12-02,19214.8722290473,2153
2020-12-03,19470.3112080655,2156
2020-12-04,18732.9670909994,2162
2020-12-05,19114.6331309176,2162
2020-12-06,19356.3136767972,2161
2020-12-07,19182.1768328463,2159
2020-12-08,18340.9781376973,2163
2020-12-09,18574.6967352426,2157
2020-12-10,18294.8469514904,2164
2020-12-11,18061.760025716,2162
2020-12-12,18813.2837685564,2166
2020-12-13,19156.0825055523,2168
2020-12-14,19286.7512992402,2174
2020-12-15,19432.5884640561,2170
2020-12-16,21370.7203186441,2175
2020-12-17,22789.2674160725,2188
2020-12-18,23048.7645610754,2199
2020-12-19,23856.7735192285,2195
2020-12-20,23528.5506135593,2168
2020-12-21,22937.4183435418,2159
2020-12-22,23756.8887685564,2147
2020-12-23,23307.2709018118,2144
2020-12-24,23707.6330440678,2129
2020-12-25,24669.1643220339,2125
2020-12-26,26478.0681052016,2119
2020-12-27,26430.8565971946,2123
2020-12-28,27039.3490199883,2127
2020-12-29,27231.2034552893,2159
2020-12-30,28844.6136781999,2171
2020-12-31,29022.6714126242,2171
2021-01-01,29380.6937327878,2178
2021-01-02,32022.6810578609,2174
2021-01-03,33277.8353050848,2183
2021-01-04,31802.1467136178,2180
2021-01-05,34013.1741724138,2210
2021-01-06,36643.2777223846,2234
2021-01-07,39215.6511490356,2260
2021-01-08,40775.4045634132,2278
2021-01-09,40370.6823495032,2298
2021-01-10,38329.3401665693,2308
2021-01-11,35269.5137177089,2312
2021-01-12,33712.4685452952,2311
2021-01-13,37296.5475277615,2311
2021-01-14,39045.518340152,2322
2021-01-15,36710.3174248977,2324
2021-01-16,36177.2610970193,2324
2021-01-17,36069.939466803,2321
2021-01-18,36594.2964018118,2316
2021-01-19,36250.1461893629,2338
2021-01-20,35515.480012858,2345
2021-01-21,31022.9510280538,2345
2021-01-22,32986.4357568673,2347
2021-01-23,32036.2822723553,2343
2021-01-24,32216.1042904734,2343
2021-01-25,32419.7059462303,2346
2021-01-26,32640.6391426067,2346
2021-01-27,30358.9347235535,2349
2021-01-28,33511.287595149,2363
2021-01-29,34166.1494259497,2365
2021-01-30,34349.9170952659,2358
2021-01-31,33157.8325745178,2371
2021-02-01,33570.2718468732,2369
2021-02-02,35596.1489094097,2369
2021-02-03,37578.3732068966,2372
2021-02-04,37129.2029376972,2384
2021-02-05,38045.4136084161,2391
2021-02-06,39341.727081239,2389
2021-02-07,39003.0121817651,2390
2021-02-08,46121.9340724722,2391
2021-02-09,46548.1619912332,2376
2021-02-10,45078.128350263,2352
2021-02-11,47892.8409181765,2345
2021-02-12,47525.2091431911,2351
2021-02-13,47208.6250270602,2358
2021-02-14,48829.8275096435,2359
2021-02-15,48110.2417334892,2358
2021-02-16,49140.3826578024,2363
2021-02-17,52224.9391139684,2358
2021-02-18,51650.0699485681,2344
2021-02-19,55820.5044038574,2337
2021-02-20,55861.8205670953,2321
2021-02-21,57500.7161102864,2321
2021-02-22,53952.1533386324,2316
2021-02-23,48560.4890350672,2279
2021-02-24,49567.3456890707,2271
2021-02-25,47568.131170076,2288
2021-02-26,46231.7675784921,2294
2021-02-27,45834.5133611923,2292
2021-02-28,45359.4641642314,2291
2021-03-01,49634.4471092928,2279
2021-03-02,48304.7054879018,2280
2021-03-03,50690.4671835184,2278
2021-03-04,48472.7954751607,2277
2021-03-05,48800.8173594389,2273
2021-03-06,48970.5244868498,2272
2021-03-07,51086.4681794272,2275
2021-03-08,52088.475131502,2275
2021-03-09,54739.1352542373,2280
2021-03-10,56116.040912332,2278
2021-03-11,57847.2549357101,2244
2021-03-12,57334.641534775,2233
2021-03-13,61288.7941276447,2234
2021-03-14,59905.6184704851,2234
2021-03-15,56121.121924021,2235
2021-03-16,56500.4460257159,2192
2021-03-17,58683.0659824664,2184
2021-03-18,57731.4798410871,2185
2021-03-19,58168.1219222677,2187
2021-03-20,58247.8847066043,2179
2021-03-21,57447.9330198714,2173
2021-03-22,54453.1373508475,2170
2021-03-23,54563.6119458211,2176
2021-03-24,52595.4113237873,2172
2021-03-25,51547.1248953828,2177
2021-03-26,54817.8571122151,2173
2021-03-27,56019.8373055523,2152
2021-03-28,55713.0381396844,2152
2021-03-29,57571.2333477498,2148
2021-03-30,58684.5483921683,2148
2021-03-31,58792.1948275862,2143
2021-04-01,58818.9770985973,2153
2021-04-02,59031.5340192285,2152
2021-04-03,57282.3896247808,2149
2021-04-04,58202.199391993,2153
2021-04-05,58755.8525295149,2152
2021-04-06,58084.0664231444,2160
2021-04-07,56266.8346762127,2159
2021-04-08,57963.3445994155,2158
2021-04-09,58051.7625563998,2155
2021-04-10,59651.5589877265,2154
2021-04-11,59932.9306469901,2159
2021-04-12,59905.9363744594,2155
2021-04-13,63445.638314436,2154
2021-04-14,62869.4955873758,2143
2021-04-15,63231.162987142,2145
2021-04-16,61571.1100905903,2145
2021-04-17,60280.8761758036,2148
2021-04-18,56389.5579812975,2154
2021-04-19,55798.1370771479,2154
2021-04-20,56474.3737586207,2157
2021-04-21,54025.7995745178,2158
2021-04-22,51882.0598106371,2153
2021-04-23,50954.9100607832,2154
2021-04-24,50279.9484464056,2153
2021-04-25,48946.9407428404,2156
2021-04-26,53943.3499783752,2155
2021-04-27,55027.0309848042,2153
2021-04-28,54787.3787071888,2153
2021-04-29,53567.0811938048,2151
2021-04-30,57741.44441654,2142
2021-05-01,57863.5903927528,2144
2021-05-02,56572.5968410286,2144
2021-05-03,57243.0416054939,2140
2021-05-04,53724.10892519,2149
2021-05-05,57342.0256616014,2148
2021-05-06,56527.3529789597,2147
2021-05-07,57341.0684549386,2109
2021-05-08,58736.1258950906,2099
2021-05-09,58288.4256303916,2098
2021-05-10,55902.9277399182,2091
2021-05-11,56612.1026487434,2094
2021-05-12,50972.355081239,2080
2021-05-13,49368.6144739918,2078
2021-05-14,49997.3959011105,2080
2021-05-15,47047.9633331385,2077
2021-05-16,46022.5037090006,2071
2021-05-17,43492.3954833431,2063
2021-05-18,42789.8093921683,2061
2021-05-19,37642.5200017534,2067
2021-05-20,40799.4021475745,2072
2021-05-21,37174.3311014027,2078
2021-05-22,37643.4197983635,2083
2021-05-23,34774.207221917,2085
2021-05-24,38630.4091186441,2087
2021-05-25,38269.7710747516,2082
2021-05-26,39194.8588980129,2074
2021-05-27,38510.8570417884,2080
2021-05-28,35596.7179510228,2078
2021-05-29,34681.8183670368,2072
2021-05-30,35652.1687703098,2069
2021-05-31,37312.9748970193,2076
2021-06-01,36661.3781184687,2071
2021-06-02,37639.4556732905,2072
2021-06-03,39160.1504132086,2077
2021-06-04,36884.3735551724,2072
2021-06-05,35409.5672366452,2079
2021-06-06,35720.6043546464,2094
2021-06-07,33724.9077517826,2096
2021-06-08,33475.0489234366,2091
2021-06-09,37372.9888953828,2089
2021-06-10,36826.0022185856,2085
2021-06-11,37185.3931268264,2077
2021-06-12,35669.1712817066,2079
2021-06-13,38925.4194289889,2078
2021-06-14,40455.5959833431,2086
2021-06-15,40254.6514679135,2090
2021-06-16,38265.5437726476,2087
2021-06-17,38018.6432346581,2083
2021-06-18,37280.37,2079
2021-06-19,35555.9763966686,2084
2021-06-20,34820.11,2079
2021-06-21,32584.96,2073
2021-06-22,32908.33,2063
2021-06-23,33610.4968129749,2064
2021-06-24,34897.22,2069
2021-06-25,32262.76,2062
2021-06-26,31336.27,2064
2021-06-27,32642.96,2057
2021-06-28,34376.188538983,2057
2021-06-29,36148.79,2058
2021-06-30,34590.84,2051
2021-07-01,33418.21,2055
2021-07-02,33782.9459464641,2068
2021-07-03,34720.1,2066
2021-07-04,35355.6078883694,2066
2021-07-05,33911.7538404442,2065
2021-07-06,33946.37,2063
2021-07-07,34690.12,2064
2021-07-08,32819.6595312098,2065
2021-07-09,33914.8810742256,2065
2021-07-10,33335.86,2063
2021-07-11,33846.4,2065
2021-07-12,32834.9,2067
2021-07-13,32641.9759610169,2065
2021-07-14,32813.26,2062
2021-07-15,31750.98,2065
2021-07-16,31455.7175818819,2061
2021-07-17,31547.9511990064,2067
2021-07-18,31645.72,2069
2021-07-19,30805.05,2072
2021-07-20,29877.38,2074
2021-07-21,31843.81,2069
2021-07-22,32306.9614285798,2075
2021-07-23,33439.5957028638,2072
2021-07-24,34166.914654588,2072
2021-07-25,35119.9374360023,2078
2021-07-26,37444.7825102279,2072
2021-07-27,38055.11,2083
2021-07-28,40003.52,2075
2021-07-29,39722.32,2071
2021-07-30,40860.23,2072
2021-07-31,41793.3137481005,2071
2021-08-01,41310.19,2068
2021-08-02,39304.1862835769,2069
2021-08-03,38288.8253975453,2075
2021-08-04,39706.49,2072
2021-08-05,40908.48,2072
2021-08-06,42690.36,2070
2021-08-07,43945.42,2071
2021-08-08,43855.21,2072
2021-08-09,46265.6424564582,2081
2021-08-10,45488.7912624196,2078
2021-08-11,45676.3263611923,2069
2021-08-12,44440.18,2070
2021-08-13,47717.4853559322,2070
2021-08-14,46665.44,2072
2021-08-15,46749.52,2074
2021-08-16,46064.94,2068
2021-08-17,45017.36,2065
2021-08-18,44592.92,2064
2021-08-19,46567.94,2061
2021-08-20,48652.94,2067
2021-08-21,49070.2409701929,2063
2021-08-22,48424.68,2063
2021-08-23,49509.06,2057
2021-08-24,48364.25,2056
2021-08-25,48747.71,2064
2021-08-26,47047.56,2067
2021-08-27,48942.27,2066
2021-08-28,48746.55,2068
2021-08-29,48896.51,2068
2021-08-30,48653.6,2067
2021-08-31,46995.72,2067
2021-09-01,48269.06,2062
2021-09-02,49555.55,2057
2021-09-03,49860.5341635301,2058
2021-09-04,49919.577563647,2058
2021-09-05,51652.0,2058
2021-09-06,52640.5883740503,2060
2021-09-07,46806.02,2060
2021-09-08,46154.44,2059
2021-09-09,46268.06,2046
2021-09-10,45130.85,2041
2021-09-11,45098.5916447691,2042
2021-09-12,46180.6124563998,2043
2021-09-13,44991.5221277031,2037
2021-09-14,46842.21,2052
2021-09-15,48167.1893676213,2059
2021-09-16,47103.61,2059
2021-09-17,47086.39,2058
2021-09-18,48015.88,2060
2021-09-19,47587.39,2059
2021-09-20,43569.67,2057
2021-09-21,40526.4893760958,2055
2021-09-22,43475.75,2055
2021-09-23,44716.19,2056
2021-09-24,42991.34,2064
2021-09-25,42714.1,2062
2021-09-26,43131.2941773816,2098
2021-09-27,42720.72,2100
2021-09-28,41811.6,2096
2021-09-29,41453.9470131502,2090
2021-09-30,43781.546015488,2095
2021-10-01,48078.1315543542,2093
2021-10-02,47984.28,2093
2021-10-03,48441.32,2090
2021-10-04,49288.5013106371,2090
2021-10-05,51558.0493319112,2090
2021-10-06,54893.34,2063
2021-10-07,53805.1569125658,2065
2021-10-08,53933.5275908825,2064
2021-10-09,54648.42,2067
2021-10-10,55431.06,2064
2021-10-11,57395.76,2072
2021-10-12,56196.1812597896,2070
2021-10-13,57348.8928769725,2067
2021-10-14,57384.0369146698,2068
2021-10-15,61446.0840073057,2068
2021-10-16,60932.0632119228,2067
2021-10-17,61462.2223722969,2070
2021-10-18,61977.0575514319,2079
2021-10-19,64290.8977574518,2074
2021-10-20,66061.7965639977,2086
2021-10-21,62373.8856206897,2089
2021-10-22,60750.9673718293,2083
2021-10-23,61250.082628872,2079
2021-10-24,60865.4470523086,2082
2021-10-25,63031.6729015196,2079
2021-10-26,60393.9802738165,2075
2021-10-27,58563.3359899766,2067
2021-10-28,60564.5721122151,2068
2021-10-29,62230.8055689655,2067
2021-10-30,61809.68,2069
2021-10-31,61432.9700628287,2064
2021-11-01,61092.0950592051,2072
2021-11-02,63024.7472296902,2062
2021-11-03,62955.9817630041,2071
2021-11-04,61393.8899780246,2070
2021-11-05,61005.840833723,2070
2021-11-06,61455.0536268849,2066
2021-11-07,63043.8290590298,2062
2021-11-08,67541.7555081824,2063
2021-11-09,67095.5856706605,2063
2021-11-10,64756.0779689071,2064
2021-11-11,64962.9312939801,2065
2021-11-12,64078.968037405,2066
2021-11-13,64397.7912063121,2066
2021-11-14,65032.2256548217,2065
2021-11-15,63753.5031592636,2069
2021-11-16,60322.4978530099,2067
2021-11-17,60154.3083661601,2069
2021-11-18,56794.1556271186,2080
2021-11-19,58014.0729888954,2084
2021-11-20,59749.4738229106,2084
2021-11-21,59032.6241017534,2081
2021-11-22,56383.5658760958,2080
2021-11-23,57642.2657980713,2082
2021-11-24,57141.8303784337,2085
2021-11-25,59008.6554792519,2084
2021-11-26,53800.6178389831,2090
2021-11-27,54635.8824628872,2088
2021-11-28,57248.5696963764,2087
2021-11-29,57920.7107299825,2089
2021-11-30,57097.0127942724,2088
2021-12-01,57180.6098439509,2075
2021-12-02,56582.8937691408,2066
2021-12-03,53671.6160680888,2065
2021-12-04,49159.7357983635,2069
2021-12-05,49327.0935999416,2075
2021-12-06,50535.4252232612,2067
2021-12-07,50574.4728344828,2071
2021-12-08,50500.6543513735,2065
2021-12-09,47937.8228458212,2062
2021-12-10,47437.2289725307,2057
2021-12-11,49321.7693252484,2054
2021-12-12,50136.5722568673,2054
2021-12-13,46785.3278410286,2062
2021-12-14,48292.6822501461,2061
2021-12-15,48830.6223860316,2061
2021-12-16,47663.4691077148,2067
2021-12-17,46334.4837489772,2063
2021-12-18,46904.8736753361,2059
2021-12-19,46876.426924021,2060
2021-12-20,46954.7634783168,2061
2021-12-21,49082.0624666277,2069
2021-12-22,48692.0987391584,2072
2021-12-23,50712.9707682642,2079
2021-12-24,50783.8344210988,2072
2021-12-25,50590.4508976622,2070
2021-12-26,50798.3065859147,2071
2021-12-27,50796.3776735827,2069
2021-12-28,47673.0440452367,2071
2021-12-29,46470.3215751023,2055
2021-12-30,47102.4630037989,2064
2021-12-31,46355.1173302747,2059
2022-01-01,47560.0093816482,2062
2022-01-02,47352.5577565751,2063
2022-01-03,46453.432351841,2059
2022-01-04,45905.9611221508,2065
2022-01-05,43530.9440388662,2063
2022-01-06,43144.9652928112,2058
2022-01-07,41512.7845808299,2057
2022-01-08,41799.8128848627,2054
2022-01-09,41886.4985569842,2057
2022-01-10,41816.9510561075,2058
2022-01-11,42768.1786116306,2060
2022-01-12,43961.0265441262,2063
2022-01-13,42626.8653924605,2065
2022-01-14,43102.6476180596,2061
2022-01-15,43206.6744812975,2060
2022-01-16,43168.8596671537,2058
2022-01-17,42211.270399474,2060
2022-01-18,42431.2319670368,2056
2022-01-19,41787.722012858,2062
2022-01-20,40756.1261630625,2069
2022-01-21,36492.2872241379,2066
2022-01-22,34996.390965225,2058
2022-01-23,36271.0502650497,2056
2022-01-24,36659.7252206312,2054
2022-01-25,36952.586773232,2062
2022-01-26,36825.8245993571,2060
2022-01-27,37021.9371332554,2068
2022-01-28,37768.8474836353,2068
2022-01-29,38088.2912279953,2059
2022-01-30,37983.5063845704,2053
2022-01-31,38462.6724029807,2052
2022-02-01,38787.9640824079,2041
2022-02-02,36942.3307493279,2039
2022-02-03,37057.6521879018,2037
2022-02-04,41079.9060881356,2034
2022-02-05,41508.5816925774,2034
2022-02-06,42358.2251732905,2033
2022-02-07,43888.980119813,2044
2022-02-08,44167.4447945646,2046
2022-02-09,44405.0732042665,2045
2022-02-10,43614.3426960842,2045
2022-02-11,42357.3217416715,2046
2022-02-12,42173.4593962595,2045
2022-02-13,42195.5947451782,2043
2022-02-14,42646.1618590883,2043
2022-02-15,44511.9084880187,2039
2022-02-16,44065.7092673875,2040
2022-02-17,40610.024261543,2037
2022-02-18,40044.2204856809,2040
2022-02-19,40095.887329398,2035
2022-02-20,38551.6224967855,2030
2022-02-21,37098.0360081824,2040
2022-02-22,38202.5940818235,2039
2022-02-23,37308.2687344243,2043
2022-02-24,38283.790402104,2033
2022-02-25,39323.7702158387,2042
2022-02-26,39056.5781523086,2043
2022-02-27,37664.7792828755,2043
2022-02-28,43179.2545140269,2180
2022-03-01,44334.457582408,2179
2022-03-02,43984.584926768,2181
2022-03-03,42492.7744552893,2181
2022-03-04,39106.4052159556,2180
2022-03-05,39383.8848433665,2181
2022-03-06,38399.3426268264,2179
2022-03-07,38146.734273232,2179
2022-03-08,38725.477261543,2186
2022-03-09,41989.4028179427,2187
2022-03-10,39482.2584672706,2185
2022-03-11,38825.3644214494,2195
2022-03-12,38951.1300157802,2194
2022-03-13,37808.3174004091,2193
2022-03-14,39649.0453243717,2190
2022-03-15,39356.8139000584,2190
2022-03-16,41101.768579135,2205
2022-03-17,40966.4169324956,2203
2022-03-18,41826.1160710111,2210
2022-03-19,42193.1615362361,2208
2022-03-20,41294.7235129164,2206
2022-03-21,41064.429648159,2213
2022-03-22,42383.169518761,2207
2022-03-23,42734.2000355932,2207
2022-03-24,43974.5935882525,2202
2022-03-25,44347.034279661,2188
2022-03-26,44519.9268641145,2191
2022-03-27,46777.2056265342,2191
2022-03-28,47223.6528860316,2193
2022-03-29,47463.7096770894,2188
2022-03-30,47123.2971478667,2180
2022-03-31,45562.2106665693,2177
2022-04-01,46250.3362878434,2177
2022-04-02,45939.8973489188,2176
2022-04-03,46440.5438538866,2174
2022-04-04,46663.0041770894,2169
2022-04-05,45693.0350619521,2165
2022-04-06,43304.9371990064,2166
2022-04-07,43569.0471697837,2165
2022-04-08,42222.0689772063,2164
2022-04-09,42680.9947355932,2166
2022-04-10,42264.4633909994,2167
2022-04-11,39544.0251835184,2169
2022-04-12,40096.3669748685,2173
2022-04-13,41152.7554517826,2173
2022-04-14,39916.4963842782,2186
2022-04-15,40527.3319567504,2183
2022-04-16,40439.5881209819,2184
2022-04-17,39704.7839798364,2182
2022-04-18,40818.8786025716,2198
2022-04-19,41489.6638011689,2192
2022-04-20,41395.64458346,2190
2022-04-21,40457.4959418469,2186
2022-04-22,39737.9735040912,2187
2022-04-23,39582.4548720047,2189
2022-04-24,39511.6456928697,2189
2022-04-25,40473.7483176505,2188
2022-04-26,38072.800873758,2192
2022-04-27,39218.5376174752,2184
2022-04-28,39747.9894270018,2187
2022-04-29,38609.5059070719,2192
2022-04-30,37714.0949804208,2190
2022-05-01,38459.226979135,2193
2022-05-02,38566.0628877849,2192
2022-05-03,37704.4053153127,2185
2022-05-04,39641.852176505,2173
2022-05-05,36502.0245601403,2166
2022-05-06,36042.9995584453,2162
2022-05-07,35508.7110227937,2160
2022-05-08,34058.9066861484,2160
2022-05-09,30457.9218194039,2153
2022-05-10,30990.7351659848,2158
2022-05-11,28796.5568217417,2150
2022-05-12,29030.7070417884,2141
2022-05-13,29285.9346718293,2126
2022-05-14,30051.935755114,2139
2022-05-15,31182.6212460549,2138
2022-05-16,29889.6124757452,2131
2022-05-17,30438.1944476914,2131
2022-05-18,28771.2204786675,2129
2022-05-19,30257.8852483928,2131
2022-05-20,29224.245998422,2121
2022-05-21,29420.0782857978,2119
2022-05-22,30331.87514173,2121
2022-05-23,29088.2515419638,2123
2022-05-24,29643.6837556984,2117
2022-05-25,29577.259880187,2112
2022-05-26,29332.4860467563,2119
2022-05-27,28612.0413103448,2125
2022-05-28,29045.5206344243,2123
2022-05-29,29294.99,2123
2022-05-30,31735.9549719462,2123
2022-05-31,31831.4095251315,2119
2022-06-01,29825.9221992987,2122
2022-06-02,30504.2679997078,2123
2022-06-03,29662.6709708942,2135
2022-06-04,29792.4076779077,2134
2022-06-05,29915.4093009936,2129
2022-06-06,31333.6770197545,2141
2022-06-07,31175.0324289889,2138
2022-06-08,30228.464698422,2138
2022-06-09,30064.4855289305,2134
2022-06-10,29070.4000300994,2126
2022-06-11,28360.7899231444,2124
2022-06-12,26830.2839456458,2130
2022-06-13,22316.2570400351,2126
2022-06-14,22072.8663085915,2117
2022-06-15,22520.7910087668,2113
2022-06-16,20310.1769848042,2124
2022-06-17,20464.9290873174,2120
2022-06-18,19013.8672536528,2117
2022-06-19,20492.2951683226,2109
2022-06-20,20571.6292247224,2122
2022-06-21,20688.4651312098,2113
2022-06-22,20003.1683375219,2116
2022-06-23,21097.1028331385,2110
2022-06-24,21299.0769853887,2112
2022-06-25,21468.3431566335,2109
2022-06-26,21066.6209430158,2108
2022-06-27,20751.0516960842,2108
2022-06-28,20263.2196393922,2112
2022-06-29,20080.9480864991,2108
2022-06-30,19332.9121294565,2108
2022-07-01,19341.8631240795,2110
2022-07-02,19231.8317083577,2111
2022-07-03,19276.5146639392,2114
2022-07-04,20226.2984745763,2113
2022-07-05,20193.3427938048,2108
2022-07-06,20560.8438126826,2103
2022-07-07,21651.4191423144,2102
2022-07-08,21813.7871239042,2101
2022-07-09,21585.1321922852,2096
2022-07-10,20831.2733915839,2101
2022-07-11,19971.3294704851,2086
2022-07-12,19339.1534734074,2090
2022-07-13,20155.5278386908,2088
2022-07-14,20552.8990289304,2082
2022-07-15,20831.722700526,2073
2022-07-16,21196.5091428989,2071
2022-07-17,21184.32,2069
2022-07-19,23371.2026601403,2063
2022-07-20,23280.9356680304,2059
2022-07-21,23152.4093112215,2053
2022-07-22,22706.0835554646,2053
2022-07-23,22484.4592317358,2054
2022-07-24,22653.3570260082,2054
2022-07-25,21510.1255874342,2049
2022-07-26,21181.6591967855,2050
2022-07-27,22898.4150683226,2047
2022-07-28,23838.5568838691,2051
2022-07-29,23950.7403798948,2050
2022-07-30,23623.4349611338,2047
2022-07-31,23356.1722215079,2041
2022-08-01,23331.4426969608,2042
2022-08-02,23031.4268834015,2039
2022-08-03,23324.0,2043
2022-08-04,22628.3320821157,2044
2022-08-05,23248.9715023378,2052
2022-08-06,22996.2750452952,2054
2022-08-07,23153.6584713618,2051
2022-08-08,23803.6505154296,2050
2022-08-09,23186.2917464641,2051
2022-08-10,23923.0584830508,2047
2022-08-11,23934.4390561075,2048
2022-08-12,24396.3088462887,2050
2022-08-13,24426.2225748101,2051
2022-08-14,24314.2021315021,2054
2022-08-15,24083.9539748685,2053
2022-08-16,23868.8193530099,2051
2022-08-17,23336.3489310345,2049
2022-08-18,23221.1706028638,2053
2022-08-19,20906.7663141438,2052
2022-08-20,21146.6548021625,2050
2022-08-21,21553.9961717125,2052
2022-08-22,21301.0840581531,2053
2022-08-23,21534.5143521333,2057
2022-08-24,21424.9728232028,2060
2022-08-25,21587.8395844535,2060
2022-08-26,20246.1655733489,2063
2022-08-27,20043.9909485681,2061
2022-08-28,19673.5412188778,2059
2022-08-29,20270.960383986,2063
2022-08-30,19825.4632066043,2066
2022-08-31,20024.6716059614,2057
2022-09-01,20105.4626072472,2054
2022-09-02,19948.8567472823,2047
2022-09-03,19803.8332697253,2049
2022-09-04,19961.9118907072,2048
2022-09-05,19797.7967884278,2052
2022-09-06,18846.150537405,2058
2022-09-07,19292.9070745178,2049
2022-09-08,19319.1248512566,2048
2022-09-09,21363.1894485681,2046
2022-09-10,21715.5972516072,2044
2022-09-11,21732.8643576856,2045
2022-09-12,22364.7235803624,2046
2022-09-13,20165.0421607247,2046
2022-09-14,20246.3660424313,2044
2022-09-15,19696.8698661601,2043
2022-09-16,19741.5776168907,2041
2022-09-17,20120.7023459965,2037
2022-09-18,19427.1002626534,2035
2022-09-19,19557.9769582116,2035
2022-09-20,18872.9498667446,2035
2022-09-21,18506.7607481005,2033
2022-09-22,19414.5396449445,2028
2022-09-23,19326.8648199883,2025
2022-09-24,18924.7677872589,2024
2022-09-25,18793.1561531268,2027
2022-09-26,19201.1317209234,2025
2022-09-27,19106.7389135009,2022
2022-09-28,19454.937210111,2026
2022-09-29,19540.8664105786,2025
2022-09-30,19435.1946917008,2025
2022-10-01,19311.861629398,2027
2022-10-02,19015.2928050847,2026
2022-10-03,19633.4325859147,2021
2022-10-04,20339.9712811221,2025
2022-10-05,20155.0996987142,2024
2022-10-06,19950.5477957335,2026
2022-10-07,19539.1439216832,2029
2022-10-08,19416.1772291058,2036
2022-10-09,19428.3671323787,2033
2022-10-10,19154.4042346581,2026
2022-10-11,19039.2820683811,2026
2022-10-12,19156.9115645821,2028
2022-10-13,19387.8336806546,2024
2022-10-14,19177.6941031561,2024
2022-10-15,19069.8749272355,2022
2022-10-16,19261.7497878434,2023
2022-10-17,19557.0218106371,2027
2022-10-18,19341.4075543542,2033
2022-10-19,19132.1544254822,2035
2022-10-20,19033.3760239626,2033
2022-10-21,19174.8763487434,2033
2022-10-22,19207.6285078901,2030
2022-10-23,19565.4123243717,2032
2022-10-24,19341.460210111,2026
2022-10-25,20094.9611215663,2029
2022-10-26,20797.0308258328,2030
2022-10-27,20280.1751280538,2035
2022-10-28,20604.6138535944,2032
2022-10-29,20803.8999205143,2029
2022-10-30,20616.7033766803,2029
2022-10-31,20490.8581808884,2028
2022-11-01,20483.966530976,2027
2022-11-02,20148.2845537697,2024
2022-11-03,20198.1111860316,2018
2022-11-04,21157.2449275278,1999
2022-11-05,21283.4715999416,2000
2022-11-06,20946.8030359439,2001
2022-11-07,20568.5651183518,1998
2022-11-08,18520.971163647,1999
2022-11-09,15758.2912819988,1990
2022-11-10,17541.5602866745,1992
2022-11-11,16916.8506312098,1993
2022-11-12,16771.2426718293,1986
2022-11-13,16320.4983375219,1985
2022-11-14,16629.4784146698,1982
2022-11-15,16855.59378609,1984
2022-11-16,16659.6063345996,1980
2022-11-17,16675.1790204559,1972
2022-11-18,16661.5229576271,1979
2022-11-19,16696.0040581531,1976
2022-11-20,16246.8446992987,1976
2022-11-21,15778.0174047341,1971
2022-11-22,16172.8893445354,1967
2022-11-23,16574.0617299825,1982
2022-11-24,16583.5243445354,1982
2022-11-25,16522.3887767388,1981
2022-11-26,16448.6413077148,1978
2022-11-27,16436.0707688486,1974
2022-11-28,16212.5814161309,1968
2022-11-29,16443.0368199883,1970
2022-11-30,17176.8986914085,1965
2022-12-01,16961.2918042081,1963
2022-12-02,17075.1091370544,1956
2022-12-03,16899.5073831093,1955
2022-12-04,17121.7149824664,1959
2022-12-05,16961.3517866745,1935
2022-12-06,17070.5158281707,1928
2022-12-07,16848.2518243717,1926
2022-12-08,17231.4563223261,1924
2022-12-09,17136.1490008767,1926
2022-12-10,17124.2146797195,1929
2022-12-11,17094.3606592636,1927
2022-12-12,17195.5249962011,1926
2022-12-13,17774.9166320865,1930
2022-12-14,17809.7240835769,1931
2022-12-15,17344.0544569258,1937
2022-12-16,16606.1101750438,1934
2022-12-17,16774.3853702513,1933
2022-12-18,16776.1159254822,1934
2022-12-19,16424.1313857393,1932
2022-12-20,16901.8169362946,1931
2022-12-21,16800.5329707773,1938
2022-12-22,16814.2225791935,1934
2022-12-23,16780.5169798363,1930
2022-12-24,16837.612170076,1929
2022-12-25,16824.8389736996,1929
2022-12-26,16879.9382273524,1931
2022-12-27,16698.9112708942,1928
2022-12-28,16536.2942001753,1934
2022-12-29,16630.5931551724,1929
2022-12-30,16593.6888287551,1930
2022-12-31,16524.2178024547,1926
2023-01-01,16606.7520432496,1923
2023-01-02,16688.7192729398,1922
2023-01-03,16670.0773836937,1923
2023-01-04,16848.3660391584,1922
2023-01-05,16824.8001826417,1926
2023-01-06,16957.8622738165,1930
2023-01-07,16917.49,1931
2023-01-08,17059.2399444769,1931
2023-01-09,17182.3198521333,1927
2023-01-10,17433.9146320865,1932
2023-01-11,17833.7107656341,1931
2023-01-12,18869.7044842198,1933
2023-01-13,19868.7247454705,1926
2023-01-14,21010.9227200468,1928
2023-01-15,20876.0085561075,1929
2023-01-16,21180.4119485681,1936
2023-01-17,21178.2993962595,1936
2023-01-18,20709.6686040327,1934
2023-01-19,21071.8334152542,1936
2023-01-20,22660.7169421391,1933
2023-01-21,22803.172761543,1932
2023-01-22,22716.2771966686,1934
2023-01-23,22929.0248936295,1939
2023-01-24,22611.1268787259,1935
2023-01-25,23109.0845189947,1943
2023-01-26,23008.6894766219,1941
2023-01-27,23070.4964582116,1925
2023-01-28,23008.8094649328,1922
2023-01-29,23774.9963679135,1922
2023-01-30,22799.427261543,1921
2023-01-31,23130.0519132087,1920
2023-02-01,23727.2026075395,1920
2023-02-02,23505.6048430742,1921
2023-02-03,23445.8131773816,1920
2023-02-04,23355.5243863238,1923
2023-02-05,22957.2251905319,1923
2023-02-06,22745.1650371128,1921
2023-02-07,23266.2692036821,1923
2023-02-08,22937.5799453536,1920
2023-02-09,21818.1989456458,1925
2023-02-10,21620.5667837522,1923
2023-02-11,21864.8626414378,1923
2023-02-12,21772.1373252484,1924
2023-02-13,21798.7157168323,1925
2023-02-14,22222.415043834,1927
2023-02-15,24304.6129827586,1923
2023-02-16,23742.4488354763,1921
2023-02-17,24607.3356054939,1922
2023-02-18,24636.5266127995,1922
2023-02-19,24366.9907606663,1920
2023-02-20,24797.8430359439,1917
2023-02-21,24400.3893898305,1920
2023-02-22,24163.7389812975,1915
2023-02-23,23910.0342104033,1914
2023-02-24,23175.8242036821,1916
2023-02-25,23159.8154403857,1915
2023-02-26,23542.0964281122,1920
2023-02-27,23504.1894178843,1917
2023-02-28,23145.9491277031,1897
2023-03-01,23610.6590902981,1898
2023-03-02,23470.0254815897,1897
2023-03-03,22350.0962340736,1892
2023-03-04,22334.2852638808,1892
2023-03-05,22419.8171390999,1893
2023-03-06,22414.7033056692,1894
2023-03-07,22174.6484725307,1901
2023-03-08,21701.3846227352,1906
2023-03-09,20349.8141732905,1901
2023-03-10,19951.37,1898
2023-03-17,27450.6282933957,1909
2023-03-18,26985.7359915254,1910
2023-03-19,28185.2043319696,1912
2023-03-20,27834.3361090006,1915
2023-03-21,28172.7950558153,1910
2023-03-22,27341.5571297487,1910
2023-03-23,28387.8897495617,1913
2023-03-24,27464.1249453536,1902
2023-03-25,27518.62,1901
2023-03-27,27154.9963702513,1906
2023-03-28,27283.9634029807,1907
2023-03-29,28389.2917784921,1906
2023-03-30,28021.5583009936,1907
2023-03-31,28514.6813062537,1905
2023-04-01,28494.5638863238,1904
2023-04-02,28161.9980362361,1905
2023-04-03,27850.9799436002,1907
2023-04-04,28113.9585187025,1905
2023-04-05,28190.3116063705,1900
2023-04-06,28049.0744763296,1909
2023-04-07,27936.8042609585,1902
2023-04-08,27964.0512498539,1902
2023-04-09,28357.8072703098,1903
2023-04-10,29687.5651846873,1904
2023-04-11,30247.0959193454,1899
2023-04-12,29913.0035463472,1901
2023-04-13,30370.82207218,1908
2023-04-14,30458.9700414962,1910
2023-04-15,30342.0591084161,1914
2023-04-16,30312.9308533022,1910
2023-04-17,29469.5050727645,1909
2023-04-18,30366.8723813559,1913
2023-04-19,28796.7440952659,1911
2023-04-20,28251.2763790181,1907
2023-04-21,27292.0211052016,1909
2023-04-22,27827.5475920514,1904
2023-04-23,27604.6855742256,1903
2023-04-24,27520.1996729982,1904
2023-04-25,28302.6942180012,1900
2023-04-26,28384.2340333139,1901
2023-04-27,29465.5514272355,1903
2023-04-28,29350.811886616,1905
2023-04-29,29221.5145075979,1907
2023-04-30,29362.0867974868,1907
2023-05-01,28114.9531873174,1905
2023-05-02,28690.5809959088,1903
2023-05-03,29045.0427735243,1902
2023-05-04,28855.8574465225,1900
2023-05-05,29552.9695236704,1906
2023-05-06,28899.4629602572,1906
2023-05-07,28761.738434249,1906
2023-05-08,27727.2854091175,1911
2023-05-09,27642.4281092928,1912
2023-05-10,27646.004902104,1913
2023-05-11,26986.271065751,1913
2023-05-12,26773.3443591467,1916
2023-05-13,26841.3982913501,1913
2023-05-14,26918.261597896,1911
2023-05-15,27231.6216052016,1923
2023-05-16,27025.7181864407,1920
2023-05-17,27401.0440610754,1915
2023-05-18,26843.2350938048,1922
2023-05-19,26889.503631502,1924
2023-05-20,27100.8582878434,1923
2023-05-21,26777.0977831677,1924
2023-05-22,26858.7370637054,1921
2023-05-23,27226.8558763881,1922
2023-05-24,26341.4306446522,1920
2023-05-25,26484.8359234366,1921
2023-05-26,26720.3838071303,1929
2023-05-27,26854.5403702513,1927
2023-05-28,28097.5211259497,1923
2023-05-29,27765.0728693746,1918
2023-05-30,27712.4915844535,1914
2023-05-31,27217.6832580362,1914
2023-06-01,26825.3713451198,1914
2023-06-02,27255.2279941555,1919
2023-06-03,27079.4084643483,1919
2023-06-04,27158.25456955,1915
2023-06-05,25785.8514842198,1917
2023-06-06,27213.7705187025,1913
2023-06-07,26339.5790292227,1915
2023-06-08,26521.693600526,1911
2023-06-09,26470.6775780245,1912
2023-06-10,25863.2138506721,1909
2023-06-11,25906.8281516657,1911
2023-06-12,25906.7519354179,1908
2023-06-13,25880.8599734074,1911
2023-06-14,25097.5853796026,1913
2023-06-15,25559.1433293396,1904
2023-06-16,26331.8200943892,1904
2023-06-17,26514.1713495032,1907
2023-06-18,26353.962682934,1907
2023-06-19,26778.0634415547,1913
2023-06-20,28305.4204573349,1921
2023-06-21,30099.5153509643,1923
2023-06-22,29952.5112866745,1927
2023-06-23,30638.3537644652,1928
2023-06-24,30549.0162872589,1926
2023-06-25,30467.4403705435,1922
2023-06-26,30255.8861241964,1929
2023-06-27,30656.2,1926
2023-06-28,30104.0432717709,1925
2023-06-29,30460.792978083,1919
2023-06-30,30484.503257744,1919
2023-07-01,30581.6889655172,1928
2023-07-02,30594.2164736996,1931
2023-07-03,31135.3575993571,1932
2023-07-04,30799.9474558738,1931
2023-07-05,30497.8221282876,1931
2023-07-06,29979.7298094681,1925
2023-07-07,30329.8829786674,1928
2023-07-08,30263.6196341321,1926
2023-07-09,30163.2210563998,1923
2023-07-10,30394.6555806546,1923
2023-07-11,30616.247094097,1928
2023-07-12,30385.6087852133,1924
2023-07-13,31434.7354704851,1918
2023-07-14,30310.6720204559,1911
2023-07-15,30290.8905958504,1910
2023-07-16,30249.7729658095,1909
2023-07-17,30143.7462744009,1906
2023-07-18,29835.7474076563,1910
2023-07-19,29913.0294646406,1909
2023-07-20,29805.6065707189,1911
2023-07-21,29919.6934921099,1915
2023-07-22,29726.0096271186,1913
2023-07-23,29882.43,1912
2023-07-26,29361.5917580362,1908
2023-07-27,29201.6865175336,1911
2023-07-28,29316.3130751023,1907
2023-07-29,29360.376179135,1907
2023-07-30,29262.8367337814,1905
2023-07-31,29219.8201887785,1905
2023-08-01,29499.5875385739,1903
2023-08-02,29143.1519620105,1907
2023-08-03,29192.3448617767,1909
2023-08-04,29057.2532437171,1909
2023-08-05,29053.0956975453,1909
2023-08-06,29048.0433275862,1909
2023-08-07,29164.3585873758,1908
2023-08-08,29779.511383986,1908
2023-08-09,29582.9442375804,1909
2023-08-10,29430.1599117475,1910
2023-08-11,29399.784739626,1910
2023-08-12,29415.733902104,1911
2023-08-13,29286.1176110462,1910
2023-08-14,29408.9717127411,1910
2023-08-15,29167.59721654,1911
2023-08-16,28754.2924079486,1909
2023-08-17,26660.5627264757,1908
2023-08-18,26037.3658474576,1901
2023-08-19,26093.981808007,1902
2023-08-20,26176.4721642315,1904
2023-08-21,26128.9050160725,1903
2023-08-22,25978.2096914085,1905
2023-08-23,26452.1935882525,1910
2023-08-24,26126.7943331385,1907
2023-08-25,26040.881255114,1914
2023-08-26,26006.1740800701,1915
2023-08-27,26086.3612594974,1913
2023-08-28,26103.2765730567,1912
2023-08-29,27672.2221306254,1917
2023-08-30,27298.997779661,1917
2023-08-31,25954.8665935126,1914
2023-09-01,25802.7885298071,1906
2023-09-02,25868.2960976037,1906
2023-09-03,25962.5475689655,1905
2023-09-04,25799.5256870251,1906
2023-09-05,25782.3622200468,1906
2023-09-06,25754.7902676797,1905
2023-09-07,26210.6045637054,1904
2023-09-08,25904.6982127411,1907
2023-09-09,25894.6205976037,1902
2023-09-10,25856.26,1903
2023-09-11,25135.0393781414,1903
2023-09-12,25859.7018068381,1904
2023-09-13,26226.8667524839,1903
2023-09-14,26556.056943308,1907
2023-09-15,26672.6160818235,1905
2023-09-16,26555.6361031561,1904
2023-09-17,26502.4321189363,1903
2023-09-18,26474.89,1904
2023-09-19,27215.0504848042,1904
2023-09-20,27133.4037235535,1902
2023-09-21,26571.5952919345,1906
2023-09-22,26581.1476116306,1903
2023-09-23,26575.776386616,1904
2023-09-24,26286.6410488019,1901
2023-09-25,26288.8095005845,1897
2023-09-26,26194.5378880772,1893
2023-09-27,26336.0825973115,1895
2023-09-28,27033.4254415546,1896
2023-09-29,26911.2514739918,1898
2023-09-30,26977.6933126826,1898
2023-10-01,27950.1453594389,1895
2023-10-02,27565.8892954413,1900
2023-10-03,27439.1422393337,1898
2023-10-04,27797.251176505,1898
2023-10-05,27426.3450926359,1901
2023-10-06,27941.9633760959,1903
2023-10-07,27972.7515704266,1905
2023-10-08,27936.3261157218,1905
2023-10-09,27591.3467618352,1903
2023-10-10,27419.7971803039,1902
2023-10-11,26828.1725710111,1900
2023-10-12,26741.3405990649,1896
2023-10-13,26842.4467703098,1895
2023-10-14,26861.9892375804,1895
2023-10-15,27130.3067092344,1896
2023-10-16,28506.7936741671,1902
2023-10-17,28433.2051522501,1903
2023-10-18,28328.0750195792,1909
2023-10-19,28690.358041204,1909
2023-10-20,29704.9853673291,1901
2023-10-21,29922.5464044418,1902
2023-10-22,29984.1593196961,1899
2023-10-23,32954.1690482174,1903
2023-10-24,33880.9566537113,1913
2023-10-25,34488.6589210988,1907
2023-10-26,34181.4922521917,1914
2023-10-27,33896.938528346,1909
2023-10-28,34091.5890327294,1907
2023-10-29,34574.3377206312,1907
2023-10-30,34495.1050207481,1907
2023-10-31,34636.4264736996,1904
2023-11-01,35431.9794532437,1909
2023-11-02,34882.9173366452,1912
2023-11-03,34708.2218804792,1914
2023-11-04,35091.0763062537,1913
2023-11-05,35105.0420265926,1912
2023-11-06,35017.7151484512,1913
2023-11-07,35418.4768901227,1906
2023-11-08,35797.8946090006,1909
2023-11-09,36675.3264333723,1904
2023-11-10,37367.4943722969,1900
2023-11-11,36979.9312405026,1900
2023-11-12,37053.3410514319,1899
2023-11-13,36543.2680870836,1897
2023-11-14,35590.6835645821,1900
2023-11-15,37840.5534894798,1901
2023-11-16,36160.4044509059,1895
2023-11-17,36569.7120534775,1901
2023-11-18,36577.4249617183,1900
2023-11-19,37442.7285119813,1903
2023-11-20,37516.0503708358,1902
2023-11-21,36035.0330862069,1902
2023-11-22,37403.0347168323,1908
2023-11-23,37311.7192156634,1910
2023-11-24,37718.7841630625,1919
2023-11-25,37800.1260932203,1917
2023-11-26,37482.7055260082,1917
2023-11-27,37229.2452197545,1917
2023-11-28,37828.4655911748,1921
2023-11-29,37846.8531227352,1921
2023-11-30,37712.7114789597,1923
2023-12-01,38703.5536820573,1923
2023-12-03,39978.2226104617,1926
2023-12-04,41910.2994815897,1925
2023-12-05,44067.0054763296,1924
2023-12-07,43282.6182261835,1923
2023-12-09,43740.0063927528,1918
