d,price_usd,address_10k
2018-01-01,13464.6536116306,115
2018-01-02,14754.322204851,115
2018-01-03,15010.2861595558,114
2018-01-04,15070.3007986558,113
2018-01-05,16997.2274079486,113
2018-01-06,17103.589279661,112
2018-01-07,16231.6949994155,113
2018-01-08,14937.4150894214,113
2018-01-09,14378.5862174167,111
2018-01-10,14669.0882656341,112
2018-01-11,13186.7549427236,112
2018-01-12,13789.4436639392,112
2018-01-13,14231.2250645821,112
2018-01-14,13681.0654611338,112
2018-01-15,13591.6961966686,112
2018-01-16,11431.0401052016,112
2018-01-17,11159.6085905903,112
2018-01-18,11246.0397302747,111
2018-01-19,11440.2555616598,112
2018-01-20,12768.4045856224,111
2018-01-21,11422.3942589129,112
2018-01-22,10737.3505774401,111
2018-01-23,10849.3918793103,111
2018-01-24,11225.8961747516,112
2018-01-25,11130.4649473992,112
2018-01-26,11035.5546098773,113
2018-01-27,11320.9701852718,114
2018-01-28,11615.95871128,112
2018-01-29,11132.5543138515,112
2018-01-30,9959.5467153711,112
2018-01-31,10050.0957971946,112
2018-02-01,9039.8650751023,110
2018-02-02,8786.0773798948,110
2018-02-03,9132.1003223261,110
2018-02-04,8250.5268959673,110
2018-02-05,6849.542559322,111
2018-02-06,7738.6439596727,111
2018-02-07,7624.5953895383,114
2018-02-08,8218.580851841,114
2018-02-09,8660.4534678551,113
2018-02-10,8530.2928047925,112
2018-02-11,8096.7284812975,111
2018-02-12,8907.670179135,111
2018-02-13,8523.9669319112,110
2018-02-14,9467.3010327294,111
2018-02-15,10106.7330835769,110
2018-02-16,10189.3164833431,110
2018-02-17,11085.5984143776,110
2018-02-18,10452.0919772063,111
2018-02-19,11139.3557305669,112
2018-02-20,11245.9323179427,112
2018-02-21,10458.8650888369,111
2018-02-22,9878.1589427236,112
2018-02-23,10159.0656125073,115
2018-02-24,9686.6017799533,112
2018-02-25,9603.2274774985,112
2018-02-26,10312.3657130333,114
2018-02-27,10654.1072948568,114
2018-02-28,10307.0249663939,114
2018-03-01,10923.6308617767,113
2018-03-02,11014.0584672706,113
2018-03-03,11425.6805654588,113
2018-03-04,11462.5831975453,113
2018-03-05,11540.6623205728,112
2018-03-06,10677.0352308591,112
2018-03-07,9903.0850490941,112
2018-03-08,9330.4754529515,113
2018-03-09,9278.1391843951,113
2018-03-10,8786.5604231444,113
2018-03-11,9513.5353997662,113
2018-03-12,9147.8901805962,113
2018-03-13,9160.5429327878,113
2018-03-14,8222.1272390415,113
2018-03-15,8268.589122443,113
2018-03-16,8376.9044982466,115
2018-03-17,7881.6619205143,115
2018-03-18,8189.0167191701,115
2018-03-19,8537.0156233197,115
2018-03-20,8895.547179135,115
2018-03-21,8879.5942565751,115
2018-03-22,8710.6649351257,115
2018-03-23,8771.746323495,115
2018-03-24,8610.9885163647,115
2018-03-25,8440.6109225599,115
2018-03-26,8171.1843544711,115
2018-03-27,7837.2653194039,115
2018-03-28,7933.6427296902,115
2018-03-29,7108.5708132671,115
2018-03-30,6832.1490663355,115
2018-03-31,6922.2812969024,115
2018-04-01,6804.5248793104,115
2018-04-02,7033.259609585,115
2018-04-03,7420.800515488,116
2018-04-04,6780.5436014027,115
2018-04-05,6798.4226165985,116
2018-04-06,6610.4923497954,116
2018-04-07,6886.4694719462,116
2018-04-08,7009.996104325,116
2018-04-09,6736.8928237873,115
2018-04-10,6816.7186154296,115
2018-04-11,6944.7858571011,116
2018-04-12,7904.3302752776,116
2018-04-13,7919.064694623,116
2018-04-14,8006.417943308,116
2018-04-15,8342.2711014027,116
2018-04-16,8046.9821335476,116
2018-04-17,7887.7379579194,116
2018-04-18,8162.8348617767,116
2018-04-19,8272.9673158971,114
2018-04-20,8839.5011320865,114
2018-04-21,8863.5408290473,114
2018-04-22,8800.9590870836,114
2018-04-23,8930.7846335476,114
2018-04-24,9652.2137887201,113
2018-04-25,8855.5089365868,113
2018-04-26,9264.7274269433,114
2018-04-27,8981.3307901812,114
2018-04-28,9341.8246846873,112
2018-04-29,9396.9976297487,112
2018-04-30,9228.7264836353,112
2018-05-01,9072.1687574518,112
2018-05-02,9204.1276405611,112
2018-05-03,9750.7001464056,112
2018-05-04,9696.6429099942,112
2018-05-05,9795.9257720631,112
2018-05-06,9595.0868194039,112
2018-05-07,9339.5108471654,112
2018-05-08,9212.3696347165,111
2018-05-09,9293.0422735243,111
2018-05-10,9037.530509059,111
2018-05-11,8419.7585873758,111
2018-05-12,8485.775266803,111
2018-05-13,8695.8330938048,111
2018-05-14,8671.0741747516,112
2018-05-15,8488.463421391,112
2018-05-16,8327.7562013442,112
2018-05-17,8050.5162393337,112
2018-05-18,8233.0864552893,113
2018-05-19,8229.4829357101,113
2018-05-20,8511.4488302163,113
2018-05-21,8398.6231265342,113
2018-05-22,8007.526532145,114
2018-05-23,7520.867679135,114
2018-05-24,7575.6244859731,114
2018-05-25,7425.3756744594,115
2018-05-26,7326.3031864407,115
2018-05-27,7338.1930444185,115
2018-05-28,7110.8238816482,115
2018-05-29,7453.6337250146,115
2018-05-30,7374.6690490941,115
2018-05-31,7478.7418670368,115
2018-06-01,7519.8357372881,115
2018-06-02,7637.4482530684,115
2018-06-03,7702.1579330801,115
2018-06-04,7486.6531995909,115
2018-06-05,7611.1498527177,115
2018-06-06,7650.7758071303,116
2018-06-07,7665.9478962595,116
2018-06-08,7622.6023302163,116
2018-06-09,7556.1716978375,116
2018-06-10,6744.7358009936,115
2018-06-11,6849.4526873174,116
2018-06-12,6526.6996800117,115
2018-06-13,6306.5131680304,115
2018-06-14,6629.7701241964,115
2018-06-15,6399.6740464641,115
2018-06-16,6495.3153091759,115
2018-06-17,6450.6939728229,116
2018-06-18,6703.8125897136,116
2018-06-19,6732.5088091759,116
2018-06-20,6753.2068258329,116
2018-06-21,6720.3732343659,116
2018-06-22,6059.5758591467,116
2018-06-23,6174.2257793688,116
2018-06-24,6146.4871949153,116
2018-06-25,6243.5354409702,116
2018-06-26,6096.1287662186,116
2018-06-27,6139.1896832262,117
2018-06-28,5858.6357781999,117
2018-06-29,6220.9137150789,117
2018-06-30,6375.5412314436,118
2018-07-01,6361.4025388662,117
2018-07-02,6608.367157218,117
2018-07-03,6498.3078591467,117
2018-07-04,6579.3333763881,118
2018-07-05,6535.2984026885,118
2018-07-06,6598.4590958504,117
2018-07-07,6737.8560803624,117
2018-07-08,6704.9199801286,116
2018-07-09,6664.0240935126,117
2018-07-10,6309.0840040912,117
2018-07-11,6377.9765113968,117
2018-07-12,6159.4666762127,117
2018-07-13,6208.9855718878,117
2018-07-14,6255.1124786674,117
2018-07-15,6347.6042738165,117
2018-07-16,6710.8074374635,117
2018-07-17,7320.5948278784,117
2018-07-18,7376.0383392753,118
2018-07-19,7467.0342980713,118
2018-07-20,7327.256682934,118
2018-07-21,7410.5656203974,118
2018-07-22,7399.4837469316,118
2018-07-23,7716.1586274109,118
2018-07-24,8397.6165216248,117
2018-07-25,8202.7203953828,117
2018-07-26,7913.9307781999,117
2018-07-27,8173.7746113384,118
2018-07-28,8190.360056692,118
2018-07-29,8229.6058386908,120
2018-07-30,8171.839519287,119
2018-07-31,7725.1330359439,119
2018-08-01,7596.6980119813,120
2018-08-02,7542.6946618936,120
2018-08-03,7411.3442501461,120
2018-08-04,7002.2086528346,118
2018-08-05,7031.5877510228,119
2018-08-06,6929.9908942139,119
2018-08-07,6722.5784327878,119
2018-08-08,6267.3886735827,117
2018-08-09,6558.0969079486,119
2018-08-10,6135.7518585622,118
2018-08-11,6313.749311806,119
2018-08-12,6314.6916557569,120
2018-08-13,6265.848043834,120
2018-08-14,6184.8290856224,122
2018-08-15,6270.2147986558,124
2018-08-16,6290.7504552893,124
2018-08-17,6563.0782887201,123
2018-08-18,6399.2874468147,123
2018-08-19,6490.7161271187,123
2018-08-20,6272.9527288136,122
2018-08-21,6473.0760394506,123
2018-08-22,6365.0098316774,122
2018-08-23,6516.4090254237,123
2018-08-24,6697.7318787259,123
2018-08-25,6745.4389392168,123
2018-08-26,6689.8693331385,123
2018-08-27,6839.158952367,123
2018-08-28,7092.9738082992,123
2018-08-29,7033.4280680888,123
2018-08-30,6966.9637437171,123
2018-08-31,7025.1407802455,123
2018-09-01,7192.3525473407,123
2018-09-02,7286.6677910579,123
2018-09-03,7257.47021391,123
2018-09-04,7358.8114789597,123
2018-09-05,6790.8973284629,123
2018-09-06,6488.075936879,123
2018-09-07,6408.653622443,123
2018-09-08,6187.7905023378,123
2018-09-09,6249.2463103448,123
2018-09-10,6295.3886025716,123
2018-09-11,6278.4246396844,123
2018-09-12,6327.5363632379,123
2018-09-13,6490.9123164816,124
2018-09-14,6494.6954789597,124
2018-09-15,6524.1656674459,124
2018-09-16,6497.4047013442,124
2018-09-17,6258.5948749269,124
2018-09-18,6340.3477901812,124
2018-09-19,6383.9518758036,124
2018-09-20,6498.6071110462,124
2018-09-21,6741.1428988895,125
2018-09-22,6705.4760511397,126
2018-09-23,6703.1368495032,126
2018-09-24,6576.5450032145,126
2018-09-25,6416.4440216248,126
2018-09-26,6463.2504035652,126
2018-09-27,6677.9004886032,126
2018-09-28,6623.126159848,125
2018-09-29,6584.4991475745,125
2018-09-30,6604.485028346,125
2018-10-01,6561.8138322618,125
2018-10-02,6508.7209386324,125
2018-10-03,6464.4568436587,125
2018-10-04,6545.2856677382,125
2018-10-05,6585.1495797779,125
2018-10-06,6550.4783158971,125
2018-10-07,6564.5682600818,125
2018-10-08,6604.6852741087,126
2018-10-09,6590.4286221508,126
2018-10-10,6529.1024360023,126
2018-10-11,6159.2516426067,126
2018-10-12,6191.6772232613,126
2018-10-13,6197.6856963764,126
2018-10-14,6182.8793442431,126
2018-10-15,6442.7154140853,124
2018-10-16,6461.9371592636,124
2018-10-17,6442.7307001753,124
2018-10-18,6396.4798120982,126
2018-10-19,6383.077840152,126
2018-10-20,6408.2527463472,126
2018-10-21,6415.3405029223,126
2018-10-22,6408.0336355932,125
2018-10-23,6395.9876668615,124
2018-10-24,6413.8036411455,124
2018-10-25,6402.3248591467,124
2018-10-26,6404.1085523086,124
2018-10-27,6409.4053275862,124
2018-10-28,6406.6332530684,124
2018-10-29,6263.0417346581,124
2018-10-30,6272.1677282291,124
2018-10-31,6306.3169313267,123
2018-11-01,6342.9775005845,123
2018-11-02,6348.1685827002,123
2018-11-03,6332.4341329632,123
2018-11-04,6420.4220002922,123
2018-11-05,6402.9468389831,123
2018-11-06,6441.1452188779,123
2018-11-07,6500.8698050848,123
2018-11-08,6406.7529374635,123
2018-11-09,6331.3787670953,123
2018-11-10,6353.1127340736,123
2018-11-11,6335.4142039743,123
2018-11-12,6320.6560537697,123
2018-11-13,6267.9379912332,123
2018-11-14,5574.2583489188,122
2018-11-15,5538.5606078317,123
2018-11-16,5496.0162311514,122
2018-11-17,5501.0923404442,122
2018-11-18,5555.3763383986,122
2018-11-19,4792.2000236704,123
2018-11-20,4317.530670076,124
2018-11-21,4549.3220099357,124
2018-11-22,4303.6155485096,124
2018-11-23,4289.8928533022,124
2018-11-24,3806.3169248977,124
2018-11-25,3946.8508743425,124
2018-11-26,3700.2859926943,123
2018-11-27,3776.5559053185,123
2018-11-28,4208.4752691409,123
2018-11-29,4239.0394883109,125
2018-11-30,3973.3340523086,118
2018-12-01,4148.0737255991,116
2018-12-02,4098.7467638808,116
2018-12-03,3843.9766659848,114
2018-12-04,3892.9516469901,108
2018-12-05,3709.52085827,102
2018-12-06,3511.9689815897,97
2018-12-07,3372.9956925774,97
2018-12-08,3407.951194623,97
2018-12-09,3540.439575979,97
2018-12-10,3413.5925841613,97
2018-12-11,3352.5642001753,97
2018-12-12,3423.0129178843,97
2018-12-13,3260.341582408,97
2018-12-14,3198.9474736996,96
2018-12-15,3185.074043834,96
2018-12-16,3195.4145552309,96
2018-12-17,3499.1564818819,96
2018-12-18,3659.5273793104,96
2018-12-19,3697.7253033314,96
2018-12-20,4067.7377077732,97
2018-12-21,3839.0851084161,97
2018-12-22,3964.9461163063,97
2018-12-23,3942.6669959088,97
2018-12-24,4040.0457895967,97
2018-12-25,3761.5840108124,97
2018-12-26,3807.6574535359,97
2018-12-27,3585.4605359439,97
2018-12-28,3881.0548848627,98
2018-12-29,3823.1383261251,98
2018-12-30,3825.4074628872,99
2018-12-31,3687.1999400935,98
2019-01-01,3808.1178316774,98
2019-01-02,3898.1974880187,98
2019-01-03,3784.3886347165,98
2019-01-04,3827.5245943893,98
2019-01-05,3798.6139549971,98
2019-01-06,4045.9937749854,98
2019-01-07,4001.0182781999,97
2019-01-08,3992.6227893045,97
2019-01-09,4004.2590356517,97
2019-01-10,3627.9034500292,98
2019-01-11,3624.1614210988,97
2019-01-12,3617.0220783168,97
2019-01-13,3508.6701081239,97
2019-01-14,3666.9451937464,98
2019-01-15,3581.293015488,98
2019-01-16,3606.9865756867,98
2019-01-17,3640.1291306254,98
2019-01-18,3609.4267361192,98
2019-01-19,3687.3019611338,98
2019-01-20,3538.313722969,98
2019-01-21,3535.623393045,98
2019-01-22,3577.3083497954,98
2019-01-23,3551.8938211572,98
2019-01-24,3567.5889336645,98
2019-01-25,3561.3504979544,98
2019-01-26,3557.0399152542,98
2019-01-27,3537.6141306254,99
2019-01-28,3435.0525140269,99
2019-01-29,3395.8237632963,99
2019-01-30,3437.8958661601,99
2019-01-31,3410.131616014,99
2019-02-01,3445.0498912916,102
2019-02-02,3461.9351174752,102
2019-02-03,3413.0216163063,102
2019-02-04,3411.3879617183,102
2019-02-05,3426.4650113968,102
2019-02-06,3367.5063649912,103
2019-02-07,3358.8735990649,103
2019-02-08,3612.4796192285,104
2019-02-09,3621.2681209819,104
2019-02-10,3642.0223591467,104
2019-02-11,3590.6184836353,104
2019-02-12,3587.9024658095,103
2019-02-13,3576.0853725891,104
2019-02-14,3561.9163834015,105
2019-02-15,3565.0069237288,105
2019-02-16,3584.73600263,105
2019-02-17,3622.7574289889,105
2019-02-18,3866.1292171245,105
2019-02-19,3895.4352109877,105
2019-02-20,3931.6138290473,104
2019-02-21,3892.2617942724,104
2019-02-22,3948.3005105202,105
2019-02-23,4110.1511212741,104
2019-02-24,3754.183789889,105
2019-02-25,3822.0186966686,106
2019-02-26,3796.1750683811,106
2019-02-27,3799.3819924021,106
2019-02-28,3792.947722969,105
2019-03-01,3810.6326925774,104
2019-03-02,3809.6433909994,105
2019-03-03,3782.3818702513,105
2019-03-04,3698.1618550555,105
2019-03-05,3840.1280490941,105
2019-03-06,3851.9984254822,105
2019-03-07,3855.9231683226,105
2019-03-08,3839.233552893,105
2019-03-09,3910.3611665693,105
2019-03-10,3903.9119509059,105
2019-03-11,3851.5689216832,105
2019-03-12,3858.9148237873,105
2019-03-13,3851.9574663939,106
2019-03-14,3853.7832650497,105
2019-03-15,3901.9142068966,105
2019-03-16,3989.7960768556,105
2019-03-17,3967.1434944477,105
2019-03-18,3969.4401458212,105
2019-03-19,3996.1679035652,105
2019-03-20,4030.6552758621,104
2019-03-21,3976.2738500877,105
2019-03-22,3983.8876458212,106
2019-03-23,3981.7760330216,106
2019-03-24,3970.6669880187,106
2019-03-25,3908.2388386908,106
2019-03-26,3917.763402104,106
2019-03-27,4027.0079178843,107
2019-03-28,4010.9374620105,106
2019-03-29,4089.4610400351,106
2019-03-30,4091.8910383402,106
2019-03-31,4094.3178147282,106
2019-04-01,4138.4178077148,106
2019-04-02,4903.719462069,106
2019-04-03,4960.2276027469,107
2019-04-04,4911.2697024547,106
2019-04-05,5033.2254836938,106
2019-04-06,5044.3568459381,106
2019-04-07,5189.1119555815,106
2019-04-08,5283.4230248393,106
2019-04-09,5195.5779088253,106
2019-04-10,5311.7416032729,105
2019-04-11,5050.6660085915,104
2019-04-12,5082.8614320281,105
2019-04-13,5074.7906925774,105
2019-04-14,5156.8040406195,105
2019-04-15,5042.897738457,105
2019-04-16,5205.9629574518,104
2019-04-17,5226.3522151958,105
2019-04-18,5278.5023395675,105
2019-04-19,5289.9512191116,105
2019-04-20,5313.9732621274,105
2019-04-21,5295.7338281707,105
2019-04-22,5383.7999753361,105
2019-04-23,5544.8627118644,105
2019-04-24,5431.9479196376,102
2019-04-25,5127.6731673875,102
2019-04-26,5150.1646606663,102
2019-04-27,5181.807763647,103
2019-04-28,5148.6696154296,103
2019-04-29,5148.8004932788,102
2019-04-30,5266.6182025132,102
2019-05-01,5315.1753290473,103
2019-05-02,5393.1293763881,103
2019-05-03,5658.4303883694,104
2019-05-04,5774.7124286967,104
2019-05-05,5728.3517022209,104
2019-05-06,5691.6883740503,103
2019-05-07,5825.744893045,104
2019-05-08,5931.8005949737,105
2019-05-09,6150.1404447691,107
2019-05-10,6357.463493571,108
2019-05-11,7325.0828603156,108
2019-05-12,6942.6231745178,106
2019-05-13,7798.9057360023,106
2019-05-14,7955.5576823495,106
2019-05-15,8215.2068383986,107
2019-05-16,7862.0716023378,107
2019-05-17,7326.9206818819,108
2019-05-18,7277.9875634132,109
2019-05-19,8219.7427869667,110
2019-05-20,7981.1393789597,110
2019-05-21,7983.8084773817,110
2019-05-22,7667.9021148451,110
2019-05-23,7897.4712936879,110
2019-05-24,7987.1003676213,110
2019-05-25,8061.5917607247,110
2019-05-26,8731.5249558738,109
2019-05-27,8816.7867083577,109
2019-05-28,8719.1258483343,110
2019-05-29,8655.4885061368,110
2019-05-30,8271.6219631794,111
2019-05-31,8556.222185564,112
2019-06-01,8554.8073296318,112
2019-06-02,8744.3537454705,112
2019-06-03,8173.4012705435,112
2019-06-04,7649.9393319696,114
2019-06-05,7798.5444663939,113
2019-06-06,7776.7133261251,114
2019-06-07,8023.950093045,113
2019-06-08,7939.8051548802,113
2019-06-09,7634.0657507306,113
2019-06-10,7993.3025385739,113
2019-06-11,7922.4836271186,113
2019-06-12,8146.7561250731,113
2019-06-13,8232.7773413793,112
2019-06-14,8698.0048150205,112
2019-06-15,8850.584816014,110
2019-06-16,9019.5170067212,110
2019-06-17,9340.5721887785,111
2019-06-18,9047.1327444769,111
2019-06-19,9285.0556765634,112
2019-06-20,9546.7197781999,112
2019-06-21,10083.4863136762,114
2019-06-22,10685.2952327878,115
2019-06-23,10794.4276963764,117
2019-06-24,11004.2069094681,118
2019-06-25,11726.2638308007,117
2019-06-26,12863.4606849795,120
2019-06-27,11109.7978418469,120
2019-06-28,12358.2079582116,118
2019-06-29,11944.3515473407,118
2019-06-30,10842.6167109877,118
2019-07-01,10569.5517282291,118
2019-07-02,10766.0833162186,118
2019-07-03,11952.0248935126,118
2019-07-04,11177.0103787551,117
2019-07-05,10998.3991004676,118
2019-07-06,11208.225600526,118
2019-07-07,11456.1836039158,118
2019-07-08,12319.6228758036,119
2019-07-09,12579.107616014,119
2019-07-10,12106.7829313267,117
2019-07-11,11294.678028346,118
2019-07-12,11813.3237158971,117
2019-07-13,11346.837148159,117
2019-07-14,10283.0757891292,116
2019-07-15,10926.3802741087,116
2019-07-16,9471.1408647575,118
2019-07-17,9674.8824611338,117
2019-07-18,10679.8906896552,117
2019-07-19,10532.2027291058,116
2019-07-20,10862.6485479252,116
2019-07-21,10589.7064907656,116
2019-07-22,10318.5609251899,116
2019-07-23,9866.6489403857,116
2019-07-24,9792.7875365284,115
2019-07-25,9897.1867860316,115
2019-07-26,9836.6967881356,115
2019-07-27,9446.6720520748,115
2019-07-28,9529.7887919345,115
2019-07-29,9504.1589159556,111
2019-07-30,9589.1092060199,110
2019-07-31,10059.0040189947,110
2019-08-01,10400.3070143776,110
2019-08-02,10529.6944544126,110
2019-08-03,10810.4216686148,110
2019-08-04,10986.5089291058,110
2019-08-05,11790.0239375804,108
2019-08-06,11423.4970017534,108
2019-08-07,11967.2735473407,108
2019-08-08,11938.2346108708,108
2019-08-09,11858.3410984804,108
2019-08-10,11303.7305618936,108
2019-08-11,11530.195242256,109
2019-08-12,11384.6962465809,108
2019-08-13,10867.05475827,109
2019-08-14,10024.3795917008,107
2019-08-15,10310.0858696669,107
2019-08-16,10373.3219028054,106
2019-08-17,10207.1555616598,106
2019-08-18,10331.3099760374,106
2019-08-19,10884.6297744009,106
2019-08-20,10771.3923793688,106
2019-08-21,10096.8302238457,107
2019-08-22,10119.7145248393,107
2019-08-23,10414.1441725891,108
2019-08-24,10147.0871548802,108
2019-08-25,10100.3567783752,108
2019-08-26,10362.6434723553,109
2019-08-27,10168.221571654,109
2019-08-28,9724.799978083,109
2019-08-29,9482.3117349503,109
2019-08-30,9577.678823495,110
2019-08-31,9605.0244614261,110
2019-09-01,9762.9365568966,110
2019-09-02,10377.3383845704,110
2019-09-03,10618.7815058445,110
2019-09-04,10577.2410839275,110
2019-09-05,10580.1846995909,110
2019-09-06,10330.8497312098,107
2019-09-07,10494.5069649328,107
2019-09-08,10407.2656573933,107
2019-09-09,10332.4644424313,105
2019-09-10,10085.9519243133,105
2019-09-11,10142.1480603741,106
2019-09-12,10403.3599707773,107
2019-09-13,10345.3387469316,107
2019-09-14,10363.4528963179,107
2019-09-15,10306.1696674459,107
2019-09-16,10257.822761543,107
2019-09-17,10195.6111811806,107
2019-09-18,10161.3188664524,107
2019-09-19,10268.3926291642,107
2019-09-20,10170.1251161309,106
2019-09-21,9986.4061081239,106
2019-09-22,10047.0134748685,106
2019-09-23,9692.7410479252,106
2019-09-24,8613.6712485097,108
2019-09-25,8424.1576464056,108
2019-09-26,8091.6952992402,108
2019-09-27,8186.7796392753,108
2019-09-28,8201.9790134424,108
2019-09-29,8064.5080623612,108
2019-09-30,8282.3654541204,108
2019-10-01,8314.5513901227,108
2019-10-02,8362.5307323203,107
2019-10-03,8254.3399102864,107
2019-10-04,8165.6861512566,108
2019-10-05,8141.6337137931,108
2019-10-06,7854.6098129749,108
2019-10-07,8226.0234292811,108
2019-10-08,8190.1151207481,108
2019-10-09,8598.3319207481,108
2019-10-10,8578.0903793103,109
2019-10-11,8289.8540289305,109
2019-10-12,8323.7501440678,110
2019-10-13,8291.2506514319,110
2019-10-14,8346.3684365868,110
2019-10-15,8160.7126275278,110
2019-10-16,8003.8559231444,110
2019-10-17,8072.4893822911,110
2019-10-18,7959.331993571,110
2019-10-19,7948.4773372297,110
2019-10-20,8213.7090392753,110
2019-10-21,8211.6545587376,109
2019-10-22,8029.2053728814,108
2019-10-23,7458.0358568089,108
2019-10-24,7454.3711381648,109
2019-10-25,8656.655177557,108
2019-10-26,9249.6467609585,108
2019-10-27,9558.1560440094,108
2019-10-28,9319.1781416715,109
2019-10-29,9431.2071239042,109
2019-10-30,9182.8550651666,109
2019-10-31,9155.2772987727,109
2019-11-01,9251.3812934541,106
2019-11-02,9300.1908375219,107
2019-11-03,9209.6386960842,107
2019-11-04,9418.3601306254,107
2019-11-05,9330.787222969,110
2019-11-06,9354.9333822911,110
2019-11-07,9210.7482223846,110
2019-11-08,8791.3339349503,110
2019-11-09,8810.7845619521,110
2019-11-10,9042.8907232028,111
2019-11-11,8713.2079295734,111
2019-11-12,8788.9581429573,111
2019-11-13,8766.7294305085,111
2019-11-14,8645.4358036236,110
2019-11-15,8465.8778885447,110
2019-11-16,8477.6902428404,110
2019-11-17,8505.1612232613,110
2019-11-18,8183.5334135009,109
2019-11-19,8116.8206725891,109
2019-11-20,8076.5546600818,109
2019-11-21,7612.2774880187,109
2019-11-22,7277.524273232,110
2019-11-23,7324.8361785506,108
2019-11-24,6943.3806560491,109
2019-11-25,7139.0446859731,110
2019-11-26,7165.4377302747,109
2019-11-27,7526.86381654,110
2019-11-28,7436.3363817066,110
2019-11-29,7747.7380420807,111
2019-11-30,7556.1937212157,110
2019-12-01,7417.7272060199,110
2019-12-02,7318.3125218001,108
2019-12-03,7306.4462333139,108
2019-12-04,7215.0203448276,107
2019-12-05,7404.0867949737,107
2019-12-06,7534.2083559322,107
2019-12-07,7512.06140263,107
2019-12-08,7528.9402694331,107
2019-12-09,7340.2274590883,107
2019-12-10,7232.0917837522,107
2019-12-11,7200.4644459965,107
2019-12-12,7192.8490242548,106
2019-12-13,7244.9037200468,106
2019-12-14,7071.1070902981,106
2019-12-15,7111.2866699591,106
2019-12-16,6882.3957953244,106
2019-12-17,6608.9619798364,106
2019-12-18,7284.6254836353,106
2019-12-19,7146.1676376388,107
2019-12-20,7184.2191720631,108
2019-12-21,7140.29801128,107
2019-12-22,7479.4024078901,108
2019-12-23,7321.7487238457,108
2019-12-24,7235.6290838106,108
2019-12-25,7191.1741656926,109
2019-12-26,7194.6397583285,109
2019-12-27,7237.1504472823,108
2019-12-28,7306.6433082992,108
2019-12-29,7391.578521391,108
2019-12-30,7229.3971006429,109
2019-12-31,7167.3950546464,109
2020-01-01,7170.6318687902,109
2020-01-02,6946.8252691409,108
2020-01-03,7315.3093603156,108
2020-01-04,7343.1641943893,107
2020-01-05,7345.5306918177,107
2020-01-06,7765.7977346581,107
2020-01-07,8136.0868419053,107
2020-01-08,8059.699528872,107
2020-01-09,7817.1360932203,107
2020-01-10,8129.8179199299,106
2020-01-11,8032.0054950322,106
2020-01-12,8164.5499931619,106
2020-01-13,8121.9256676213,105
2020-01-14,8830.1678734658,106
2020-01-15,8811.4482025132,106
2020-01-16,8718.6869980129,106
2020-01-17,8912.5419041496,106
2020-01-18,8928.1807565751,106
2020-01-19,8687.3548366452,106
2020-01-20,8636.2587862069,106
2020-01-21,8730.8675601987,106
2020-01-22,8647.9004739918,106
2020-01-23,8366.3846139684,106
2020-01-24,8423.3909581531,106
2020-01-25,8344.7745689655,106
2020-01-26,8573.874809585,106
2020-01-27,8901.9592848627,106
2020-01-28,9297.3883176505,106
2020-01-29,9311.9475435418,106
2020-01-30,9508.9209649328,106
2020-01-31,9357.284782408,106
2020-02-01,9381.8860286382,106
2020-02-02,9339.387063121,106
2020-02-03,9279.8125205143,105
2020-02-04,9161.6271977206,105
2020-02-05,9628.1367758621,105
2020-02-06,9739.2804364699,105
2020-02-07,9800.2793998247,107
2020-02-08,9911.2934084161,106
2020-02-09,10151.0832026885,106
2020-02-10,9872.3618730567,106
2020-02-11,10272.2225558738,105
2020-02-12,10360.1352229106,105
2020-02-13,10235.4973226184,105
2020-02-14,10361.6156901812,107
2020-02-15,9911.7243270018,106
2020-02-16,9952.0466115722,105
2020-02-17,9683.0796277031,105
2020-02-18,10195.3037904734,106
2020-02-19,9636.0022986558,105
2020-02-20,9614.030122443,106
2020-02-21,9701.7975026885,105
2020-02-22,9675.2490575687,105
2020-02-23,9972.8424230859,105
2020-02-24,9648.0078831093,105
2020-02-25,9344.2871400935,105
2020-02-26,8798.8889485681,105
2020-02-27,8779.0294818819,105
2020-02-28,8750.5934459965,105
2020-02-29,8582.0902996493,105
2020-03-01,8541.7738939217,105
2020-03-02,8906.2147564582,106
2020-03-03,8768.8106142022,106
2020-03-04,8756.36957218,106
2020-03-05,9062.6158027469,106
2020-03-06,9147.0850589714,106
2020-03-07,8898.3069567504,107
2020-03-08,8109.6145411455,107
2020-03-09,7896.3853198714,108
2020-03-10,7909.927875453,108
2020-03-11,7939.341334775,107
2020-03-12,4959.3134143776,107
2020-03-13,5627.6923883694,108
2020-03-14,5145.172506429,109
2020-03-15,5358.6106633548,107
2020-03-16,5012.9273877849,105
2020-03-17,5416.7547106955,106
2020-03-18,5392.4878359439,105
2020-03-19,6203.5516320865,106
2020-03-20,6174.1494760374,108
2020-03-21,6175.8310222092,110
2020-03-22,5830.5609796026,110
2020-03-23,6486.4086573349,110
2020-03-24,6775.0576189363,110
2020-03-25,6689.969012858,111
2020-03-26,6754.4603360608,112
2020-03-27,6490.7954150205,110
2020-03-28,6231.8198902396,109
2020-03-29,5904.8575867914,109
2020-03-30,6436.9057001753,110
2020-03-31,6432.3832421391,110
2020-04-01,6643.1100087084,110
2020-04-02,6792.7422220923,110
2020-04-03,6751.9025517826,111
2020-04-04,6859.9891686733,111
2020-04-05,6790.8124726476,111
2020-04-06,7298.1737451783,109
2020-04-07,7187.5933366452,109
2020-04-08,7372.1947639977,109
2020-04-09,7299.5791879018,109
2020-04-10,6859.8226747516,109
2020-04-11,6883.1822289597,109
2020-04-12,6978.666286616,109
2020-04-13,6863.575533197,109
2020-04-14,6875.5385034483,109
2020-04-15,6625.4757751023,109
2020-04-16,7127.7922822326,109
2020-04-17,7081.395198422,109
2020-04-18,7262.7923436002,110
2020-04-19,7150.2442154588,110
2020-04-20,6853.2734147867,111
2020-04-21,6870.4236986558,111
2020-04-22,7123.6569199299,112
2020-04-23,7488.6051652835,112
2020-04-24,7506.4433164816,111
2020-04-25,7537.7382091175,112
2020-04-26,7684.0685216832,112
2020-04-27,7777.4915185856,111
2020-04-28,7769.899698422,111
2020-04-29,8761.83716955,109
2020-04-30,8652.4109912332,108
2020-05-01,8855.53525827,110
2020-05-02,8977.281705377,110
2020-05-03,8896.7956383986,110
2020-05-04,8881.9543045003,110
2020-05-05,8985.8795993571,110
2020-05-06,9266.8130730567,107
2020-05-07,9993.7531768556,106
2020-05-08,9859.3236046172,108
2020-05-09,9577.3389223846,108
2020-05-10,8715.0332932203,108
2020-05-11,8591.6528843367,107
2020-05-12,8817.2506811222,107
2020-05-13,9322.9972020456,108
2020-05-14,9801.2694877265,108
2020-05-15,9326.8758589129,108
2020-05-16,9395.4753893045,108
2020-05-17,9682.5324811806,108
2020-05-18,9726.8500220924,107
2020-05-19,9754.2014620105,108
2020-05-20,9515.702550263,108
2020-05-21,9068.8012293396,108
2020-05-22,9161.8150338983,107
2020-05-23,9183.6621250731,107
2020-05-24,8806.2306571596,107
2020-05-25,8909.1925815313,107
2020-05-26,8835.1372533606,107
2020-05-27,9169.0574392168,108
2020-05-28,9568.2618530099,108
2020-05-29,9432.4133334307,107
2020-05-30,9691.6804911748,107
2020-05-31,9433.9438466394,107
2020-06-01,10199.1350542373,107
2020-06-02,9512.3465330216,106
2020-06-03,9642.2734003507,106
2020-06-04,9813.360679135,105
2020-06-05,9641.8916225599,106
2020-06-06,9668.6705385739,106
2020-06-07,9747.5801110462,106
2020-06-08,9769.3423614845,105
2020-06-09,9779.4221656634,105
2020-06-10,9888.4441746932,105
2020-06-11,9277.4511693162,106
2020-06-12,9456.1615333139,106
2020-06-13,9461.3337986558,107
2020-06-14,9342.955635301,107
2020-06-15,9441.38321128,105
2020-06-16,9520.0919482759,105
2020-06-17,9448.6935606078,105
2020-06-18,9389.9907663939,106
2020-06-19,9285.991582934,105
2020-06-20,9357.2924644652,105
2020-06-21,9284.7693718293,105
2020-06-22,9684.6201847458,105
2020-06-23,9611.7259982466,106
2020-06-24,9292.9435435418,106
2020-06-25,9247.1214324956,106
2020-06-26,9159.4377720631,106
2020-06-27,9002.1656171829,106
2020-06-28,9108.0656745763,106
2020-06-29,9184.247366277,106
2020-06-30,9143.967585301,105
2020-07-01,9241.3396123904,106
2020-07-02,9094.3872867914,105
2020-07-03,9066.6906966102,105
2020-07-04,9126.2195549386,105
2020-07-05,9079.6140180888,105
2020-07-06,9338.9425911748,105
2020-07-07,9252.1587326125,105
2020-07-08,9434.5679564582,104
2020-07-09,9231.5023475161,103
2020-07-10,9285.2210154296,103
2020-07-11,9237.1710081824,103
2020-07-12,9289.0979769141,104
2020-07-13,9236.6225011689,105
2020-07-14,9260.3569868498,104
2020-07-15,9196.7255589714,103
2020-07-16,9132.5923120982,102
2020-07-17,9156.4687097604,103
2020-07-18,9175.9053085915,103
2020-07-19,9218.8423108124,103
2020-07-20,9167.1905675044,103
2020-07-21,9388.5743497954,102
2020-07-22,9531.2574301578,102
2020-07-23,9609.1667153711,102
2020-07-24,9548.1007270602,102
2020-07-25,9702.4527904734,102
2020-07-26,9933.9065542373,102
2020-07-27,11046.5083295149,104
2020-07-28,10944.6129789012,104
2020-07-29,11115.7712819988,103
2020-07-30,11135.3907261835,104
2020-07-31,11338.1973407949,103
2020-08-01,11797.5821265342,103
2020-08-02,11094.0206841321,103
2020-08-03,11236.0956805377,104
2020-08-04,11202.651909059,104
2020-08-05,11721.4384715956,104
2020-08-06,11769.3091081239,104
2020-08-07,11598.9690585038,104
2020-08-08,11743.0086350088,104
2020-08-09,11680.5173661601,104
2020-08-10,11870.3695447107,104
2020-08-11,11392.6440884278,105
2020-08-12,11575.5124736996,105
2020-08-13,11773.4481155465,105
2020-08-14,11774.4082518995,106
2020-08-15,11866.9103613092,106
2020-08-16,11899.6427535944,106
2020-08-17,12315.7624166569,106
2020-08-18,11992.6959962595,105
2020-08-19,11736.8490645237,104
2020-08-20,11867.5203439509,104
2020-08-21,11524.6989491525,104
2020-08-22,11682.2891503799,105
2020-08-23,11665.6092735243,104
2020-08-24,11771.4080537405,104
2020-08-25,11358.4543202805,104
2020-08-26,11472.0491204559,104
2020-08-27,11314.6737410286,105
2020-08-28,11527.8830322326,104
2020-08-29,11490.7623477499,104
2020-08-30,11698.9758329632,105
2020-08-31,11678.3482268849,104
2020-09-01,11970.364856166,105
2020-09-02,11414.5209336645,106
2020-09-03,10261.4944095266,105
2020-09-04,10471.9664133255,105
2020-09-05,10128.64358609,106
2020-09-06,10253.2998980129,106
2020-09-07,10367.8783543542,106
2020-09-08,10108.6354501461,105
2020-09-09,10223.1114091175,104
2020-09-10,10334.6307302162,105
2020-09-11,10387.0207419638,104
2020-09-12,10436.9778322618,104
2020-09-13,10322.5236148451,104
2020-09-14,10662.719912332,104
2020-09-15,10779.3810249562,104
2020-09-16,10968.3205465809,104
2020-09-17,10936.2927505552,104
2020-09-18,10920.1128439509,105
2020-09-19,11073.7795478083,105
2020-09-20,10921.2180998247,105
2020-09-21,10455.3799623027,105
2020-09-22,10519.8391641146,106
2020-09-23,10233.2995687317,107
2020-09-24,10739.0427094097,110
2020-09-25,10683.6305806546,110
2020-09-26,10742.0304202221,110
2020-09-27,10758.8242899474,110
2020-09-28,10727.3750541204,111
2020-09-29,10841.1427444769,110
2020-09-30,10772.351766803,110
2020-10-01,10606.6173325541,110
2020-10-02,10570.1056777908,111
2020-10-03,10555.7054339567,111
2020-10-04,10665.618622443,111
2020-10-05,10772.6355995909,111
2020-10-06,10596.3735493863,111
2020-10-07,10667.1943941555,111
2020-10-08,10902.5293637054,111
2020-10-09,11074.1036797779,108
2020-10-10,11302.8542864407,108
2020-10-11,11378.2625284629,108
2020-10-12,11548.401556692,109
2020-10-13,11434.9687849211,105
2020-10-14,11417.10811391,106
2020-10-15,11502.5812390415,104
2020-10-16,11338.9871765634,104
2020-10-17,11362.8022174167,104
2020-10-18,11489.6225650497,104
2020-10-19,11745.8119675628,104
2020-10-20,11929.4572507306,104
2020-10-21,12848.4906177674,104
2020-10-22,12997.4993417884,105
2020-10-23,12953.4296969608,105
2020-10-24,13113.8669231444,105
2020-10-25,13041.6410374635,105
2020-10-26,13080.6561698422,105
2020-10-27,13675.5239275278,105
2020-10-28,13290.3288497954,106
2020-10-29,13475.2173007013,106
2020-10-30,13603.2960908825,106
2020-10-31,13807.2336110462,107
2020-11-01,13736.89941128,107
2020-11-02,13595.5647603741,107
2020-11-03,13996.9153985973,108
2020-11-04,14129.1481954997,107
2020-11-05,15606.466833723,107
2020-11-06,15618.9724713618,109
2020-11-07,14866.3563045003,109
2020-11-08,15500.0007071888,109
2020-11-09,15319.8199725307,110
2020-11-10,15319.2756762127,111
2020-11-11,15731.2411057861,111
2020-11-12,16289.8148977206,111
2020-11-13,16330.062767972,110
2020-11-14,16102.0100169492,110
2020-11-15,15986.7549905903,110
2020-11-16,16743.0539398013,111
2020-11-17,17682.1691870251,111
2020-11-18,17804.6900239626,113
2020-11-19,17818.6686621859,112
2020-11-20,18663.7818531268,111
2020-11-21,18706.5893354179,111
2020-11-22,18482.6926317358,111
2020-11-23,18373.2577597896,110
2020-11-24,19150.2510485096,108
2020-11-25,18748.3937130333,109
2020-11-26,17113.7168714202,108
2020-11-27,17101.6030180596,109
2020-11-28,17745.3773124489,109
2020-11-29,18190.8668804208,109
2020-11-30,19664.4076066628,109
2020-12-01,18820.6077895967,108
2020-12-02,19214.8722290473,107
2020-12-03,19470.3112080655,107
2020-12-04,18732.9670909994,107
2020-12-05,19114.6331309176,107
2020-12-06,19356.3136767972,107
2020-12-07,19182.1768328463,107
2020-12-08,18340.9781376973,106
2020-12-09,18574.6967352426,106
2020-12-10,18294.8469514904,106
2020-12-11,18061.760025716,106
2020-12-12,18813.2837685564,106
2020-12-13,19156.0825055523,106
2020-12-14,19286.7512992402,106
2020-12-15,19432.5884640561,105
2020-12-16,21370.7203186441,105
2020-12-17,22789.2674160725,104
2020-12-18,23048.7645610754,107
2020-12-19,23856.7735192285,107
2020-12-20,23528.5506135593,107
2020-12-21,22937.4183435418,107
2020-12-22,23756.8887685564,105
2020-12-23,23307.2709018118,103
2020-12-24,23707.6330440678,103
2020-12-25,24669.1643220339,103
2020-12-26,26478.0681052016,102
2020-12-27,26430.8565971946,102
2020-12-28,27039.3490199883,98
2020-12-29,27231.2034552893,98
2020-12-30,28844.6136781999,97
2020-12-31,29022.6714126242,97
2021-01-01,29380.6937327878,96
2021-01-02,32022.6810578609,99
2021-01-03,33277.8353050848,99
2021-01-04,31802.1467136178,101
2021-01-05,34013.1741724138,101
2021-01-06,36643.2777223846,100
2021-01-07,39215.6511490356,101
2021-01-08,40775.4045634132,101
2021-01-09,40370.6823495032,99
2021-01-10,38329.3401665693,99
2021-01-11,35269.5137177089,101
2021-01-12,33712.4685452952,101
2021-01-13,37296.5475277615,101
2021-01-14,39045.518340152,100
2021-01-15,36710.3174248977,100
2021-01-16,36177.2610970193,100
2021-01-17,36069.939466803,100
2021-01-18,36594.2964018118,100
2021-01-19,36250.1461893629,100
2021-01-20,35515.480012858,99
2021-01-21,31022.9510280538,99
2021-01-22,32986.4357568673,99
2021-01-23,32036.2822723553,100
2021-01-24,32216.1042904734,100
2021-01-25,32419.7059462303,100
2021-01-26,32640.6391426067,100
2021-01-27,30358.9347235535,99
2021-01-28,33511.287595149,98
2021-01-29,34166.1494259497,98
2021-01-30,34349.9170952659,99
2021-01-31,33157.8325745178,98
2021-02-01,33570.2718468732,98
2021-02-02,35596.1489094097,97
2021-02-03,37578.3732068966,97
2021-02-04,37129.2029376972,97
2021-02-05,38045.4136084161,96
2021-02-06,39341.727081239,97
2021-02-07,39003.0121817651,98
2021-02-08,46121.9340724722,97
2021-02-09,46548.1619912332,99
2021-02-10,45078.128350263,99
2021-02-11,47892.8409181765,99
2021-02-12,47525.2091431911,98
2021-02-13,47208.6250270602,98
2021-02-14,48829.8275096435,98
2021-02-15,48110.2417334892,98
2021-02-16,49140.3826578024,98
2021-02-17,52224.9391139684,98
2021-02-18,51650.0699485681,98
2021-02-19,55820.5044038574,98
2021-02-20,55861.8205670953,98
2021-02-21,57500.7161102864,97
2021-02-22,53952.1533386324,96
2021-02-23,48560.4890350672,95
2021-02-24,49567.3456890707,94
2021-02-25,47568.131170076,93
2021-02-26,46231.7675784921,94
2021-02-27,45834.5133611923,94
2021-02-28,45359.4641642314,94
2021-03-01,49634.4471092928,95
2021-03-02,48304.7054879018,94
2021-03-03,50690.4671835184,94
2021-03-04,48472.7954751607,95
2021-03-05,48800.8173594389,95
2021-03-06,48970.5244868498,95
2021-03-07,51086.4681794272,95
2021-03-08,52088.475131502,93
2021-03-09,54739.1352542373,91
2021-03-10,56116.040912332,91
2021-03-11,57847.2549357101,90
2021-03-12,57334.641534775,90
2021-03-13,61288.7941276447,90
2021-03-14,59905.6184704851,92
2021-03-15,56121.121924021,92
2021-03-16,56500.4460257159,91
2021-03-17,58683.0659824664,91
2021-03-18,57731.4798410871,91
2021-03-19,58168.1219222677,91
2021-03-20,58247.8847066043,91
2021-03-21,57447.9330198714,92
2021-03-22,54453.1373508475,92
2021-03-23,54563.6119458211,91
2021-03-24,52595.4113237873,91
2021-03-25,51547.1248953828,90
2021-03-26,54817.8571122151,89
2021-03-27,56019.8373055523,89
2021-03-28,55713.0381396844,89
2021-03-29,57571.2333477498,89
2021-03-30,58684.5483921683,89
2021-03-31,58792.1948275862,89
2021-04-01,58818.9770985973,87
2021-04-02,59031.5340192285,87
2021-04-03,57282.3896247808,88
2021-04-04,58202.199391993,89
2021-04-05,58755.8525295149,88
2021-04-06,58084.0664231444,86
2021-04-07,56266.8346762127,87
2021-04-08,57963.3445994155,86
2021-04-09,58051.7625563998,86
2021-04-10,59651.5589877265,86
2021-04-11,59932.9306469901,85
2021-04-12,59905.9363744594,85
2021-04-13,63445.638314436,86
2021-04-14,62869.4955873758,85
2021-04-15,63231.162987142,86
2021-04-16,61571.1100905903,87
2021-04-17,60280.8761758036,87
2021-04-18,56389.5579812975,87
2021-04-19,55798.1370771479,87
2021-04-20,56474.3737586207,87
2021-04-21,54025.7995745178,86
2021-04-22,51882.0598106371,86
2021-04-23,50954.9100607832,86
2021-04-24,50279.9484464056,86
2021-04-25,48946.9407428404,86
2021-04-26,53943.3499783752,86
2021-04-27,55027.0309848042,86
2021-04-28,54787.3787071888,85
2021-04-29,53567.0811938048,86
2021-04-30,57741.44441654,86
2021-05-01,57863.5903927528,86
2021-05-02,56572.5968410286,86
2021-05-03,57243.0416054939,86
2021-05-04,53724.10892519,86
2021-05-05,57342.0256616014,86
2021-05-06,56527.3529789597,86
2021-05-07,57341.0684549386,86
2021-05-08,58736.1258950906,86
2021-05-09,58288.4256303916,85
2021-05-10,55902.9277399182,87
2021-05-11,56612.1026487434,87
2021-05-12,50972.355081239,87
2021-05-13,49368.6144739918,88
2021-05-14,49997.3959011105,87
2021-05-15,47047.9633331385,87
2021-05-16,46022.5037090006,87
2021-05-17,43492.3954833431,87
2021-05-18,42789.8093921683,86
2021-05-19,37642.5200017534,88
2021-05-20,40799.4021475745,88
2021-05-21,37174.3311014027,89
2021-05-22,37643.4197983635,90
2021-05-23,34774.207221917,90
2021-05-24,38630.4091186441,89
2021-05-25,38269.7710747516,87
2021-05-26,39194.8588980129,88
2021-05-27,38510.8570417884,89
2021-05-28,35596.7179510228,89
2021-05-29,34681.8183670368,89
2021-05-30,35652.1687703098,88
2021-05-31,37312.9748970193,87
2021-06-01,36661.3781184687,84
2021-06-02,37639.4556732905,84
2021-06-03,39160.1504132086,86
2021-06-04,36884.3735551724,85
2021-06-05,35409.5672366452,86
2021-06-06,35720.6043546464,85
2021-06-07,33724.9077517826,86
2021-06-08,33475.0489234366,85
2021-06-09,37372.9888953828,84
2021-06-10,36826.0022185856,84
2021-06-11,37185.3931268264,85
2021-06-12,35669.1712817066,85
2021-06-13,38925.4194289889,85
2021-06-14,40455.5959833431,85
2021-06-15,40254.6514679135,84
2021-06-16,38265.5437726476,84
2021-06-17,38018.6432346581,84
2021-06-18,37280.37,84
2021-06-19,35555.9763966686,84
2021-06-20,34820.11,84
2021-06-21,32584.96,84
2021-06-22,32908.33,85
2021-06-23,33610.4968129749,85
2021-06-24,34897.22,85
2021-06-25,32262.76,85
2021-06-26,31336.27,86
2021-06-27,32642.96,86
2021-06-28,34376.188538983,86
2021-06-29,36148.79,86
2021-06-30,34590.84,86
2021-07-01,33418.21,87
2021-07-02,33782.9459464641,84
2021-07-03,34720.1,84
2021-07-04,35355.6078883694,84
2021-07-05,33911.7538404442,84
2021-07-06,33946.37,84
2021-07-07,34690.12,84
2021-07-08,32819.6595312098,84
2021-07-09,33914.8810742256,84
2021-07-10,33335.86,84
2021-07-11,33846.4,84
2021-07-12,32834.9,85
2021-07-13,32641.9759610169,85
2021-07-14,32813.26,85
2021-07-15,31750.98,84
2021-07-16,31455.7175818819,85
2021-07-17,31547.9511990064,84
2021-07-18,31645.72,84
2021-07-19,30805.05,84
2021-07-20,29877.38,85
2021-07-21,31843.81,87
2021-07-22,32306.9614285798,87
2021-07-23,33439.5957028638,86
2021-07-24,34166.914654588,86
2021-07-25,35119.9374360023,85
2021-07-26,37444.7825102279,86
2021-07-27,38055.11,86
2021-07-28,40003.52,85
2021-07-29,39722.32,83
2021-07-30,40860.23,84
2021-07-31,41793.3137481005,84
2021-08-01,41310.19,84
2021-08-02,39304.1862835769,84
2021-08-03,38288.8253975453,84
2021-08-04,39706.49,84
2021-08-05,40908.48,84
2021-08-06,42690.36,84
2021-08-07,43945.42,83
2021-08-08,43855.21,83
2021-08-09,46265.6424564582,83
2021-08-10,45488.7912624196,82
2021-08-11,45676.3263611923,85
2021-08-12,44440.18,85
2021-08-13,47717.4853559322,86
2021-08-14,46665.44,86
2021-08-15,46749.52,85
2021-08-16,46064.94,85
2021-08-17,45017.36,85
2021-08-18,44592.92,85
2021-08-19,46567.94,85
2021-08-20,48652.94,85
2021-08-21,49070.2409701929,86
2021-08-22,48424.68,86
2021-08-23,49509.06,87
2021-08-24,48364.25,87
2021-08-25,48747.71,84
2021-08-26,47047.56,84
2021-08-27,48942.27,84
2021-08-28,48746.55,83
2021-08-29,48896.51,82
2021-08-30,48653.6,82
2021-08-31,46995.72,82
2021-09-01,48269.06,83
2021-09-02,49555.55,83
2021-09-03,49860.5341635301,82
2021-09-04,49919.577563647,82
2021-09-05,51652.0,82
2021-09-06,52640.5883740503,83
2021-09-07,46806.02,83
2021-09-08,46154.44,84
2021-09-09,46268.06,85
2021-09-10,45130.85,85
2021-09-11,45098.5916447691,85
2021-09-12,46180.6124563998,85
2021-09-13,44991.5221277031,85
2021-09-14,46842.21,84
2021-09-15,48167.1893676213,83
2021-09-16,47103.61,83
2021-09-17,47086.39,83
2021-09-18,48015.88,83
2021-09-19,47587.39,83
2021-09-20,43569.67,83
2021-09-21,40526.4893760958,83
2021-09-22,43475.75,83
2021-09-23,44716.19,83
2021-09-24,42991.34,83
2021-09-25,42714.1,83
2021-09-26,43131.2941773816,82
2021-09-27,42720.72,82
2021-09-28,41811.6,82
2021-09-29,41453.9470131502,82
2021-09-30,43781.546015488,82
2021-10-01,48078.1315543542,82
2021-10-02,47984.28,82
2021-10-03,48441.32,82
2021-10-04,49288.5013106371,82
2021-10-05,51558.0493319112,82
2021-10-06,54893.34,82
2021-10-07,53805.1569125658,83
2021-10-08,53933.5275908825,82
2021-10-09,54648.42,82
2021-10-10,55431.06,82
2021-10-11,57395.76,81
2021-10-12,56196.1812597896,81
2021-10-13,57348.8928769725,80
2021-10-14,57384.0369146698,80
2021-10-15,61446.0840073057,80
2021-10-16,60932.0632119228,80
2021-10-17,61462.2223722969,81
2021-10-18,61977.0575514319,81
2021-10-19,64290.8977574518,80
2021-10-20,66061.7965639977,79
2021-10-21,62373.8856206897,81
2021-10-22,60750.9673718293,82
2021-10-23,61250.082628872,83
2021-10-24,60865.4470523086,82
2021-10-25,63031.6729015196,84
2021-10-26,60393.9802738165,85
2021-10-27,58563.3359899766,86
2021-10-28,60564.5721122151,86
2021-10-29,62230.8055689655,86
2021-10-30,61809.68,86
2021-10-31,61432.9700628287,86
2021-11-01,61092.0950592051,86
2021-11-02,63024.7472296902,85
2021-11-03,62955.9817630041,86
2021-11-04,61393.8899780246,87
2021-11-05,61005.840833723,87
2021-11-06,61455.0536268849,87
2021-11-07,63043.8290590298,88
2021-11-08,67541.7555081824,86
2021-11-09,67095.5856706605,87
2021-11-10,64756.0779689071,87
2021-11-11,64962.9312939801,88
2021-11-12,64078.968037405,88
2021-11-13,64397.7912063121,88
2021-11-14,65032.2256548217,88
2021-11-15,63753.5031592636,88
2021-11-16,60322.4978530099,88
2021-11-17,60154.3083661601,88
2021-11-18,56794.1556271186,87
2021-11-19,58014.0729888954,86
2021-11-20,59749.4738229106,87
2021-11-21,59032.6241017534,87
2021-11-22,56383.5658760958,87
2021-11-23,57642.2657980713,87
2021-11-24,57141.8303784337,85
2021-11-25,59008.6554792519,85
2021-11-26,53800.6178389831,85
2021-11-27,54635.8824628872,86
2021-11-28,57248.5696963764,86
2021-11-29,57920.7107299825,86
2021-11-30,57097.0127942724,85
2021-12-01,57180.6098439509,87
2021-12-02,56582.8937691408,89
2021-12-03,53671.6160680888,90
2021-12-04,49159.7357983635,88
2021-12-05,49327.0935999416,88
2021-12-06,50535.4252232612,86
2021-12-07,50574.4728344828,87
2021-12-08,50500.6543513735,87
2021-12-09,47937.8228458212,87
2021-12-10,47437.2289725307,89
2021-12-11,49321.7693252484,89
2021-12-12,50136.5722568673,89
2021-12-13,46785.3278410286,89
2021-12-14,48292.6822501461,88
2021-12-15,48830.6223860316,88
2021-12-16,47663.4691077148,88
2021-12-17,46334.4837489772,88
2021-12-18,46904.8736753361,87
2021-12-19,46876.426924021,87
2021-12-20,46954.7634783168,88
2021-12-21,49082.0624666277,87
2021-12-22,48692.0987391584,87
2021-12-23,50712.9707682642,88
2021-12-24,50783.8344210988,88
2021-12-25,50590.4508976622,88
2021-12-26,50798.3065859147,88
2021-12-27,50796.3776735827,88
2021-12-28,47673.0440452367,88
2021-12-29,46470.3215751023,89
2021-12-30,47102.4630037989,88
2021-12-31,46355.1173302747,89
2022-01-01,47560.0093816482,89
2022-01-02,47352.5577565751,89
2022-01-03,46453.432351841,88
2022-01-04,45905.9611221508,88
2022-01-05,43530.9440388662,87
2022-01-06,43144.9652928112,88
2022-01-07,41512.7845808299,88
2022-01-08,41799.8128848627,88
2022-01-09,41886.4985569842,88
2022-01-10,41816.9510561075,87
2022-01-11,42768.1786116306,88
2022-01-12,43961.0265441262,88
2022-01-13,42626.8653924605,87
2022-01-14,43102.6476180596,88
2022-01-15,43206.6744812975,88
2022-01-16,43168.8596671537,88
2022-01-17,42211.270399474,89
2022-01-18,42431.2319670368,88
2022-01-19,41787.722012858,88
2022-01-20,40756.1261630625,86
2022-01-21,36492.2872241379,87
2022-01-22,34996.390965225,88
2022-01-23,36271.0502650497,88
2022-01-24,36659.7252206312,87
2022-01-25,36952.586773232,86
2022-01-26,36825.8245993571,86
2022-01-27,37021.9371332554,85
2022-01-28,37768.8474836353,85
2022-01-29,38088.2912279953,86
2022-01-30,37983.5063845704,85
2022-01-31,38462.6724029807,85
2022-02-01,38787.9640824079,86
2022-02-02,36942.3307493279,86
2022-02-03,37057.6521879018,85
2022-02-04,41079.9060881356,84
2022-02-05,41508.5816925774,85
2022-02-06,42358.2251732905,85
2022-02-07,43888.980119813,83
2022-02-08,44167.4447945646,83
2022-02-09,44405.0732042665,83
2022-02-10,43614.3426960842,82
2022-02-11,42357.3217416715,82
2022-02-12,42173.4593962595,82
2022-02-13,42195.5947451782,82
2022-02-14,42646.1618590883,83
2022-02-15,44511.9084880187,84
2022-02-16,44065.7092673875,84
2022-02-17,40610.024261543,84
2022-02-18,40044.2204856809,84
2022-02-19,40095.887329398,84
2022-02-20,38551.6224967855,84
2022-02-21,37098.0360081824,83
2022-02-22,38202.5940818235,83
2022-02-23,37308.2687344243,83
2022-02-24,38283.790402104,85
2022-02-25,39323.7702158387,84
2022-02-26,39056.5781523086,84
2022-02-27,37664.7792828755,84
2022-02-28,43179.2545140269,85
2022-03-01,44334.457582408,84
2022-03-02,43984.584926768,84
2022-03-03,42492.7744552893,84
2022-03-04,39106.4052159556,84
2022-03-05,39383.8848433665,84
2022-03-06,38399.3426268264,84
2022-03-07,38146.734273232,83
2022-03-08,38725.477261543,83
2022-03-09,41989.4028179427,83
2022-03-10,39482.2584672706,83
2022-03-11,38825.3644214494,84
2022-03-12,38951.1300157802,84
2022-03-13,37808.3174004091,84
2022-03-14,39649.0453243717,84
2022-03-15,39356.8139000584,85
2022-03-16,41101.768579135,84
2022-03-17,40966.4169324956,84
2022-03-18,41826.1160710111,84
2022-03-19,42193.1615362361,85
2022-03-20,41294.7235129164,85
2022-03-21,41064.429648159,85
2022-03-22,42383.169518761,85
2022-03-23,42734.2000355932,85
2022-03-24,43974.5935882525,86
2022-03-25,44347.034279661,86
2022-03-26,44519.9268641145,86
2022-03-27,46777.2056265342,86
2022-03-28,47223.6528860316,84
2022-03-29,47463.7096770894,85
2022-03-30,47123.2971478667,86
2022-03-31,45562.2106665693,86
2022-04-01,46250.3362878434,87
2022-04-02,45939.8973489188,87
2022-04-03,46440.5438538866,87
2022-04-04,46663.0041770894,87
2022-04-05,45693.0350619521,88
2022-04-06,43304.9371990064,88
2022-04-07,43569.0471697837,89
2022-04-08,42222.0689772063,89
2022-04-09,42680.9947355932,89
2022-04-10,42264.4633909994,88
2022-04-11,39544.0251835184,88
2022-04-12,40096.3669748685,85
2022-04-13,41152.7554517826,86
2022-04-14,39916.4963842782,86
2022-04-15,40527.3319567504,86
2022-04-16,40439.5881209819,86
2022-04-17,39704.7839798364,87
2022-04-18,40818.8786025716,87
2022-04-19,41489.6638011689,87
2022-04-20,41395.64458346,87
2022-04-21,40457.4959418469,87
2022-04-22,39737.9735040912,87
2022-04-23,39582.4548720047,86
2022-04-24,39511.6456928697,88
2022-04-25,40473.7483176505,88
2022-04-26,38072.800873758,87
2022-04-27,39218.5376174752,88
2022-04-28,39747.9894270018,88
2022-04-29,38609.5059070719,87
2022-04-30,37714.0949804208,87
2022-05-01,38459.226979135,87
2022-05-02,38566.0628877849,88
2022-05-03,37704.4053153127,88
2022-05-04,39641.852176505,90
2022-05-05,36502.0245601403,93
2022-05-06,36042.9995584453,93
2022-05-07,35508.7110227937,93
2022-05-08,34058.9066861484,93
2022-05-09,30457.9218194039,92
2022-05-10,30990.7351659848,89
2022-05-11,28796.5568217417,93
2022-05-12,29030.7070417884,91
2022-05-13,29285.9346718293,92
2022-05-14,30051.935755114,92
2022-05-15,31182.6212460549,92
2022-05-16,29889.6124757452,92
2022-05-17,30438.1944476914,93
2022-05-18,28771.2204786675,93
2022-05-19,30257.8852483928,93
2022-05-20,29224.245998422,93
2022-05-21,29420.0782857978,93
2022-05-22,30331.87514173,93
2022-05-23,29088.2515419638,92
2022-05-24,29643.6837556984,92
2022-05-25,29577.259880187,94
2022-05-26,29332.4860467563,94
2022-05-27,28612.0413103448,94
2022-05-28,29045.5206344243,94
2022-05-29,29294.99,93
2022-05-30,31735.9549719462,93
2022-05-31,31831.4095251315,96
2022-06-01,29825.9221992987,95
2022-06-02,30504.2679997078,96
2022-06-03,29662.6709708942,95
2022-06-04,29792.4076779077,97
2022-06-05,29915.4093009936,99
2022-06-06,31333.6770197545,99
2022-06-07,31175.0324289889,98
2022-06-08,30228.464698422,98
2022-06-09,30064.4855289305,98
2022-06-10,29070.4000300994,99
2022-06-11,28360.7899231444,100
2022-06-12,26830.2839456458,99
2022-06-13,22316.2570400351,99
2022-06-14,22072.8663085915,97
2022-06-15,22520.7910087668,95
2022-06-16,20310.1769848042,93
2022-06-17,20464.9290873174,95
2022-06-18,19013.8672536528,96
2022-06-19,20492.2951683226,95
2022-06-20,20571.6292247224,95
2022-06-21,20688.4651312098,96
2022-06-22,20003.1683375219,95
2022-06-23,21097.1028331385,96
2022-06-24,21299.0769853887,98
2022-06-25,21468.3431566335,98
2022-06-26,21066.6209430158,98
2022-06-27,20751.0516960842,97
2022-06-28,20263.2196393922,96
2022-06-29,20080.9480864991,97
2022-06-30,19332.9121294565,96
2022-07-01,19341.8631240795,95
2022-07-02,19231.8317083577,94
2022-07-03,19276.5146639392,94
2022-07-04,20226.2984745763,94
2022-07-05,20193.3427938048,94
2022-07-06,20560.8438126826,94
2022-07-07,21651.4191423144,95
2022-07-08,21813.7871239042,95
2022-07-09,21585.1321922852,95
2022-07-10,20831.2733915839,95
2022-07-11,19971.3294704851,95
2022-07-12,19339.1534734074,96
2022-07-13,20155.5278386908,95
2022-07-14,20552.8990289304,95
2022-07-15,20831.722700526,96
2022-07-16,21196.5091428989,96
2022-07-17,21184.32,96
2022-07-19,23371.2026601403,97
2022-07-20,23280.9356680304,97
2022-07-21,23152.4093112215,97
2022-07-22,22706.0835554646,99
2022-07-23,22484.4592317358,99
2022-07-24,22653.3570260082,99
2022-07-25,21510.1255874342,99
2022-07-26,21181.6591967855,101
2022-07-27,22898.4150683226,101
2022-07-28,23838.5568838691,100
2022-07-29,23950.7403798948,100
2022-07-30,23623.4349611338,100
2022-07-31,23356.1722215079,100
2022-08-01,23331.4426969608,100
2022-08-02,23031.4268834015,101
2022-08-03,23324.0,101
2022-08-04,22628.3320821157,99
2022-08-05,23248.9715023378,98
2022-08-06,22996.2750452952,98
2022-08-07,23153.6584713618,98
2022-08-08,23803.6505154296,98
2022-08-09,23186.2917464641,99
2022-08-10,23923.0584830508,98
2022-08-11,23934.4390561075,98
2022-08-12,24396.3088462887,98
2022-08-13,24426.2225748101,98
2022-08-14,24314.2021315021,98
2022-08-15,24083.9539748685,98
2022-08-16,23868.8193530099,98
2022-08-17,23336.3489310345,98
2022-08-18,23221.1706028638,98
2022-08-19,20906.7663141438,99
2022-08-20,21146.6548021625,99
2022-08-21,21553.9961717125,99
2022-08-22,21301.0840581531,98
2022-08-23,21534.5143521333,97
2022-08-24,21424.9728232028,97
2022-08-25,21587.8395844535,96
2022-08-26,20246.1655733489,95
2022-08-27,20043.9909485681,95
2022-08-28,19673.5412188778,95
2022-08-29,20270.960383986,96
2022-08-30,19825.4632066043,97
2022-08-31,20024.6716059614,97
2022-09-01,20105.4626072472,97
2022-09-02,19948.8567472823,98
2022-09-03,19803.8332697253,98
2022-09-04,19961.9118907072,98
2022-09-05,19797.7967884278,97
2022-09-06,18846.150537405,97
2022-09-07,19292.9070745178,97
2022-09-08,19319.1248512566,97
2022-09-09,21363.1894485681,98
2022-09-10,21715.5972516072,98
2022-09-11,21732.8643576856,98
2022-09-12,22364.7235803624,98
2022-09-13,20165.0421607247,97
2022-09-14,20246.3660424313,97
2022-09-15,19696.8698661601,97
2022-09-16,19741.5776168907,97
2022-09-17,20120.7023459965,97
2022-09-18,19427.1002626534,97
2022-09-19,19557.9769582116,97
2022-09-20,18872.9498667446,97
2022-09-21,18506.7607481005,97
2022-09-22,19414.5396449445,97
2022-09-23,19326.8648199883,97
2022-09-24,18924.7677872589,97
2022-09-25,18793.1561531268,97
2022-09-26,19201.1317209234,98
2022-09-27,19106.7389135009,99
2022-09-28,19454.937210111,99
2022-09-29,19540.8664105786,98
2022-09-30,19435.1946917008,99
2022-10-01,19311.861629398,98
2022-10-02,19015.2928050847,98
2022-10-03,19633.4325859147,98
2022-10-04,20339.9712811221,98
2022-10-05,20155.0996987142,99
2022-10-06,19950.5477957335,100
2022-10-07,19539.1439216832,99
2022-10-08,19416.1772291058,99
2022-10-09,19428.3671323787,99
2022-10-10,19154.4042346581,99
2022-10-11,19039.2820683811,99
2022-10-12,19156.9115645821,100
2022-10-13,19387.8336806546,99
2022-10-14,19177.6941031561,99
2022-10-15,19069.8749272355,99
2022-10-16,19261.7497878434,99
2022-10-17,19557.0218106371,99
2022-10-18,19341.4075543542,102
2022-10-19,19132.1544254822,101
2022-10-20,19033.3760239626,101
2022-10-21,19174.8763487434,102
2022-10-22,19207.6285078901,102
2022-10-23,19565.4123243717,102
2022-10-24,19341.460210111,103
2022-10-25,20094.9611215663,103
2022-10-26,20797.0308258328,104
2022-10-27,20280.1751280538,103
2022-10-28,20604.6138535944,103
2022-10-29,20803.8999205143,104
2022-10-30,20616.7033766803,104
2022-10-31,20490.8581808884,105
2022-11-01,20483.966530976,106
2022-11-02,20148.2845537697,105
2022-11-03,20198.1111860316,106
2022-11-04,21157.2449275278,117
2022-11-05,21283.4715999416,117
2022-11-06,20946.8030359439,117
2022-11-07,20568.5651183518,115
2022-11-08,18520.971163647,116
2022-11-09,15758.2912819988,117
2022-11-10,17541.5602866745,117
2022-11-11,16916.8506312098,117
2022-11-12,16771.2426718293,120
2022-11-13,16320.4983375219,120
2022-11-14,16629.4784146698,120
2022-11-15,16855.59378609,120
2022-11-16,16659.6063345996,120
2022-11-17,16675.1790204559,120
2022-11-18,16661.5229576271,120
2022-11-19,16696.0040581531,120
2022-11-20,16246.8446992987,120
2022-11-21,15778.0174047341,121
2022-11-22,16172.8893445354,121
2022-11-23,16574.0617299825,116
2022-11-24,16583.5243445354,115
2022-11-25,16522.3887767388,115
2022-11-26,16448.6413077148,115
2022-11-27,16436.0707688486,115
2022-11-28,16212.5814161309,115
2022-11-29,16443.0368199883,114
2022-11-30,17176.8986914085,113
2022-12-01,16961.2918042081,113
2022-12-02,17075.1091370544,114
2022-12-03,16899.5073831093,115
2022-12-04,17121.7149824664,115
2022-12-05,16961.3517866745,116
2022-12-06,17070.5158281707,116
2022-12-07,16848.2518243717,116
2022-12-08,17231.4563223261,115
2022-12-09,17136.1490008767,115
2022-12-10,17124.2146797195,115
2022-12-11,17094.3606592636,115
2022-12-12,17195.5249962011,114
2022-12-13,17774.9166320865,115
2022-12-14,17809.7240835769,114
2022-12-15,17344.0544569258,114
2022-12-16,16606.1101750438,113
2022-12-17,16774.3853702513,115
2022-12-18,16776.1159254822,114
2022-12-19,16424.1313857393,115
2022-12-20,16901.8169362946,115
2022-12-21,16800.5329707773,113
2022-12-22,16814.2225791935,113
2022-12-23,16780.5169798363,115
2022-12-24,16837.612170076,115
2022-12-25,16824.8389736996,115
2022-12-26,16879.9382273524,115
2022-12-27,16698.9112708942,115
2022-12-28,16536.2942001753,114
2022-12-29,16630.5931551724,114
2022-12-30,16593.6888287551,114
2022-12-31,16524.2178024547,114
2023-01-01,16606.7520432496,114
2023-01-02,16688.7192729398,114
2023-01-03,16670.0773836937,115
2023-01-04,16848.3660391584,116
2023-01-05,16824.8001826417,115
2023-01-06,16957.8622738165,114
2023-01-07,16917.49,114
2023-01-08,17059.2399444769,114
2023-01-09,17182.3198521333,114
2023-01-10,17433.9146320865,114
2023-01-11,17833.7107656341,114
2023-01-12,18869.7044842198,113
2023-01-13,19868.7247454705,113
2023-01-14,21010.9227200468,112
2023-01-15,20876.0085561075,112
2023-01-16,21180.4119485681,112
2023-01-17,21178.2993962595,112
2023-01-18,20709.6686040327,111
2023-01-19,21071.8334152542,111
2023-01-20,22660.7169421391,112
2023-01-21,22803.172761543,113
2023-01-22,22716.2771966686,113
2023-01-23,22929.0248936295,112
2023-01-24,22611.1268787259,111
2023-01-25,23109.0845189947,112
2023-01-26,23008.6894766219,113
2023-01-27,23070.4964582116,114
2023-01-28,23008.8094649328,114
2023-01-29,23774.9963679135,115
2023-01-30,22799.427261543,115
2023-01-31,23130.0519132087,114
2023-02-01,23727.2026075395,113
2023-02-02,23505.6048430742,113
2023-02-03,23445.8131773816,115
2023-02-04,23355.5243863238,115
2023-02-05,22957.2251905319,115
2023-02-06,22745.1650371128,114
2023-02-07,23266.2692036821,114
2023-02-08,22937.5799453536,115
2023-02-09,21818.1989456458,114
2023-02-10,21620.5667837522,115
2023-02-11,21864.8626414378,115
2023-02-12,21772.1373252484,115
2023-02-13,21798.7157168323,115
2023-02-14,22222.415043834,114
2023-02-15,24304.6129827586,115
2023-02-16,23742.4488354763,114
2023-02-17,24607.3356054939,113
2023-02-18,24636.5266127995,113
2023-02-19,24366.9907606663,113
2023-02-20,24797.8430359439,113
2023-02-21,24400.3893898305,114
2023-02-22,24163.7389812975,114
2023-02-23,23910.0342104033,115
2023-02-24,23175.8242036821,113
2023-02-25,23159.8154403857,113
2023-02-26,23542.0964281122,113
2023-02-27,23504.1894178843,114
2023-02-28,23145.9491277031,115
2023-03-01,23610.6590902981,116
2023-03-02,23470.0254815897,116
2023-03-03,22350.0962340736,116
2023-03-04,22334.2852638808,116
2023-03-05,22419.8171390999,115
2023-03-06,22414.7033056692,115
2023-03-07,22174.6484725307,115
2023-03-08,21701.3846227352,115
2023-03-09,20349.8141732905,115
2023-03-10,19951.37,115
2023-03-17,27450.6282933957,115
2023-03-18,26985.7359915254,115
2023-03-19,28185.2043319696,116
2023-03-20,27834.3361090006,115
2023-03-21,28172.7950558153,115
2023-03-22,27341.5571297487,115
2023-03-23,28387.8897495617,117
2023-03-24,27464.1249453536,117
2023-03-25,27518.62,117
2023-03-27,27154.9963702513,116
2023-03-28,27283.9634029807,115
2023-03-29,28389.2917784921,116
2023-03-30,28021.5583009936,118
2023-03-31,28514.6813062537,117
2023-04-01,28494.5638863238,118
2023-04-02,28161.9980362361,118
2023-04-03,27850.9799436002,118
2023-04-04,28113.9585187025,119
2023-04-05,28190.3116063705,119
2023-04-06,28049.0744763296,118
2023-04-07,27936.8042609585,119
2023-04-08,27964.0512498539,119
2023-04-09,28357.8072703098,119
2023-04-10,29687.5651846873,118
2023-04-11,30247.0959193454,119
2023-04-12,29913.0035463472,119
2023-04-13,30370.82207218,118
2023-04-14,30458.9700414962,117
2023-04-15,30342.0591084161,117
2023-04-16,30312.9308533022,117
2023-04-17,29469.5050727645,115
2023-04-18,30366.8723813559,115
2023-04-19,28796.7440952659,116
2023-04-20,28251.2763790181,116
2023-04-21,27292.0211052016,115
2023-04-22,27827.5475920514,115
2023-04-23,27604.6855742256,116
2023-04-24,27520.1996729982,116
2023-04-25,28302.6942180012,116
2023-04-26,28384.2340333139,116
2023-04-27,29465.5514272355,115
2023-04-28,29350.811886616,114
2023-04-29,29221.5145075979,114
2023-04-30,29362.0867974868,114
2023-05-01,28114.9531873174,114
2023-05-02,28690.5809959088,114
2023-05-03,29045.0427735243,115
2023-05-04,28855.8574465225,115
2023-05-05,29552.9695236704,113
2023-05-06,28899.4629602572,113
2023-05-07,28761.738434249,116
2023-05-08,27727.2854091175,116
2023-05-09,27642.4281092928,116
2023-05-10,27646.004902104,116
2023-05-11,26986.271065751,116
2023-05-12,26773.3443591467,116
2023-05-13,26841.3982913501,116
2023-05-14,26918.261597896,116
2023-05-15,27231.6216052016,114
2023-05-16,27025.7181864407,114
2023-05-17,27401.0440610754,114
2023-05-18,26843.2350938048,113
2023-05-19,26889.503631502,114
2023-05-20,27100.8582878434,114
2023-05-21,26777.0977831677,114
2023-05-22,26858.7370637054,115
2023-05-23,27226.8558763881,115
2023-05-24,26341.4306446522,114
2023-05-25,26484.8359234366,114
2023-05-26,26720.3838071303,113
2023-05-27,26854.5403702513,114
2023-05-28,28097.5211259497,114
2023-05-29,27765.0728693746,115
2023-05-30,27712.4915844535,114
2023-05-31,27217.6832580362,113
2023-06-01,26825.3713451198,114
2023-06-02,27255.2279941555,113
2023-06-03,27079.4084643483,113
2023-06-04,27158.25456955,113
2023-06-05,25785.8514842198,113
2023-06-06,27213.7705187025,114
2023-06-07,26339.5790292227,113
2023-06-08,26521.693600526,113
2023-06-09,26470.6775780245,113
2023-06-10,25863.2138506721,114
2023-06-11,25906.8281516657,114
2023-06-12,25906.7519354179,114
2023-06-13,25880.8599734074,114
2023-06-14,25097.5853796026,115
2023-06-15,25559.1433293396,114
2023-06-16,26331.8200943892,113
2023-06-17,26514.1713495032,114
2023-06-18,26353.962682934,113
2023-06-19,26778.0634415547,112
2023-06-20,28305.4204573349,111
2023-06-21,30099.5153509643,111
2023-06-22,29952.5112866745,111
2023-06-23,30638.3537644652,110
2023-06-24,30549.0162872589,110
2023-06-25,30467.4403705435,110
2023-06-26,30255.8861241964,109
2023-06-27,30656.2,109
2023-06-28,30104.0432717709,110
2023-06-29,30460.792978083,110
2023-06-30,30484.503257744,110
2023-07-01,30581.6889655172,108
2023-07-02,30594.2164736996,108
2023-07-03,31135.3575993571,108
2023-07-04,30799.9474558738,108
2023-07-05,30497.8221282876,108
2023-07-06,29979.7298094681,108
2023-07-07,30329.8829786674,107
2023-07-08,30263.6196341321,108
2023-07-09,30163.2210563998,108
2023-07-10,30394.6555806546,108
2023-07-11,30616.247094097,108
2023-07-12,30385.6087852133,108
2023-07-13,31434.7354704851,108
2023-07-14,30310.6720204559,108
2023-07-15,30290.8905958504,108
2023-07-16,30249.7729658095,108
2023-07-17,30143.7462744009,108
2023-07-18,29835.7474076563,108
2023-07-19,29913.0294646406,108
2023-07-20,29805.6065707189,108
2023-07-21,29919.6934921099,107
2023-07-22,29726.0096271186,107
2023-07-23,29882.43,107
2023-07-26,29361.5917580362,107
2023-07-27,29201.6865175336,107
2023-07-28,29316.3130751023,107
2023-07-29,29360.376179135,107
2023-07-30,29262.8367337814,107
2023-07-31,29219.8201887785,107
2023-08-01,29499.5875385739,107
2023-08-02,29143.1519620105,107
2023-08-03,29192.3448617767,107
2023-08-04,29057.2532437171,107
2023-08-05,29053.0956975453,107
2023-08-06,29048.0433275862,107
2023-08-07,29164.3585873758,107
2023-08-08,29779.511383986,108
2023-08-09,29582.9442375804,108
2023-08-10,29430.1599117475,108
2023-08-11,29399.784739626,108
2023-08-12,29415.733902104,108
2023-08-13,29286.1176110462,108
2023-08-14,29408.9717127411,107
2023-08-15,29167.59721654,107
2023-08-16,28754.2924079486,107
2023-08-17,26660.5627264757,107
2023-08-18,26037.3658474576,108
2023-08-19,26093.981808007,108
2023-08-20,26176.4721642315,108
2023-08-21,26128.9050160725,108
2023-08-22,25978.2096914085,108
2023-08-23,26452.1935882525,108
2023-08-24,26126.7943331385,108
2023-08-25,26040.881255114,108
2023-08-26,26006.1740800701,108
2023-08-27,26086.3612594974,108
2023-08-28,26103.2765730567,109
2023-08-29,27672.2221306254,107
2023-08-30,27298.997779661,107
2023-08-31,25954.8665935126,107
2023-09-01,25802.7885298071,107
2023-09-02,25868.2960976037,107
2023-09-03,25962.5475689655,107
2023-09-04,25799.5256870251,107
2023-09-05,25782.3622200468,107
2023-09-06,25754.7902676797,107
2023-09-07,26210.6045637054,107
2023-09-08,25904.6982127411,107
2023-09-09,25894.6205976037,107
2023-09-10,25856.26,107
2023-09-11,25135.0393781414,107
2023-09-12,25859.7018068381,107
2023-09-13,26226.8667524839,107
2023-09-14,26556.056943308,107
2023-09-15,26672.6160818235,107
2023-09-16,26555.6361031561,107
2023-09-17,26502.4321189363,107
2023-09-18,26474.89,107
2023-09-19,27215.0504848042,107
2023-09-20,27133.4037235535,107
2023-09-21,26571.5952919345,107
2023-09-22,26581.1476116306,107
2023-09-23,26575.776386616,107
2023-09-24,26286.6410488019,108
2023-09-25,26288.8095005845,108
2023-09-26,26194.5378880772,108
2023-09-27,26336.0825973115,108
2023-09-28,27033.4254415546,107
2023-09-29,26911.2514739918,107
2023-09-30,26977.6933126826,107
2023-10-01,27950.1453594389,107
2023-10-02,27565.8892954413,107
2023-10-03,27439.1422393337,108
2023-10-04,27797.251176505,107
2023-10-05,27426.3450926359,106
2023-10-06,27941.9633760959,106
2023-10-07,27972.7515704266,107
2023-10-08,27936.3261157218,107
2023-10-09,27591.3467618352,108
2023-10-10,27419.7971803039,108
2023-10-11,26828.1725710111,108
2023-10-12,26741.3405990649,108
2023-10-13,26842.4467703098,108
2023-10-14,26861.9892375804,108
2023-10-15,27130.3067092344,108
2023-10-16,28506.7936741671,108
2023-10-17,28433.2051522501,108
2023-10-18,28328.0750195792,108
2023-10-19,28690.358041204,107
2023-10-20,29704.9853673291,108
2023-10-21,29922.5464044418,109
2023-10-22,29984.1593196961,110
2023-10-23,32954.1690482174,108
2023-10-24,33880.9566537113,108
2023-10-25,34488.6589210988,109
2023-10-26,34181.4922521917,110
2023-10-27,33896.938528346,111
2023-10-28,34091.5890327294,112
2023-10-29,34574.3377206312,112
2023-10-30,34495.1050207481,112
2023-10-31,34636.4264736996,111
2023-11-01,35431.9794532437,111
2023-11-02,34882.9173366452,110
2023-11-03,34708.2218804792,110
2023-11-04,35091.0763062537,110
2023-11-05,35105.0420265926,110
2023-11-06,35017.7151484512,110
2023-11-07,35418.4768901227,111
2023-11-08,35797.8946090006,110
2023-11-09,36675.3264333723,109
2023-11-10,37367.4943722969,112
2023-11-11,36979.9312405026,112
2023-11-12,37053.3410514319,112
2023-11-13,36543.2680870836,112
2023-11-14,35590.6835645821,111
2023-11-15,37840.5534894798,111
2023-11-16,36160.4044509059,110
2023-11-17,36569.7120534775,110
2023-11-18,36577.4249617183,110
2023-11-19,37442.7285119813,110
2023-11-20,37516.0503708358,110
2023-11-21,36035.0330862069,108
2023-11-22,37403.0347168323,108
2023-11-23,37311.7192156634,108
2023-11-24,37718.7841630625,108
2023-11-25,37800.1260932203,109
2023-11-26,37482.7055260082,109
2023-11-27,37229.2452197545,108
2023-11-28,37828.4655911748,107
2023-11-29,37846.8531227352,108
2023-11-30,37712.7114789597,107
2023-12-01,38703.5536820573,107
2023-12-02,39462.2799272355,107
2023-12-03,39978.2226104617,107
2023-12-04,41910.2994815897,108
2023-12-05,44067.0054763296,106
2023-12-06,43745.8343907072,106
2023-12-07,43282.6182261835,105
2023-12-08,44205.0522089421,105
2023-12-09,43740.0063927528,105
2023-12-10,43732.7120900059,105
2023-12-11,41209.8947904734,105
2023-12-12,41467.2735698422,105
2023-12-13,42939.0607583285,105
2023-12-14,43033.1371560491,105
2023-12-15,41978.0970195792,105
2023-12-16,42203.2140450029,104
2023-12-17,41428.6657855056,104
2023-12-18,42635.7331911163,107
2023-12-19,42271.863025716,107
2023-12-20,43605.1555549386,108
2023-12-21,43870.2382340736,108
2023-12-22,44009.5016551724,107
2023-12-23,43768.8067518995,106
2023-12-24,43097.8093258329,107
2023-12-25,43623.7504029807,108
2023-12-26,42491.1229079486,109
2023-12-27,43436.9594269433,108
2023-12-28,42670.6797180012,107
2023-12-29,41998.6033442431,108
2023-12-30,42204.4917744009,107
2023-12-31,42217.1587913501,106
2024-01-01,44049.4735534775,107
2024-01-02,44941.160493571,107
2024-01-03,42773.6515423729,107
2024-01-04,44250.7452670953,106
2024-01-05,44146.3222022209,105
2024-01-06,43917.9798147282,105
2024-01-07,43844.195949737,105
2024-01-08,46981.3242995324,105
2024-01-09,46084.005795149,105
2024-01-10,46818.1592764465,105
2024-01-11,46380.8708082992,105
2024-01-12,42817.4305356517,106
2024-01-13,42846.9544699006,105
2024-01-14,41888.1513068381,105
