d,price_usd,profit_loss
2022-10-09,19428.3671323787,51.65
2022-10-10,19154.4042346581,48.91
2022-10-11,19039.2820683811,48.59
2022-10-12,19156.9115645821,49.99
2022-10-13,19387.8336806546,52.74
2022-10-14,19177.6941031561,50.09
2022-10-15,19069.8749272355,48.75
2022-10-16,19261.7497878434,51.71
2022-10-17,19557.0218106371,54.59
2022-10-18,19341.4075543542,52.07
2022-10-19,19132.1544254822,49.04
2022-10-20,19033.3760239626,47.97
2022-10-21,19174.8763487434,50.32
2022-10-22,19207.6285078901,51.18
2022-10-23,19565.4123243717,55.12
2022-10-24,19341.460210111,53.17
2022-10-25,20094.9611215663,57.21
2022-10-26,20797.0308258328,59.56
2022-10-27,20280.1751280538,56.78
2022-10-28,20604.6138535944,58.82
2022-10-29,20803.8999205143,59.06
2022-10-30,20616.7033766803,58.01
2022-10-31,20490.8581808884,57.63
2022-11-01,20483.966530976,57.81
2022-11-02,20148.2845537697,55.51
2022-11-03,20198.1111860316,55.61
2022-11-04,21157.2449275278,61.14
2022-11-05,21283.4715999416,61.38
2022-11-06,20946.8030359439,59.99
2022-11-07,20568.5651183518,57.28
2022-11-08,18520.971163647,46.92
2022-11-09,15758.2912819988,45.25
2022-11-10,17541.5602866745,48.07
2022-11-11,16916.8506312098,47.57
2022-11-12,16771.2426718293,46.52
2022-11-13,16320.4983375219,45.55
2022-11-14,16629.4784146698,46.07
2022-11-15,16855.59378609,48.7
2022-11-16,16659.6063345996,47.6
2022-11-17,16675.1790204559,48.97
2022-11-18,16661.5229576271,47.99
2022-11-19,16696.0040581531,49.42
2022-11-20,16246.8446992987,45.05
2022-11-21,15778.0174047341,44.89
2022-11-22,16172.8893445354,46.22
2022-11-23,16574.0617299825,48.53
2022-11-24,16583.5243445354,48.79
2022-11-25,16522.3887767388,48.09
2022-11-26,16448.6413077148,46.78
2022-11-27,16436.0707688486,47.08
2022-11-28,16212.5814161309,46.7
2022-11-29,16443.0368199883,48.19
2022-11-30,17176.8986914085,54.83
2022-12-01,16961.2918042081,53.82
2022-12-02,17075.1091370544,54.61
2022-12-03,16899.5073831093,53.05
2022-12-04,17121.7149824664,55.03
2022-12-05,16961.3517866745,53.7
2022-12-06,17070.5158281707,54.77
2022-12-07,16848.2518243717,52.14
2022-12-08,17231.4563223261,55.69
2022-12-09,17136.1490008767,54.88
2022-12-10,17124.2146797195,54.66
2022-12-11,17094.3606592636,54.44
2022-12-12,17195.5249962011,55.45
2022-12-13,17774.9166320865,56.69
2022-12-14,17809.7240835769,56.28
2022-12-15,17344.0544569258,54.75
2022-12-16,16606.1101750438,49.15
2022-12-17,16774.3853702513,50.38
2022-12-18,16776.1159254822,50.59
2022-12-19,16424.1313857393,46.36
2022-12-20,16901.8169362946,53.17
2022-12-21,16800.5329707773,51.19
2022-12-22,16814.2225791935,50.76
2022-12-23,16780.5169798363,50.97
2022-12-24,16837.612170076,52.19
2022-12-25,16824.8389736996,52.34
2022-12-26,16879.9382273524,53.03
2022-12-27,16698.9112708942,49.83
2022-12-28,16536.2942001753,46.81
2022-12-29,16630.5931551724,49.21
2022-12-30,16593.6888287551,49.14
2022-12-31,16524.2178024547,47.01
2023-01-01,16606.7520432496,49.97
2023-01-02,16688.7192729398,51.54
2023-01-03,16670.0773836937,50.68
2023-01-04,16848.3660391584,54.0
2023-01-05,16824.8001826417,53.35
2023-01-06,16957.8622738165,56.35
2023-01-07,16917.49,56.27
2023-01-08,17059.2399444769,55.92
2023-01-09,17182.3198521333,57.15
2023-01-10,17433.9146320865,58.22
2023-01-11,17833.7107656341,58.9
2023-01-12,18869.7044842198,60.34
2023-01-13,19868.7247454705,63.51
2023-01-14,21010.9227200468,67.04
2023-01-15,20876.0085561075,66.26
2023-01-16,21180.4119485681,67.39
2023-01-17,21178.2993962595,67.11
2023-01-18,20709.6686040327,64.11
2023-01-19,21071.8334152542,66.29
2023-01-20,22660.7169421391,69.51
2023-01-21,22803.172761543,69.73
2023-01-22,22716.2771966686,68.66
2023-01-23,22929.0248936295,69.31
2023-01-24,22611.1268787259,67.95
2023-01-25,23109.0845189947,70.21
2023-01-26,23008.6894766219,69.11
2023-01-27,23070.4964582116,69.95
2023-01-28,23008.8094649328,68.51
2023-01-29,23774.9963679135,71.54
2023-01-30,22799.427261543,67.07
2023-01-31,23130.0519132087,69.49
2023-02-01,23727.2026075395,71.57
2023-02-02,23505.6048430742,70.58
2023-02-03,23445.8131773816,70.26
2023-02-04,23355.5243863238,69.85
2023-02-05,22957.2251905319,66.26
2023-02-06,22745.1650371128,65.73
2023-02-07,23266.2692036821,69.73
2023-02-08,22937.5799453536,66.09
2023-02-09,21818.1989456458,64.02
2023-02-10,21620.5667837522,64.09
2023-02-11,21864.8626414378,64.96
2023-02-12,21772.1373252484,64.58
2023-02-13,21798.7157168323,64.94
2023-02-14,22222.415043834,66.0
2023-02-15,24304.6129827586,72.44
2023-02-16,23742.4488354763,71.07
2023-02-17,24607.3356054939,72.18
2023-02-18,24636.5266127995,72.16
2023-02-19,24366.9907606663,71.38
2023-02-20,24797.8430359439,72.2
2023-02-21,24400.3893898305,71.0
2023-02-22,24163.7389812975,71.04
2023-02-23,23910.0342104033,70.1
2023-02-24,23175.8242036821,67.67
2023-02-25,23159.8154403857,67.06
2023-02-26,23542.0964281122,69.37
2023-02-27,23504.1894178843,69.22
2023-02-28,23145.9491277031,67.44
2023-03-01,23610.6590902981,69.54
2023-03-02,23470.0254815897,69.17
2023-03-03,22350.0962340736,63.58
2023-03-04,22334.2852638808,63.64
2023-03-05,22419.8171390999,64.22
2023-03-06,22414.7033056692,64.68
2023-03-07,22174.6484725307,63.11
2023-03-08,21701.3846227352,62.45
2023-03-09,20349.8141732905,58.31
2023-03-10,19951.37,58.83
2023-03-17,27450.6282933957,74.4
2023-03-18,26985.7359915254,73.58
2023-03-19,28185.2043319696,74.38
2023-03-20,27834.3361090006,73.38
2023-03-21,28172.7950558153,74.22
2023-03-22,27341.5571297487,72.34
2023-03-23,28387.8897495617,74.34
2023-03-24,27464.1249453536,71.87
2023-03-25,27518.62,72.04
2023-03-27,27154.9963702513,71.43
2023-03-28,27283.9634029807,71.86
2023-03-29,28389.2917784921,74.22
2023-03-30,28021.5583009936,72.55
2023-03-31,28514.6813062537,75.44
2023-04-01,28494.5638863238,75.32
2023-04-02,28161.9980362361,72.74
2023-04-03,27850.9799436002,71.4
2023-04-04,28113.9585187025,72.79
2023-04-05,28190.3116063705,72.65
2023-04-06,28049.0744763296,71.85
2023-04-07,27936.8042609585,71.29
2023-04-08,27964.0512498539,71.18
2023-04-09,28357.8072703098,75.01
2023-04-10,29687.5651846873,76.67
2023-04-11,30247.0959193454,77.21
2023-04-12,29913.0035463472,75.34
2023-04-13,30370.82207218,77.15
2023-04-14,30458.9700414962,77.1
2023-04-15,30342.0591084161,76.7
2023-04-16,30312.9308533022,76.83
2023-04-17,29469.5050727645,74.18
2023-04-18,30366.8723813559,77.07
2023-04-19,28796.7440952659,72.64
2023-04-20,28251.2763790181,70.5
2023-04-21,27292.0211052016,67.74
2023-04-22,27827.5475920514,68.87
2023-04-23,27604.6855742256,68.25
2023-04-24,27520.1996729982,68.31
2023-04-25,28302.6942180012,71.61
2023-04-26,28384.2340333139,72.39
2023-04-27,29465.5514272355,74.49
2023-04-28,29350.811886616,74.16
2023-04-29,29221.5145075979,73.6
2023-04-30,29362.0867974868,74.25
2023-05-01,28114.9531873174,69.85
2023-05-02,28690.5809959088,72.95
2023-05-03,29045.0427735243,73.86
2023-05-04,28855.8574465225,73.04
2023-05-05,29552.9695236704,75.35
2023-05-06,28899.4629602572,73.08
2023-05-07,28761.738434249,71.41
2023-05-08,27727.2854091175,65.89
2023-05-09,27642.4281092928,65.79
2023-05-10,27646.004902104,66.38
2023-05-11,26986.271065751,64.27
2023-05-12,26773.3443591467,64.5
2023-05-13,26841.3982913501,64.71
2023-05-14,26918.261597896,64.7
2023-05-15,27231.6216052016,65.8
2023-05-16,27025.7181864407,64.61
2023-05-17,27401.0440610754,66.58
2023-05-18,26843.2350938048,64.56
2023-05-19,26889.503631502,64.56
2023-05-20,27100.8582878434,66.37
2023-05-21,26777.0977831677,63.63
2023-05-22,26858.7370637054,64.64
2023-05-23,27226.8558763881,66.45
2023-05-24,26341.4306446522,62.97
2023-05-25,26484.8359234366,63.69
2023-05-26,26720.3838071303,63.89
2023-05-27,26854.5403702513,64.74
2023-05-28,28097.5211259497,70.52
2023-05-29,27765.0728693746,68.81
2023-05-30,27712.4915844535,68.47
2023-05-31,27217.6832580362,66.48
2023-06-01,26825.3713451198,63.53
2023-06-02,27255.2279941555,67.24
2023-06-03,27079.4084643483,65.59
2023-06-04,27158.25456955,66.52
2023-06-05,25785.8514842198,61.95
2023-06-06,27213.7705187025,67.04
2023-06-07,26339.5790292227,62.37
2023-06-08,26521.693600526,63.7
2023-06-09,26470.6775780245,63.35
2023-06-10,25863.2138506721,62.14
2023-06-11,25906.8281516657,62.24
2023-06-12,25906.7519354179,62.68
2023-06-13,25880.8599734074,62.31
2023-06-14,25097.5853796026,61.0
2023-06-15,25559.1433293396,61.91
2023-06-16,26331.8200943892,64.3
2023-06-17,26514.1713495032,65.27
2023-06-18,26353.962682934,63.98
2023-06-19,26778.0634415547,66.47
2023-06-20,28305.4204573349,72.67
2023-06-21,30099.5153509643,77.52
2023-06-22,29952.5112866745,76.56
2023-06-23,30638.3537644652,78.24
2023-06-24,30549.0162872589,77.9
2023-06-25,30467.4403705435,77.64
2023-06-26,30255.8861241964,76.96
2023-06-27,30656.2,77.75
2023-06-28,30104.0432717709,75.19
2023-06-29,30460.792978083,77.17
2023-06-30,30484.503257744,76.99
2023-07-01,30581.6889655172,77.56
2023-07-02,30594.2164736996,77.73
2023-07-03,31135.3575993571,78.63
2023-07-04,30799.9474558738,77.94
2023-07-05,30497.8221282876,76.01
2023-07-06,29979.7298094681,73.26
2023-07-07,30329.8829786674,75.18
2023-07-08,30263.6196341321,74.2
2023-07-09,30163.2210563998,73.7
2023-07-10,30394.6555806546,75.65
2023-07-11,30616.247094097,77.37
2023-07-12,30385.6087852133,75.27
2023-07-13,31434.7354704851,79.17
2023-07-14,30310.6720204559,73.42
2023-07-15,30290.8905958504,74.3
2023-07-16,30249.7729658095,74.4
2023-07-17,30143.7462744009,72.67
2023-07-18,29835.7474076563,71.07
2023-07-19,29913.0294646406,71.07
2023-07-20,29805.6065707189,71.24
2023-07-21,29919.6934921099,71.6
2023-07-22,29726.0096271186,70.65
2023-07-23,29882.43,72.97
2023-07-26,29361.5917580362,70.7
2023-07-27,29201.6865175336,69.71
2023-07-28,29316.3130751023,70.73
2023-07-29,29360.376179135,71.32
2023-07-30,29262.8367337814,70.2
2023-07-31,29219.8201887785,70.11
2023-08-01,29499.5875385739,71.47
2023-08-02,29143.1519620105,68.98
2023-08-03,29192.3448617767,70.46
2023-08-04,29057.2532437171,68.53
2023-08-05,29053.0956975453,68.63
2023-08-06,29048.0433275862,68.81
2023-08-07,29164.3585873758,69.38
2023-08-08,29779.511383986,73.16
2023-08-09,29582.9442375804,72.4
2023-08-10,29430.1599117475,71.95
2023-08-11,29399.784739626,71.29
2023-08-12,29415.733902104,72.04
2023-08-13,29286.1176110462,70.28
2023-08-14,29408.9717127411,72.07
2023-08-15,29167.59721654,68.95
2023-08-16,28754.2924079486,67.03
2023-08-17,26660.5627264757,60.94
2023-08-18,26037.3658474576,59.31
2023-08-19,26093.981808007,59.58
2023-08-20,26176.4721642315,59.93
2023-08-21,26128.9050160725,60.09
2023-08-22,25978.2096914085,59.44
2023-08-23,26452.1935882525,61.94
2023-08-24,26126.7943331385,60.28
2023-08-25,26040.881255114,60.07
2023-08-26,26006.1740800701,59.74
2023-08-27,26086.3612594974,60.61
2023-08-28,26103.2765730567,60.72
2023-08-29,27672.2221306254,66.48
2023-08-30,27298.997779661,65.57
2023-08-31,25954.8665935126,59.12
2023-09-01,25802.7885298071,58.69
2023-09-02,25868.2960976037,59.16
2023-09-03,25962.5475689655,59.54
2023-09-04,25799.5256870251,58.39
2023-09-05,25782.3622200468,58.57
2023-09-06,25754.7902676797,58.59
2023-09-07,26210.6045637054,62.24
2023-09-08,25904.6982127411,59.91
2023-09-09,25894.6205976037,60.13
2023-09-10,25856.26,59.66
2023-09-11,25135.0393781414,57.71
2023-09-12,25859.7018068381,60.35
2023-09-13,26226.8667524839,62.84
2023-09-14,26556.056943308,64.38
2023-09-15,26672.6160818235,64.73
2023-09-16,26555.6361031561,64.35
2023-09-17,26502.4321189363,63.73
2023-09-18,26474.89,64.72
2023-09-19,27215.0504848042,66.9
2023-09-20,27133.4037235535,66.23
2023-09-21,26571.5952919345,63.49
2023-09-22,26581.1476116306,64.0
2023-09-23,26575.776386616,63.18
2023-09-24,26286.6410488019,62.51
2023-09-25,26288.8095005845,61.7
2023-09-26,26194.5378880772,60.68
2023-09-27,26336.0825973115,62.0
2023-09-28,27033.4254415546,65.78
2023-09-29,26911.2514739918,65.19
2023-09-30,26977.6933126826,65.66
2023-10-01,27950.1453594389,69.13
2023-10-02,27565.8892954413,67.58
2023-10-03,27439.1422393337,67.36
2023-10-04,27797.251176505,68.69
2023-10-05,27426.3450926359,66.88
2023-10-06,27941.9633760959,69.27
2023-10-07,27972.7515704266,69.28
2023-10-08,27936.3261157218,68.68
2023-10-09,27591.3467618352,67.45
2023-10-10,27419.7971803039,66.47
2023-10-11,26828.1725710111,62.77
2023-10-12,26741.3405990649,62.67
2023-10-13,26842.4467703098,63.4
2023-10-14,26861.9892375804,63.6
2023-10-15,27130.3067092344,65.89
2023-10-16,28506.7936741671,72.14
2023-10-17,28433.2051522501,71.79
2023-10-18,28328.0750195792,69.7
2023-10-19,28690.358041204,73.08
2023-10-20,29704.9853673291,76.6
2023-10-21,29922.5464044418,77.23
2023-10-22,29984.1593196961,77.39
2023-10-23,32954.1690482174,81.77
2023-10-24,33880.9566537113,81.39
2023-10-25,34488.6589210988,82.18
2023-10-26,34181.4922521917,81.35
2023-10-27,33896.938528346,80.11
2023-10-28,34091.5890327294,81.17
2023-10-29,34574.3377206312,82.37
2023-10-30,34495.1050207481,82.1
2023-10-31,34636.4264736996,82.48
2023-11-01,35431.9794532437,83.03
2023-11-02,34882.9173366452,82.18
2023-11-03,34708.2218804792,81.99
2023-11-04,35091.0763062537,82.77
2023-11-05,35105.0420265926,82.25
2023-11-06,35017.7151484512,82.41
2023-11-07,35418.4768901227,82.9
2023-11-08,35797.8946090006,83.25
2023-11-09,36675.3264333723,83.4
2023-11-10,37367.4943722969,84.04
2023-11-11,36979.9312405026,82.71
2023-11-12,37053.3410514319,83.1
2023-11-13,36543.2680870836,81.62
2023-11-14,35590.6835645821,80.6
2023-11-15,37840.5534894798,84.47
2023-11-16,36160.4044509059,80.85
2023-11-17,36569.7120534775,81.86
2023-11-18,36577.4249617183,81.76
2023-11-19,37442.7285119813,83.73
2023-11-20,37516.0503708358,84.28
2023-11-21,36035.0330862069,79.58
2023-11-22,37403.0347168323,83.83
2023-11-23,37311.7192156634,83.03
2023-11-24,37718.7841630625,84.1
2023-11-25,37800.1260932203,84.04
2023-11-26,37482.7055260082,83.31
2023-11-27,37229.2452197545,81.74
2023-11-28,37828.4655911748,84.48
2023-11-29,37846.8531227352,83.87
2023-11-30,37712.7114789597,83.4
2023-12-01,38703.5536820573,85.75
2023-12-02,39462.2799272355,86.65
2023-12-03,39978.2226104617,87.5
2023-12-04,41910.2994815897,88.53
2023-12-05,44067.0054763296,89.84
2023-12-06,43745.8343907072,88.6
2023-12-07,43282.6182261835,87.97
2023-12-08,44205.0522089421,89.84
2023-12-09,43740.0063927528,88.51
2023-12-10,43732.7120900059,88.08
2023-12-11,41209.8947904734,85.18
2023-12-12,41467.2735698422,85.31
2023-12-13,42939.0607583285,87.72
2023-12-14,43033.1371560491,87.91
2023-12-15,41978.0970195792,86.34
2023-12-16,42203.2140450029,86.66
2023-12-17,41428.6657855056,84.67
2023-12-18,42635.7331911163,87.49
2023-12-19,42271.863025716,86.43
2023-12-20,43605.1555549386,88.54
2023-12-21,43870.2382340736,89.16
2023-12-22,44009.5016551724,89.44
2023-12-23,43768.8067518995,88.54
2023-12-24,43097.8093258329,86.38
2023-12-25,43623.7504029807,88.18
2023-12-26,42491.1229079486,85.21
2023-12-27,43436.9594269433,87.35
2023-12-28,42670.6797180012,85.73
2023-12-29,41998.6033442431,83.05
2023-12-30,42204.4917744009,84.22
2023-12-31,42217.1587913501,84.54
2024-01-01,44049.4735534775,89.32
2024-01-02,44941.160493571,89.7
2024-01-03,42773.6515423729,85.81
2024-01-04,44250.7452670953,89.37
2024-01-05,44146.3222022209,89.25
2024-01-06,43917.9798147282,88.18
2024-01-07,43844.195949737,88.2
2024-01-08,46981.3242995324,91.21
2024-01-09,46084.005795149,89.63
2024-01-10,46818.1592764465,91.21
2024-01-11,46380.8708082992,89.31
2024-01-12,42817.4305356517,82.19
2024-01-13,42846.9544699006,83.78
2024-01-14,41888.1513068381,80.86
2024-01-15,42528.9192489772,81.9
2024-01-16,43171.4472241379,85.53
2024-01-17,42689.304327294,81.53
2024-01-18,41261.9076177674,77.91
2024-01-19,41606.8535330216,79.38
2024-01-20,41668.6904102864,79.74
2024-01-21,41537.1123562244,79.33
2024-01-22,39577.0998603156,76.18
2024-01-23,39737.3143617767,76.56
2024-01-24,40101.8568980129,77.62
2024-01-25,39917.6611461134,77.11
2024-01-26,41860.7310458796,81.05
2024-01-27,42125.3014155465,82.09
2024-01-28,41983.0202744009,80.86
2024-01-29,43218.3470821157,86.15
2024-01-30,42950.0541277031,85.17
2024-01-31,42589.4708059614,81.67
2024-02-01,43020.3596548802,85.11
2024-02-02,43155.3852030976,85.74
2024-02-03,42982.3789979544,85.23
2024-02-04,42576.2913050847,81.86
2024-02-05,42619.2742738165,81.4
2024-02-06,43102.7062632963,85.36
2024-02-07,44253.0314731151,89.19
2024-02-08,45332.09157218,89.89
2024-02-09,47176.9665137347,91.19
2024-02-10,47792.8972156634,92.12
2024-02-11,48200.7986057861,92.07
2024-02-12,49989.80371654,93.78
2024-02-13,49628.0941528346,92.58
2024-02-14,51844.2929193454,94.43
2024-02-15,51939.1472919345,93.45
2024-02-16,52157.3123977206,94.02
2024-02-17,51674.8158521333,92.95
2024-02-18,52148.0645365283,94.32
2024-02-19,51804.8051537113,92.69
2024-02-20,52308.0531712449,94.41
2024-02-21,51744.321808007,91.83
2024-02-22,51292.3252574518,91.16
2024-02-23,50789.1431759205,90.07
2024-02-24,51578.2349164231,92.37
2024-02-25,51746.4789669784,93.24
2024-02-26,54551.8259184687,95.12
2024-02-27,57049.888220339,96.54
2024-02-28,62460.740619813,99.49
2024-02-29,61394.7818515488,98.01
2024-03-01,62524.401817066,98.73
2024-03-02,62049.6145637054,97.83
2024-03-03,62991.4422913501,99.58
2024-03-04,68091.8388243717,99.97
2024-03-05,63950.524329924,97.89
2024-03-06,66103.7215400351,97.19
2024-03-07,67070.3791484512,98.81
2024-03-08,68343.7149552893,99.41
2024-03-09,68502.5053392753,99.47
2024-03-10,68882.2513395675,99.23
2024-03-11,72198.0875341905,99.57
2024-03-12,71432.7283018702,98.05
2024-03-13,73081.5759053185,99.24
2024-03-14,71505.2729076563,95.98
2024-03-15,69424.9141753361,95.63
2024-03-16,65433.6819006429,91.77
2024-03-17,68285.0891691993,95.13
2024-03-18,67770.8865245471,94.32
2024-03-19,61969.3075394506,89.38
2024-03-20,67848.1076396844,95.18
2024-03-21,65454.7357232612,91.91
2024-03-22,63486.4849997078,90.4
2024-03-23,64361.2429047341,91.63
2024-03-24,67289.5658310929,94.51
2024-03-25,70042.0204237288,96.3
2024-03-26,70071.0472144945,95.87
2024-03-27,69267.8879815897,95.17
2024-03-28,70826.8968714202,96.57
2024-03-29,69917.0430070134,95.05
2024-03-30,69663.0119073641,94.54
2024-03-31,71227.4517939801,97.84
2024-04-01,69791.6277305669,95.9
2024-04-02,65533.7548351841,89.55
2024-04-03,66130.2162393337,90.04
2024-04-04,68438.135024547,94.3
2024-04-05,67904.9094766219,93.55
2024-04-06,69136.0710783168,96.05
2024-04-07,69392.6830108124,96.02
2024-04-08,71712.7972840444,97.46
2024-04-09,69074.5418638223,94.64
2024-04-10,70579.4456767972,97.11
2024-04-11,70046.5536057861,95.91
2024-04-12,67098.113691993,90.61
2024-04-13,64551.6482875512,87.55
2024-04-14,65648.8099602572,88.38
2024-04-15,63393.325166277,86.33
2024-04-16,63784.8203340152,87.79
2024-04-17,61324.2184286967,84.65
2024-04-18,63510.14500263,87.53
2024-04-19,63762.6310300994,87.27
2024-04-20,64907.9928366452,88.84
2024-04-21,64968.192619813,88.94
2024-04-22,66944.5960911748,91.64
2024-04-23,66385.3002919345,90.29
2024-04-24,64189.9679064874,87.08
2024-04-25,64515.3874725307,87.87
2024-04-26,63777.4715002922,86.61
2024-04-27,63429.3099649328,85.59
2024-04-28,62978.5770049678,85.24
2024-04-29,63908.3888766803,87.28
2024-04-30,60636.3261633548,82.4
2024-05-01,58141.7772799532,81.26
2024-05-02,59170.1088936295,82.4
2024-05-03,62983.6554783752,86.75
2024-05-04,63881.1305429573,88.42
2024-05-05,64067.5959918177,88.69
2024-05-06,63228.1031341321,86.55
2024-05-07,62396.999720339,85.31
2024-05-08,61079.27442782,83.16
2024-05-09,62998.4903381064,86.09
2024-05-10,60896.6418880772,82.72
2024-05-11,60843.5729240211,82.87
2024-05-12,61431.2746879018,83.98
2024-05-13,62886.9394491526,86.41
2024-05-14,61555.5670046756,83.86
2024-05-15,66281.5322542373,90.87
2024-05-16,65269.2603246639,89.74
2024-05-17,66956.4409476914,92.59
2024-05-18,66977.6006914085,92.47
2024-05-19,66259.4704260666,90.63
2024-05-20,71202.2025902981,97.6
2024-05-21,70217.2546914085,96.67
2024-05-22,69074.9141350088,94.97
2024-05-23,67758.7306586791,92.87
2024-05-24,68608.998279661,94.19
2024-05-25,69282.7925976037,95.59
2024-05-26,68445.0069532437,93.64
2024-05-27,69347.815260374,95.63
2024-05-28,68342.8204488603,93.4
2024-05-29,67584.2632402104,91.34
2024-05-30,68375.4760260082,93.28
2024-05-31,67377.7626122151,90.61
2024-06-01,67714.3526399766,91.62
2024-06-02,67805.4855742256,91.84
2024-06-03,68833.3028351841,94.9
2024-06-04,70554.0894330801,97.38
2024-06-05,71087.4433158971,97.67
2024-06-06,70788.5013755114,96.89
2024-06-07,69338.1573240795,94.25
2024-06-08,69310.1092618352,94.22
2024-06-09,69644.0190894214,95.06
2024-06-10,69465.9362478083,94.37
2024-06-11,67368.263506429,88.91
2024-06-12,68213.8346838106,90.82
2024-06-13,66783.4902767388,86.92
2024-06-14,65982.1865195792,85.41
2024-06-15,66204.904308007,85.62
2024-06-16,66622.5999336645,87.08
2024-06-17,66483.8785260082,87.05
2024-06-18,65112.1230020456,84.58
2024-06-19,64878.7141525424,84.03
2024-06-20,64897.7011542957,84.2
2024-06-21,64086.0489228521,83.16
2024-06-22,64258.135506429,83.8
2024-06-23,63345.0218760959,81.68
2024-06-24,60258.9554374635,77.93
2024-06-25,61739.6658477498,80.68
2024-06-26,60794.4760584454,78.46
2024-06-27,61569.9234275278,80.69
2024-06-28,60303.3147364115,77.26
2024-06-29,60889.3298430742,79.14
2024-06-30,62763.2796861485,83.07
2024-07-01,62835.3997647575,82.92
2024-07-02,62028.6170385739,81.1
2024-07-03,60216.3920859147,77.6
2024-07-04,57418.2420213326,76.15
2024-07-05,56720.9881256575,75.37
2024-07-06,58259.221773232,77.53
2024-07-07,56112.5725587376,74.67
2024-07-08,56691.9149061952,75.58
2024-07-09,57981.4320967271,77.84
2024-07-10,57722.0113527177,76.96
2024-07-11,57307.712738457,76.13
2024-07-12,57859.1202819988,77.48
2024-07-13,59329.0372016365,79.21
2024-07-14,61015.0339412624,81.34
2024-07-15,64734.7611697837,87.2
2024-07-16,65118.8266583869,87.97
2024-07-17,64201.3707805377,86.26
2024-07-18,63984.3022022209,85.63
2024-07-19,66755.7833828171,90.09
2024-07-20,67185.4978112215,91.55
2024-07-21,68056.6201215663,93.45
2024-07-22,67535.1976738749,92.63
2024-07-23,65916.4081616014,87.09
2024-07-24,65353.3857784921,85.74
2024-07-25,65722.0611917007,87.13
2024-07-26,67912.2433091759,93.43
2024-07-27,68077.3730812391,93.78
2024-07-28,68170.6691309176,93.44
2024-07-29,66867.167277031,88.59
2024-07-30,66186.9146861484,87.2
2024-07-31,64690.6340385739,83.87
2024-08-01,65178.0554891876,85.31
2024-08-02,61506.7698877849,79.16
2024-08-03,60688.2444272355,76.83
2024-08-04,58306.2644786675,75.26
2024-08-05,54343.6276773816,72.85
2024-08-06,56047.4712866744,73.92
2024-08-07,55129.7410376973,72.54
2024-08-08,61908.7896724138,81.65
2024-08-09,60720.9407594974,78.63
2024-08-10,60871.5550727645,79.81
2024-08-11,58836.1043722969,76.3
2024-08-12,59394.1629538282,76.74
2024-08-13,60536.2457846289,78.95
2024-08-14,58840.6466797195,76.12
2024-08-15,57644.1876879018,74.83
2024-08-16,58927.2765087668,76.78
2024-08-17,59414.6743351841,77.91
2024-08-18,58793.2061458212,76.8
2024-08-19,59411.5190169492,77.74
2024-08-20,59123.3002662186,77.32
2024-08-21,61133.0256493279,81.89
2024-08-22,60394.4737749854,78.88
2024-08-23,64106.8029152543,86.49
2024-08-24,64023.226703682,85.47
2024-08-25,64498.0183413209,87.29
2024-08-26,62983.4427729398,83.67
2024-08-27,59548.0076215663,76.83
2024-08-28,59100.7747548217,76.08
2024-08-29,59339.7909947399,76.82
2024-08-30,59142.9399640561,76.29
2024-08-31,58959.926273232,75.56
2024-09-01,57349.0807180012,73.53
2024-09-02,59159.0238877849,77.12
2024-09-03,57637.7754444769,73.82
2024-09-04,58033.3989704851,75.5
2024-09-05,56112.9529400935,71.74
2024-09-06,53838.9534623028,69.85
2024-09-07,54066.4399248977,70.01
2024-09-08,54859.2584082408,71.45
2024-09-09,57135.7814371712,74.46
2024-09-10,57664.4998214494,75.46
2024-09-11,57409.1950663355,75.26
2024-09-12,58124.6418065459,76.92
2024-09-13,60536.8814503215,81.0
2024-09-14,60007.1702507306,80.05
2024-09-15,59129.9197536528,78.38
2024-09-16,58227.46421654,76.2
2024-09-17,60238.2177255991,80.06
2024-09-18,61306.2337317358,81.23
2024-09-19,62994.6096528346,85.41
2024-09-20,63153.9518270018,85.69
2024-09-21,63367.7296078317,85.95
2024-09-22,63571.9521729983,86.52
2024-09-23,63336.0126347165,85.35
2024-09-24,64342.7891113384,88.36
2024-09-25,63059.6269167154,83.89
2024-09-26,65057.7861461134,88.87
2024-09-27,65767.7132542373,89.33
2024-09-28,65770.5276478667,88.85
2024-09-29,65617.7610689655,88.78
2024-09-30,63260.0425482174,84.0
2024-10-01,60858.2487086499,78.13
2024-10-02,60686.0993135593,77.97
2024-10-03,60765.2367498539,78.63
2024-10-04,62052.5100496785,81.91
2024-10-05,62030.4538977206,81.42
2024-10-06,62789.8814555815,83.01
2024-10-07,62416.508829924,82.72
2024-10-08,62126.3273769725,80.34
2024-10-09,60615.2581917008,76.26
2024-10-10,60221.1172869667,75.69
2024-10-11,62462.539962595,82.53
2024-10-12,63202.8806992987,84.67
2024-10-13,62759.431113384,83.23
2024-10-14,66089.7587410871,91.07
2024-10-15,66933.974833723,91.8
2024-10-16,67662.9534038574,94.54
2024-10-17,67337.9075482174,93.4
2024-10-18,68390.5375625365,94.85
2024-10-19,68357.8982963179,94.84
2024-10-20,69012.3532089421,96.76
2024-10-21,67440.4625058445,92.69
2024-10-22,67425.7553211572,93.34
2024-10-23,66647.2866642315,88.65
2024-10-24,68130.9948369374,94.16
2024-10-25,66261.5376861485,87.97
2024-10-26,67023.3399611338,89.73
2024-10-27,68000.1475008767,93.83
2024-10-28,69862.5205470485,97.61
2024-10-29,72678.7866201052,99.46
2024-10-30,72450.2843819404,99.29
2024-10-31,70367.0819576271,95.85
2024-11-01,69483.5830303916,94.6
2024-11-02,69241.6794865576,94.38
2024-11-03,68742.7546227352,92.93
2024-11-04,67779.0969795441,90.64
2024-11-05,69538.0241729982,95.25
2024-11-06,75696.0366192285,99.71
2024-11-07,75972.2955546464,99.62
2024-11-08,76507.4474012273,99.65
2024-11-09,76799.2527469316,99.92
2024-11-10,80409.2865666277,99.77
2024-11-11,88859.998448568,100.0
2024-11-12,88048.7488877849,99.08
2024-11-13,90369.3819693162,99.33
2024-11-14,87204.2569827586,96.96
2024-11-15,91139.0844427236,99.62
2024-11-16,90567.6957568673,98.7
2024-11-17,89732.9704292811,98.08
2024-11-18,90587.6965534775,98.05
2024-11-19,92254.1385800701,99.14
2024-11-20,94160.0406858562,99.41
2024-11-21,98545.5688798948,99.98
2024-11-22,98938.3495450029,99.08
2024-11-23,97707.0484590883,96.46
2024-11-24,97980.2082819988,97.01
2024-11-25,93343.0290745178,94.44
2024-11-26,91875.5699593805,93.57
2024-11-27,95989.0802273524,96.14
2024-11-28,95737.9402822911,95.98
2024-11-29,97398.9417399182,96.76
2024-11-30,96463.6248980129,95.57
2024-12-01,97469.6044529515,96.79
2024-12-02,95726.4417258913,94.72
2024-12-03,96010.8774228521,95.38
2024-12-04,98920.2528255406,99.38
2024-12-05,96949.6644117475,94.36
2024-12-06,99953.1056580947,98.15
2024-12-07,99977.7002282291,98.22
2024-12-08,100798.98356429,98.37
2024-12-09,97390.1988597311,92.5
2024-12-10,96835.5017387493,91.83
2024-12-11,101310.201899766,98.72
2024-12-12,100090.890479544,97.37
2024-12-13,101289.823976914,98.43
2024-12-14,101366.87166803,98.09
2024-12-15,104551.367141146,100.0
2024-12-16,105855.672229982,99.06
2024-12-17,106115.910582992,98.32
2024-12-18,100469.770656926,95.39
2024-12-19,97697.045779661,89.87
2024-12-20,97617.4422051432,90.08
2024-12-21,97093.0190832846,88.74
2024-12-22,95149.1058252484,86.68
2024-12-23,94800.7562060199,86.35
2024-12-24,98637.7330543542,94.05
2024-12-25,99235.3678869082,94.1
2024-12-26,95628.3030902981,87.16
2024-12-27,94219.9821461134,85.45
2024-12-28,95123.5811098773,87.04
2024-12-29,93457.5783202806,84.02
2024-12-30,92523.163085038,83.61
2024-12-31,93389.7326016949,84.23
2025-01-01,94455.7965718878,86.9
2025-01-02,96851.393682934,88.96
2025-01-03,98120.6846759205,93.26
2025-01-04,98230.0478571011,93.34
2025-01-05,98414.8120964348,94.24
2025-01-06,102179.560366745,98.06
2025-01-07,96974.9957857978,88.41
2025-01-08,95039.2809210988,86.22
2025-01-09,92346.1691589714,82.42
2025-01-10,94759.1196358854,86.29
2025-01-11,94606.5080099357,86.33
2025-01-12,94353.7752586207,84.96
2025-01-13,94375.7299102864,86.14
2025-01-14,96569.475726768,89.2
2025-01-15,100172.405985096,96.17
2025-01-16,99977.7298234951,95.8
2025-01-17,104296.588034191,98.45
2025-01-18,104398.156261251,98.53
2025-01-19,100954.572281999,95.6
2025-01-20,102588.998699006,97.22
2025-01-21,105987.888705435,98.44
2025-01-22,103791.128861485,96.93
2025-01-23,104184.616743717,97.15
2025-01-24,104716.12488194,97.49
2025-01-25,104866.085348919,97.5
2025-01-26,102833.369273232,95.81
2025-01-27,101907.44629661,95.28
2025-01-28,101138.144066043,93.61
2025-01-29,103918.795458796,96.7
2025-01-30,104987.446410871,97.58
2025-01-31,102263.043670953,94.47
2025-02-01,100610.290439801,92.51
2025-02-02,97424.7809000584,86.15
2025-02-03,101582.408702221,94.55
2025-02-04,97848.1497592051,85.78
2025-02-05,97599.99,84.56
2025-02-06,96541.3006811806,84.53
2025-02-07,96384.1109836353,84.05
2025-02-08,96603.318157218,84.9
2025-02-09,96309.7532405026,83.77
2025-02-10,97375.2253535944,86.52
2025-02-11,95806.2580385739,83.43
2025-02-12,97756.4976548802,88.69
2025-02-13,96534.7406332554,84.72
2025-02-14,97414.3589821742,87.17
2025-02-15,97583.2431767972,88.27
2025-02-16,96182.2661706604,84.12
2025-02-17,95790.5109985389,83.16
2025-02-18,95444.031886616,82.91
2025-02-19,96647.9132977791,85.39
2025-02-20,98392.2197247224,91.17
2025-02-21,96048.9937247224,83.29
2025-02-22,96605.7091057861,84.78
2025-02-23,96091.6329774985,83.24
2025-02-24,91869.6543430742,78.47
2025-02-25,88769.7356265342,78.04
2025-02-26,83987.89564173,76.98
2025-02-27,84625.4191364699,77.19
2025-02-28,84243.7779114553,77.72
2025-03-01,85844.3685628288,78.4
2025-03-02,94328.0094444769,82.83
2025-03-03,86315.9305511397,78.1
2025-03-04,87323.690650789,78.63
2025-03-05,90619.4090976038,80.33
2025-03-06,90222.0693275862,79.98
2025-03-07,86553.5921937464,77.61
2025-03-08,86171.2789362946,77.58
2025-03-09,80647.7964108709,76.08
2025-03-10,79005.9601291642,75.96
2025-03-11,82747.1601917008,77.34
2025-03-12,83630.1581101695,77.85
2025-03-13,81110.2890490941,76.37
2025-03-14,84105.8335517241,78.45
2025-03-15,84352.8773018703,78.49
2025-03-16,82492.1028287551,76.66
2025-03-17,84013.947518118,78.47
2025-03-18,82680.8065514319,76.95
2025-03-19,86774.23507218,79.83
2025-03-20,84124.9712878434,78.31
2025-03-21,84069.4081800117,78.67
2025-03-22,83821.220305377,77.8
2025-03-23,85760.8814506137,79.62
2025-03-24,87322.5718568089,79.81
2025-03-25,87422.8426084161,79.96
2025-03-26,86836.6760955582,79.1
2025-03-27,87211.3240169492,79.63
2025-03-28,84309.0783550555,77.7
2025-03-29,82497.1792472238,75.88
2025-03-30,82216.4666765049,75.71
2025-03-31,82461.4496279953,76.15
2025-04-01,85226.7137936879,79.55
2025-04-02,82555.631296318,76.03
2025-04-03,82931.697399474,76.62
2025-04-04,83774.1797375804,78.35
2025-04-05,83302.1715756867,77.24
2025-04-06,77949.0884926943,74.12
2025-04-07,79421.8044105786,75.29
2025-04-08,76351.4295303916,74.02
2025-04-09,82720.6034891876,77.72
2025-04-10,79558.9558252484,75.21
2025-04-11,83359.8995157802,78.75
2025-04-12,85269.2495119813,80.82
2025-04-13,83568.9544360023,78.57
2025-04-14,84589.0324135009,80.22
2025-04-15,83671.3439713618,78.4
2025-04-16,84151.5357562829,79.52
2025-04-17,84940.5838538866,80.72
2025-04-18,84434.7727463472,79.63
2025-04-19,85124.721496201,81.71
2025-04-20,85101.7461545879,80.67
2025-04-21,87360.7198933372,82.9
2025-04-22,93495.6106890707,85.95
2025-04-23,93695.7404772063,86.44
2025-04-24,93849.8817790766,86.75
2025-04-25,94771.4128007014,87.73
2025-04-26,94694.5111014027,87.62
2025-04-27,93812.876534775,86.06
2025-04-28,95066.0211867329,88.2
2025-04-29,94102.8403024547,86.03
2025-04-30,94236.7325143191,86.11
2025-05-01,96411.7422635885,89.33
2025-05-02,96842.1021057861,89.23
2025-05-03,95943.61135301,88.07
2025-05-04,94377.7899196376,86.37
2025-05-05,94853.7298594389,86.92
2025-05-06,96677.9245029223,88.98
2025-05-07,97137.3757086499,90.72
2025-05-08,103069.539295733,98.11
2025-05-09,102940.802949445,97.22
2025-05-10,104582.821806254,98.32
2025-05-11,103976.137798948,97.96
2025-05-12,102920.074689071,96.8
2025-05-13,104145.711825248,97.81
2025-05-14,103572.719642022,97.26
2025-05-15,103716.283947399,97.53
2025-05-16,103566.269191116,96.87
2025-05-17,103190.041364991,96.18
2025-05-18,106015.689848919,99.14
2025-05-19,105615.828960257,99.08
2025-05-20,106893.330247516,99.63
2025-05-21,109704.855619521,100.0
2025-05-22,111477.014787843,99.48
2025-05-23,107291.888969901,98.03
2025-05-24,107917.328289304,98.04
2025-05-25,108914.876558445,98.6
2025-05-26,109371.985172122,98.5
2025-05-27,109066.345636762,97.9
2025-05-28,107895.402399474,97.13
2025-05-29,105732.957892168,95.29
2025-05-30,103981.302957919,93.46
2025-05-31,104708.964150205,94.84
2025-06-01,105750.15972443,95.94
2025-06-02,105899.696926651,96.22
2025-06-03,105483.98555114,95.31
2025-06-04,104782.844900351,93.78
2025-06-05,101669.190496785,89.27
2025-06-06,104421.051549094,93.34
2025-06-07,105685.250402104,96.1
2025-06-08,105727.739632379,95.97
2025-06-09,110198.15871391,99.51
2025-06-10,110074.119081824,99.47
2025-06-11,108645.785558153,97.35
2025-06-12,105998.985830801,95.5
2025-06-13,106024.822087376,95.03
2025-06-14,105467.108742256,94.27
2025-06-15,105512.797437756,94.09
2025-06-16,107243.933345997,97.31
2025-06-17,104628.396527469,92.14
2025-06-18,104813.367028638,92.78
2025-06-19,104709.720767095,92.45
2025-06-20,103274.958839567,89.1
2025-06-21,101548.196381648,87.35
2025-06-22,100899.234151958,86.74
2025-06-23,105496.947495324,94.38
2025-06-24,105964.065136762,96.35
2025-06-25,107305.065199591,97.45
2025-06-26,107012.822824079,96.54
2025-06-27,107090.95905114,96.8
2025-06-28,107357.617171245,97.39
2025-06-29,108360.901696376,98.43
2025-06-30,107153.101135885,96.12
2025-07-01,105566.356597896,92.63
2025-07-02,108927.13451841,98.64
2025-07-03,109632.159126826,99.25
2025-07-04,108081.395758621,96.86
2025-07-05,108244.788813852,97.13
2025-07-06,109180.005545587,98.23
2025-07-07,108249.401004091,96.68
2025-07-08,108956.631703098,97.83
2025-07-09,111416.806720047,99.95
2025-07-10,115873.903783752,99.77
2025-07-11,117618.605087084,99.35
2025-07-12,117382.372540912,98.74
2025-07-13,118899.737107832,99.81
2025-07-14,119871.096197838,99.0
2025-07-15,117710.89100789,98.64
2025-07-16,118730.187791642,98.98
2025-07-17,119501.663770894,99.07
2025-07-18,117958.511213033,96.16
2025-07-19,117908.52473232,95.85
2025-07-20,117305.680953828,94.85
2025-07-21,117432.435634717,94.77
2025-07-22,120068.00578872,99.2
2025-07-23,118650.587165693,97.28
2025-07-24,118377.081936879,96.64
2025-07-25,117520.17335038,94.38
2025-07-26,117983.204598773,96.46
2025-07-27,119438.164235535,98.93
2025-07-28,118022.637320281,96.0
2025-07-29,117871.370895383,95.05
2025-07-30,117732.643660725,93.53
2025-07-31,115848.339985096,92.12
2025-08-01,113282.144336061,91.77
2025-08-02,112545.673659264,91.71
2025-08-03,114263.693947691,92.13
2025-08-04,115199.933659264,92.89
2025-08-05,114111.36101841,92.08
2025-08-06,115034.678748977,92.66
2025-08-07,117444.913924313,94.7
2025-08-08,116740.687720923,94.04
2025-08-09,116511.655739375,93.13
2025-08-10,119189.198160275,99.0
2025-08-11,118742.043048644,97.53
2025-08-12,120154.32493507,99.52
2025-08-13,123442.67982225,100.0
2025-08-14,118510.27128083,96.33
2025-08-15,117311.209947715,92.84
2025-08-16,117462.42684623,92.58
2025-08-17,117601.952231888,93.66
2025-08-18,116312.914397989,92.0
2025-08-19,112886.10147543,89.45
2025-08-20,114277.320860316,90.71
2025-08-21,112347.102298302,89.13
2025-08-22,116800.977035073,92.86
2025-08-23,115280.444723834,91.72
2025-08-24,113516.122474401,89.78
2025-08-25,110089.533314144,88.51
2025-08-26,111895.295495307,89.45
2025-08-27,111252.307236061,88.98
2025-08-28,112481.152904109,89.75
2025-08-29,108473.330441642,86.38
2025-08-30,108746.150824851,86.98
2025-08-31,108316.44689481,87.27
2025-09-01,108992.324614863,87.49
2025-09-02,111140.947159836,89.6
2025-09-03,111780.743587376,90.24
2025-09-04,110900.633412981,89.4
2025-09-05,110711.229484804,88.61
2025-09-06,110243.650741672,87.9
2025-09-07,111307.784421087,90.05
2025-09-08,112112.311575102,90.78
2025-09-09,111486.396779836,89.79
2025-09-10,113930.748423437,92.35
2025-09-11,115445.812932648,93.58
2025-09-12,116149.174031958,93.75
2025-09-13,115965.627551268,93.51
2025-09-14,115395.933423437,93.16
2025-09-15,115420.931814144,92.97
2025-09-16,116798.874620164,94.59
2025-09-17,116575.777628866,94.05
2025-09-18,117014.426762174,94.12
2025-09-19,115612.372541695,92.23
2025-09-20,115753.165960549,92.47
2025-09-21,115320.858829047,91.53
2025-09-22,112727.70773813,88.98
2025-09-23,112052.393282022,88.19
2025-09-24,113324.623592192,89.99
2025-09-25,109166.347974874,84.66
2025-09-26,109669.102166861,85.4
2025-09-27,109644.73069287,85.49
2025-09-28,112170.00778609,88.78
2025-09-29,114341.141435418,91.36
2025-09-30,113971.742796902,91.04
2025-10-01,118393.270386324,97.3
2025-10-02,120558.594007013,99.29
2025-10-03,122348.127640269,99.54
2025-10-04,122379.744317651,99.29
2025-10-05,123523.768313852,99.79
2025-10-06,124824.453666861,99.48
2025-10-07,121587.699236704,98.27
2025-10-08,123390.353094682,98.74
2025-10-09,121603.33278609,97.34
2025-10-10,113754.852328171,87.81
2025-10-11,110940.113648159,84.27
2025-10-12,115152.917045003,89.36
2025-10-13,115332.252929573,89.88
2025-10-14,113327.079410286,88.49
2025-10-15,110862.872485389,83.33
2025-10-16,108135.049605786,79.94
2025-10-17,106625.668651373,78.93
2025-10-18,107143.913935126,79.68
2025-10-19,108706.663763881,81.84
2025-10-20,110640.249515488,83.95
2025-10-21,108700.382071888,81.53
2025-10-22,107667.630188486,79.09
2025-10-23,110060.936797195,83.66
2025-10-24,111024.94314699,84.6
2025-10-25,111614.535857686,86.27
2025-10-26,114557.100460549,91.2
2025-10-27,114087.773805085,89.97
2025-10-28,112980.685846289,87.78
2025-10-29,110206.347983051,82.81
2025-10-30,108019.723841905,78.61
2025-10-31,109554.239627703,82.0
2025-11-01,110005.295855348,82.35
2025-11-02,110389.168627119,82.85
2025-11-03,106495.802789889,76.51
2025-11-04,101349.73723232,72.07
2025-11-05,103915.88479135,74.26
2025-11-06,101241.573677966,71.99
2025-11-07,103428.471746932,74.75
2025-11-08,102335.021439217,73.65
2025-11-09,104685.54544097,75.91
2025-11-10,106082.478156926,77.86
2025-11-11,102974.405611631,73.58
2025-11-12,101682.126652835,72.46
2025-11-13,100035.310145237,70.39
2025-11-14,94502.5476025716,66.0
2025-11-15,95541.3158389831,66.9
2025-11-16,94182.3130996493,65.38
2025-11-17,91911.4713471654,64.33
2025-11-18,92836.4419111631,65.26
2025-11-19,91320.4811332554,64.24
2025-11-20,86911.2980590298,62.94
2025-11-21,84948.0463205727,63.22
2025-11-22,84775.0015452952,64.54
2025-11-23,86872.4546630625,65.43
2025-11-24,88377.6024421391,66.0
2025-11-25,87434.550610754,66.0
2025-11-26,90449.2770675044,67.22
2025-11-27,91336.2000452952,67.69
2025-11-28,90990.1266104617,67.31
2025-11-29,90842.0738243717,67.24
2025-11-30,90607.7021513735,66.97
2025-12-01,86504.6368156049,64.82
2025-12-02,91528.0245809468,68.85
2025-12-03,93609.0938658679,70.55
2025-12-04,92205.5929544126,68.7
2025-12-05,89279.8344634717,66.29
2025-12-06,89169.5570610754,66.03
2025-12-07,90067.847399474,66.87
2025-12-08,90673.1444436003,67.35
2025-12-09,92808.8518477498,70.27
2025-12-10,92102.9300917592,69.08
2025-12-11,92623.7198708358,70.24
2025-12-12,90331.6083091759,66.05
2025-12-13,90245.267264173,66.18
2025-12-14,88096.3826142607,64.65
2025-12-15,86352.5802565751,63.63
2025-12-16,87752.4290336061,65.57
2025-12-17,86059.5522241379,63.59
2025-12-18,85434.1928673291,62.9
2025-12-19,88168.0738325541,66.53
2025-12-20,88292.4536373466,66.84
2025-12-21,88533.4309830508,67.09
2025-12-22,88474.4622331969,66.72
2025-12-23,87365.9937872589,64.45
2025-12-24,87625.6707895967,65.97
2025-12-25,87231.3047685564,65.4
2025-12-26,87334.8077808299,65.41
2025-12-27,87695.4159076564,66.47
2025-12-28,87747.6491548802,66.18
2025-12-29,87133.5103991818,63.96
2025-12-30,88428.4922735243,67.94
2025-12-31,87516.9780376972,65.33
2026-01-01,88684.2178474576,68.76
2026-01-02,89940.1801671537,70.03
2026-01-03,90598.1301832262,70.66
2026-01-04,91359.7636823495,71.67
2026-01-05,93948.5821794272,74.7
2026-01-06,93574.2871122151,73.86
2026-01-07,91208.9562606663,69.94
2026-01-08,91096.9161554647,70.23
2026-01-09,90539.6032288136,69.27
2026-01-10,90406.1424114553,68.56
2026-01-11,90717.2063153127,69.87
2026-01-12,91141.1498489188,70.92
2026-01-13,95304.4982942724,76.89
2026-01-14,97043.9927258913,78.08
2026-01-15,95546.1397381648,76.16
2026-01-16,95489.1299602572,76.25
2026-01-17,95106.980462595,75.05
2026-01-18,94261.3294313267,75.46
2026-01-19,92526.2419643483,72.05
2026-01-20,88236.5631922852,65.6
2026-01-21,89599.361874927,67.15
2026-01-22,89395.700735827,66.76
2026-01-23,89439.7718909994,67.85
2026-01-24,89185.0386990064,66.57
2026-01-25,86445.6705926359,62.0
2026-01-26,88337.4545511397,65.53
2026-01-27,89260.3805397429,67.27
2026-01-28,89177.7892507306,66.58
2026-01-29,84520.3973106371,57.44
2026-01-30,84017.0340292227,57.8
2026-01-31,78702.38550263,55.7
2026-02-01,76911.0523772648,55.39
2026-02-02,78716.6018088837,56.23
2026-02-03,75684.7660277616,55.42
2026-02-04,73095.1914646406,55.21
2026-02-05,63494.6884456458,51.84
2026-02-06,70647.6982188778,56.46
2026-02-07,69166.2594424313,55.42
2026-02-08,70522.5892393337,56.34
2026-02-09,70244.1017773232,56.01
2026-02-10,68688.793113384,54.57
2026-02-11,66989.7165920514,44.97
2026-02-12,66221.5443115137,44.49
2026-02-13,68860.8411633548,47.03
2026-02-14,69798.0791253653,48.28
2026-02-15,68629.9599760374,46.51
2026-02-16,68747.4380286383,47.18
2026-02-17,67471.0508465809,45.35
2026-02-18,66380.7069611339,44.34
2026-02-19,66932.3522118644,45.12
2026-02-20,67977.3092612507,47.2
2026-02-21,68020.6677612507,47.16
2026-02-22,67550.0240768556,46.37
2026-02-23,64689.9123308007,42.76
2026-02-24,64123.7510780245,42.79
2026-02-25,68038.5221794272,47.5
2026-02-26,67519.2645292227,46.46
2026-02-27,65864.1358170661,44.51
2026-02-28,66965.6353091759,45.71
2026-03-01,65733.5212597896,44.19
2026-03-02,68922.6242974869,48.84
2026-03-03,68431.1740306838,48.65
2026-03-04,72667.4630575687,51.11
2026-03-05,70987.427176505,50.43
2026-03-06,68226.7053927528,47.44
2026-03-07,67315.5529135009,45.73
2026-03-08,66202.6978731736,44.09
2026-03-09,68528.5384699007,48.19
2026-03-10,69891.8238576856,49.78
2026-03-11,70298.5753530099,50.09
2026-03-12,70538.1074623027,50.95
2026-03-13,70930.0132793688,51.03
2026-03-14,71136.2179199299,51.49
2026-03-15,72712.1461957919,52.5
2026-03-16,74723.9575534775,52.91
2026-03-17,74086.013609585,52.13
2026-03-18,71253.9579275278,50.73
2026-03-19,69948.9048267095,48.91
2026-03-20,70510.4196797194,50.16
2026-03-21,69707.285009059,49.24
2026-03-22,68018.1534815897,46.33
2026-03-23,70726.2110461718,50.94
2026-03-24,70610.0187121566,50.7
2026-03-25,71281.2973921683,51.81
2026-03-26,68722.9718366452,46.94
2026-03-27,66214.1715134424,43.97
2026-03-28,66351.0725251315,44.18
2026-03-29,65966.7523939217,43.27
2026-03-30,66651.2320037989,44.77
2026-03-31,68214.8680388662,47.85
2026-04-01,68116.8167933957,47.19
2026-04-02,66908.3179918177,45.13
2026-04-03,66891.7422279369,45.55
2026-04-04,67295.1309137931,46.33
2026-04-05,68921.8060911748,49.31
2026-04-06,68742.9133085915,48.71
2026-04-07,72057.1243614845,53.33
2026-04-08,71085.0583702513,52.0
2026-04-09,71788.6797825833,52.8
2026-04-10,72945.0707241379,53.25
2026-04-11,73119.1091168907,53.51
2026-04-12,70685.3697019287,50.84
2026-04-13,74632.7455856224,54.41
2026-04-14,74173.5083603156,53.52
2026-04-15,74761.964654588,54.4
2026-04-16,75095.7442159556,54.74
2026-04-17,77114.481438048,54.6
2026-04-18,75792.0637510228,54.12
2026-04-19,73905.2041016949,52.4
2026-04-20,75814.1453237873,54.34
2026-04-21,76107.4432977791,55.12
2026-04-22,78317.7422720631,55.04
2026-04-23,78233.6837492694,55.34
2026-04-24,77444.269277031,53.97
2026-04-25,77624.7114821742,54.55
2026-04-26,78538.7733573933,56.68
2026-04-27,77256.297159848,53.87
2026-04-28,76295.531117183,53.39
2026-04-29,75795.0098530099,52.8
2026-04-30,76299.6161285798,53.58
2026-05-01,78132.6437852133,55.53
2026-05-02,78712.5387317358,57.23
2026-05-03,78649.1732893045,56.9
2026-05-04,79826.107817066,56.99
2026-05-05,80936.7548252484,57.21
2026-05-06,81364.6201285798,57.27
2026-05-07,79988.9987343659,56.29
2026-05-08,80179.6922957335,56.42
2026-05-09,80663.6296519579,56.97
2026-05-10,82256.781137931,58.28
2026-05-11,81714.7420499708,57.91
2026-05-12,80525.563024547,56.05
2026-05-13,79291.9110017534,55.27
2026-05-14,81175.8271116306,57.14
2026-05-15,79063.4145756868,55.12
2026-05-16,78164.4952711864,53.22
2026-05-17,77497.697113384,52.76
2026-05-18,76975.9111998831,52.42
2026-05-19,76807.460956166,52.3
2026-05-20,77408.1722089421,53.22
2026-05-21,77595.3861717446,53.51
2026-05-22,75567.5430431093,50.65
2026-05-23,76619.8666090415,52.21
2026-05-24,76950.9896316365,53.03
2026-05-25,77244.5722896786,53.25
2026-05-26,75816.0412797019,51.1
2026-05-27,74268.7756418995,49.81
2026-05-28,73500.5305338925,50.36
2026-05-29,73322.8951406751,50.31
2026-05-30,73731.4811337376,50.99
2026-05-31,73599.5607413209,50.6
2026-06-01,71328.7312172998,48.84
2026-06-02,66540.6926785798,42.7
2026-06-03,64232.5802701052,40.85
2026-06-04,63639.2504696786,40.28
2026-06-05,60907.6055536879,38.29
2026-06-06,60771.611314325,38.89
2026-06-07,63158.25397737,41.47
2026-06-08,63109.6166975745,40.76
2026-06-09,61640.4602024664,39.59
2026-06-10,61435.0773408358,39.23
2026-06-11,63475.3191592987,42.52
2026-06-12,63475.6376139684,42.29
2026-06-13,64423.5445433314,43.98
2026-06-14,65615.3266107481,44.6
2026-06-15,66222.5866309585,45.0
2026-06-16,65638.1446884863,43.9
2026-06-17,64400.725126242,43.38
2026-06-18,62835.2224827586,40.97
2026-06-19,63307.2784012274,42.28
2026-06-20,64220.5363933372,43.84
2026-06-21,63365.4368950906,41.28
2026-06-22,63923.5748693746,42.58
2026-06-23,62593.34893045,40.9
2026-06-24,60908.1877729398,38.42
2026-06-25,59863.4211537113,37.76
2026-06-26,59961.5113755114,38.42
2026-06-27,59955.5660201637,38.12
2026-06-28,59516.6736531268,37.48
2026-06-29,60175.460563121,38.83
2026-06-30,58525.0753614845,37.2
2026-07-01,60065.5999105786,39.05
2026-07-02,61438.1894114553,41.32
2026-07-03,62564.6141320865,43.05
2026-07-04,63090.4092688486,43.79
2026-07-05,63619.8810414962,44.72
2026-07-06,64063.0612583285,45.18
2026-07-07,63458.1205143191,43.32
2026-07-08,62214.0424511981,41.61
2026-07-09,63189.3864307423,43.54
2026-07-10,64118.6200949737,46.27
2026-07-11,63892.7086899474,44.58
2026-07-12,63752.2716569258,44.48
2026-07-13,62126.5323722969,41.58
2026-07-14,64934.4426034483,47.87
2026-07-15,64765.0553211572,47.32
2026-07-16,63780.1417434249,45.38
2026-07-17,63915.9181496201,46.0
2026-07-18,64777.6617481005,47.97
2026-07-19,64653.0497457627,47.63
2026-07-20,65181.9241548802,48.15
2026-07-21,66403.0964649328,49.49
2026-07-22,65983.1860485096,48.54
2026-07-23,65094.4103909994,47.62
2026-07-24,64100.1140327294,45.48
2026-07-25,64331.3274596727,46.47
2026-07-26,65328.7891218585,48.14
2026-07-27,63718.2437025132,44.45
2026-07-28,63728.4501987142,45.05
2026-07-29,63904.6444991233,44.65
2026-07-30,64827.5701659848,47.12
2026-07-31,62875.1789333723,41.15
2026-08-01,62751.8791487434,41.16
2026-08-02,63445.6829658095,43.97
2026-08-03,63460.0481116306,43.89
2026-08-04,64161.470880187,46.3
2026-08-05,64610.3074430158,48.46
2026-08-06,64212.2673161894,46.52
2026-08-07,64869.1683985973,49.21
2026-08-08,65068.61,48.96
2026-08-09,64864.9272893045,48.68
2026-08-10,63907.7478731736,44.62
2026-08-11,63547.4365920514,43.7
2026-08-12,63359.3968950906,42.51
2026-08-13,63395.0080067212,42.52
2026-08-14,62924.7014248977,41.48
2026-08-15,63034.4329655173,42.08
2026-08-16,62818.4112106955,40.77
2026-08-17,64434.1397083577,48.59
2026-08-18,64696.1814053185,49.21
2026-08-19,69267.8268869083,55.03
2026-08-20,73070.9310248627,57.85
2026-08-21,78359.170712256,61.08
2026-08-22,77020.1308082058,59.08
2026-08-23,77593.0280291116,60.27
2026-08-24,78894.4979810754,61.3
2026-08-25,78601.4032035769,59.99
2026-08-26,78955.0443928229,61.12
2026-08-27,80297.3961619871,62.09
2026-08-28,77716.5892479486,58.48
2026-08-29,78243.9320870076,59.41
2026-08-30,77689.1906069491,59.32
2026-08-31,78533.8892895967,59.82
2026-09-01,77407.7011547107,57.65
2026-09-02,77188.7006046172,57.13
2026-09-03,81243.2439279778,62.76
2026-09-04,79681.5555543542,61.48
2026-09-05,79817.3237329047,61.59
2026-09-06,80319.9731380596,62.01
2026-09-07,79073.0209832028,60.28
2026-09-08,78445.6833851549,58.87
2026-09-09,78207.4846148861,58.25
2026-09-10,76675.7738575336,55.55
2026-09-11,77176.8177780772,56.37
2026-09-12,77252.4105082525,56.59
2026-09-13,76759.2585653887,55.78
2026-09-14,78278.7924649912,58.84
2026-09-15,75650.4287918118,54.58
2026-09-16,76082.3769918527,55.46
2026-09-17,76386.9018813968,55.51
2026-09-18,80944.1551838106,62.84
2026-09-19,81262.3455507422,63.08
2026-09-20,81194.7440397662,62.91
2026-09-21,86505.297748235,69.09
2026-09-22,86417.74,68.32
2026-09-23,84434.3188651724,63.66
2026-09-24,84386.5778094565,64.18
2026-09-25,84062.1558929047,62.76
2026-09-26,84386.4961173115,63.51
2026-09-27,84392.4723819229,64.1
2026-09-28,83516.7629809001,61.92
2026-09-29,83674.6569854062,62.26
2026-09-30,83579.6739176914,61.93
2026-10-01,84777.2412468031,66.77
2026-10-02,84517.5188820339,64.95
