d,price_usd,profit_loss
2016-01-01,434.678006429,74.67
2016-01-02,434.4398772648,74.31
2016-01-03,430.1361800117,73.51
2016-01-04,433.4489710696,74.16
2016-01-05,432.66950263,73.95
2016-01-06,430.6778696669,73.06
2016-01-07,459.2089400935,79.77
2016-01-08,454.1344237288,77.53
2016-01-09,449.8452162478,76.5
2016-01-10,448.5802162478,76.09
2016-01-11,449.0330590298,76.8
2016-01-12,441.768157218,74.26
2016-01-13,432.3106452367,71.8
2016-01-14,429.8232247224,70.73
2016-01-15,367.8231998831,62.8
2016-01-16,388.0712045587,66.67
2016-01-17,382.4820864991,64.95
2016-01-18,384.8651665693,66.51
2016-01-19,378.1617250146,64.46
2016-01-20,420.6229241683,71.48
2016-01-21,409.2984596727,69.73
2016-01-22,381.0464593805,65.11
2016-01-23,386.3706025716,67.27
2016-01-24,403.4469266511,69.43
2016-01-25,391.9860973115,68.11
2016-01-26,391.1429351257,67.18
2016-01-27,394.6275303741,69.23
2016-01-28,378.9009956166,63.65
2016-01-29,378.9999948229,64.65
2016-01-30,377.2627790766,61.56
2016-01-31,366.3416876096,59.95
2016-02-01,371.2234350906,62.25
2016-02-02,372.9276312098,62.97
2016-02-03,368.0982066043,61.22
2016-02-04,389.723081239,70.03
2016-02-05,384.3984139831,68.14
2016-02-06,374.6315555231,62.97
2016-02-07,375.1539175921,63.42
2016-02-08,370.8143503273,60.95
2016-02-09,373.5116128609,63.24
2016-02-10,379.0826116306,67.2
2016-02-11,377.6391651081,64.78
2016-02-12,382.2944564582,68.07
2016-02-13,389.5984324722,71.23
2016-02-14,406.1506694915,74.39
2016-02-15,399.267618647,72.85
2016-02-16,407.0353094681,74.65
2016-02-17,415.324113384,75.41
2016-02-18,421.2896629819,76.62
2016-02-19,419.6265285412,75.5
2016-02-20,440.1957600818,79.04
2016-02-21,438.7186126815,78.2
2016-02-22,437.5352950941,77.59
2016-02-23,420.0325926096,74.41
2016-02-24,423.9951125073,75.72
2016-02-25,424.0908702513,75.96
2016-02-26,431.7622419638,76.85
2016-02-27,432.9478459965,77.36
2016-02-28,433.1022627119,77.48
2016-02-29,437.7758725891,78.88
2016-03-01,432.8078671537,75.65
2016-03-02,423.0797893922,72.69
2016-03-03,419.2688213326,71.04
2016-03-04,407.9901542957,68.81
2016-03-05,397.3144539451,66.54
2016-03-06,403.7051874635,68.08
2016-03-07,413.2293661601,71.21
2016-03-08,411.4259532437,70.15
2016-03-09,412.5407035067,70.67
2016-03-10,416.3409286967,72.83
2016-03-11,419.511934249,74.07
2016-03-12,410.2641632963,68.45
2016-03-13,411.8058824664,69.44
2016-03-14,415.0269572764,71.48
2016-03-15,415.2664002922,71.74
2016-03-16,417.0241184687,73.3
2016-03-17,418.6053638223,73.71
2016-03-18,408.901587405,67.12
2016-03-19,409.1244298656,67.5
2016-03-20,412.0569538282,69.18
2016-03-21,411.6017740503,68.78
2016-03-22,416.5816538282,72.9
2016-03-23,417.3782995324,73.68
2016-03-24,413.5602399182,70.02
2016-03-25,416.373243834,72.31
2016-03-26,416.8230966686,73.28
2016-03-27,425.454959848,77.31
2016-03-28,422.9174468147,75.43
2016-03-29,415.8638287551,70.22
2016-03-30,412.7776977791,67.28
2016-03-31,415.9568112215,70.97
2016-04-01,417.2006602572,73.1
2016-04-02,419.763056692,74.97
2016-04-03,420.0735789012,75.23
2016-04-04,419.5407278784,74.4
2016-04-05,422.5013644068,76.17
2016-04-06,421.9071912332,75.33
2016-04-07,421.4672200468,74.69
2016-04-08,418.6434605494,70.65
2016-04-09,418.7586353594,70.95
2016-04-10,421.9544885447,76.16
2016-04-11,423.2730440094,77.34
2016-04-12,427.4276645821,78.43
2016-04-13,424.8725181181,76.67
2016-04-14,425.8565949737,77.54
2016-04-15,430.724418761,78.88
2016-04-16,432.2163130333,79.05
2016-04-17,429.3399687317,76.7
2016-04-18,429.6569336645,77.23
2016-04-19,437.5687261835,80.54
2016-04-20,442.6616533022,81.33
2016-04-21,452.1647028054,81.96
2016-04-22,448.1344213326,80.74
2016-04-23,453.914722969,82.12
2016-04-24,463.3828714202,82.82
2016-04-25,465.3160066628,82.92
2016-04-26,469.6087645237,83.04
2016-04-27,445.7411130918,78.51
2016-04-28,451.0600617767,79.75
2016-04-29,457.009965225,81.12
2016-04-30,449.900484512,78.36
2016-05-01,455.0107311514,80.24
2016-05-02,444.9330611923,76.51
2016-05-03,451.6288503799,79.58
2016-05-04,448.3679675628,78.09
2016-05-05,449.3360724722,78.64
2016-05-06,461.6938623612,81.93
2016-05-07,461.3618424898,80.54
2016-05-08,461.3788722969,80.86
2016-05-09,463.4622316774,82.31
2016-05-10,451.0796683226,77.74
2016-05-11,453.8963052601,79.08
2016-05-12,455.6072559322,79.8
2016-05-13,457.2419026885,80.36
2016-05-14,458.1195248393,80.47
2016-05-15,460.8577206312,80.75
2016-05-16,455.2240773232,78.12
2016-05-17,453.545777031,76.99
2016-05-18,454.4861841029,78.41
2016-05-19,437.724187142,72.18
2016-05-20,442.3967992402,73.32
2016-05-21,444.0782071888,73.96
2016-05-22,440.5586688486,71.73
2016-05-23,444.2050572764,74.5
2016-05-24,445.6744549386,75.01
2016-05-25,450.5495271771,76.88
2016-05-26,454.4337223846,79.07
2016-05-27,471.8201172998,83.43
2016-05-28,530.910597896,85.39
2016-05-29,527.5497124489,84.46
2016-05-30,533.4931490357,85.59
2016-05-31,530.9436928112,84.29
2016-06-01,537.6136788428,85.87
2016-06-02,538.7712431911,85.88
2016-06-03,570.1759882525,86.64
2016-06-04,574.2662016365,87.1
2016-06-05,575.1376380479,87.11
2016-06-06,585.8571490357,87.65
2016-06-07,578.469240678,86.45
2016-06-08,583.0975853302,86.84
2016-06-09,577.1016997078,85.14
2016-06-10,579.814993571,86.2
2016-06-11,605.4495569842,89.37
2016-06-12,670.3923743425,93.23
2016-06-13,704.3217781414,94.57
2016-06-14,684.9483194039,92.57
2016-06-15,695.0014684395,93.25
2016-06-16,767.4200312683,95.26
2016-06-17,750.0146339275,93.64
2016-06-18,758.2887801286,93.81
2016-06-19,766.767132671,93.91
2016-06-20,722.497452367,91.25
2016-06-21,669.6042046756,86.77
2016-06-22,594.8329746347,81.89
2016-06-23,627.67785564,84.28
2016-06-24,664.1269856809,87.44
2016-06-25,668.8726841029,87.66
2016-06-26,630.4342421391,83.45
2016-06-27,652.2448077148,86.49
2016-06-28,647.2187683811,85.32
2016-06-29,638.5863456458,84.84
2016-06-30,674.2848147282,89.85
2016-07-01,677.5123857393,90.11
2016-07-02,702.7393167738,91.81
2016-07-03,662.5500859147,85.53
2016-07-04,679.8424533606,90.22
2016-07-05,668.1659812975,86.21
2016-07-06,677.6513331385,89.49
2016-07-07,640.0532361192,83.18
2016-07-08,665.0517083577,86.31
2016-07-09,651.9419140269,83.85
2016-07-10,649.9593409702,82.84
2016-07-11,650.2725946815,83.71
2016-07-12,670.0231279953,88.29
2016-07-13,658.333613384,85.18
2016-07-14,660.9059601987,85.45
2016-07-15,666.758671128,87.2
2016-07-16,665.2756221508,86.24
2016-07-17,681.0896019871,91.13
2016-07-18,675.1185791935,89.32
2016-07-19,674.6603603156,88.46
2016-07-20,667.3053648743,85.96
2016-07-21,666.8517393337,85.27
2016-07-22,650.5629116306,81.45
2016-07-23,657.3779429573,82.98
2016-07-24,661.3939798364,84.08
2016-07-25,655.1195778492,82.58
2016-07-26,654.6263391584,82.41
2016-07-27,656.2751468732,83.37
2016-07-28,656.1964533606,82.86
2016-07-29,657.5575675044,84.14
2016-07-30,655.3617301578,81.97
2016-07-31,624.804487142,76.55
2016-08-01,606.5092479252,76.14
2016-08-02,526.9811483343,70.34
2016-08-03,570.3470409117,73.24
2016-08-04,583.5421580362,75.41
2016-08-05,581.2798056692,74.57
2016-08-06,590.7954029807,76.58
2016-08-07,594.732324021,77.68
2016-08-08,591.6292838691,76.36
2016-08-09,587.9321382233,75.55
2016-08-10,589.9687583285,76.41
2016-08-11,589.5858846873,75.92
2016-08-12,587.1916495617,74.87
2016-08-13,585.3635816482,74.18
2016-08-14,571.3870625365,71.61
2016-08-15,566.5644413209,71.07
2016-08-16,578.4149241379,73.64
2016-08-17,573.6637444185,72.67
2016-08-18,573.263191993,72.2
2016-08-19,573.9584579193,73.88
2016-08-20,581.7970701344,75.65
2016-08-21,580.7921925774,74.87
2016-08-22,584.9718977206,76.63
2016-08-23,582.6277473992,75.7
2016-08-24,578.7018316774,74.08
2016-08-25,576.0334365868,72.93
2016-08-26,578.8746534191,74.81
2016-08-27,570.2009937463,70.16
2016-08-28,575.1052325541,72.58
2016-08-29,573.4292675628,71.82
2016-08-30,575.695698422,73.84
2016-08-31,572.2727583285,70.95
2016-09-01,572.2217020456,70.77
2016-09-02,576.8467673875,74.95
2016-09-03,600.3744067797,81.96
2016-09-04,610.5389133255,82.59
2016-09-05,607.526964173,81.99
2016-09-06,612.99545827,82.71
2016-09-07,615.6598191116,82.87
2016-09-08,630.5501720047,83.97
2016-09-09,622.9778840444,82.54
2016-09-10,624.7526404442,82.83
2016-09-11,608.2466759205,79.72
2016-09-12,607.707372706,79.92
2016-09-13,608.6942963179,80.67
2016-09-14,609.413087668,80.94
2016-09-15,607.070262595,78.8
2016-09-16,607.8064380479,79.88
2016-09-17,607.3814496786,78.71
2016-09-18,611.5334603156,81.62
2016-09-19,608.8713063121,80.72
2016-09-20,608.3717486265,79.86
2016-09-21,596.9457566335,76.98
2016-09-22,595.56471654,76.63
2016-09-23,602.3787849211,78.43
2016-09-24,602.6873597312,78.68
2016-09-25,600.6100548802,77.42
2016-09-26,606.7788106371,79.33
2016-09-27,605.1516137347,78.65
2016-09-28,604.6864943892,78.2
2016-09-29,605.2025619521,79.29
2016-09-30,608.8658407364,81.86
2016-10-01,615.4084788428,83.12
2016-10-02,611.7485783168,82.26
2016-10-03,612.5903473992,82.55
2016-10-04,610.0078813559,81.36
2016-10-05,612.1477809468,82.26
2016-10-06,611.7608627703,81.57
2016-10-07,617.9057051432,83.65
2016-10-08,619.3010017534,83.7
2016-10-09,617.1010413209,82.56
2016-10-10,618.0852,83.39
2016-10-11,642.9813872589,86.89
2016-10-12,636.5979322034,85.54
2016-10-13,635.4440953244,84.37
2016-10-14,639.5860902981,86.18
2016-10-15,637.283759322,85.41
2016-10-16,642.9130425482,86.44
2016-10-17,639.1375364699,85.49
2016-10-18,635.5765085915,83.27
2016-10-19,629.6407080362,81.03
2016-10-20,628.5989011105,81.13
2016-10-21,630.9062033898,82.32
2016-10-22,654.508630976,88.53
2016-10-23,651.9619567504,87.76
2016-10-24,650.0271671537,86.64
2016-10-25,655.7925050847,88.83
2016-10-26,675.1098693162,91.92
2016-10-27,686.5233270602,93.4
2016-10-28,690.3906549386,93.43
2016-10-29,715.4454693162,94.0
2016-10-30,699.3334109877,92.99
2016-10-31,698.8977279953,92.68
2016-11-01,730.5784800117,94.52
2016-11-02,740.3670555231,94.62
2016-11-03,689.939206955,90.56
2016-11-04,705.4320166569,92.59
2016-11-05,706.8193255698,92.71
2016-11-06,715.8968797779,93.16
2016-11-07,706.1812167738,92.01
2016-11-08,711.8358465809,92.7
2016-11-09,721.5015099357,93.45
2016-11-10,713.4076156049,91.83
2016-11-11,715.7033106371,92.27
2016-11-12,703.8475511397,89.06
2016-11-13,703.626435301,88.87
2016-11-14,705.6435841613,90.4
2016-11-15,712.3471528346,91.8
2016-11-16,742.0501175921,94.67
2016-11-17,735.3180805377,93.42
2016-11-18,749.578727294,94.76
2016-11-19,751.2138194039,95.09
2016-11-20,730.3508136178,91.21
2016-11-21,736.5069839275,92.84
2016-11-22,747.9976779661,93.97
2016-11-23,741.2403179427,92.63
2016-11-24,737.354975979,91.71
2016-11-25,739.6852001753,92.14
2016-11-26,734.6529258913,89.62
2016-11-27,727.7411158387,88.75
2016-11-28,730.0824837522,89.63
2016-11-29,731.6464357101,90.65
2016-11-30,742.204451315,93.98
2016-12-01,753.674910111,95.2
2016-12-02,772.3023827294,95.68
2016-12-03,766.1104681473,94.06
2016-12-04,766.3801390999,94.19
2016-12-05,752.670726242,92.89
2016-12-06,759.1173257744,93.85
2016-12-07,764.9876500877,94.08
2016-12-08,767.6592246347,95.16
2016-12-09,771.9023210988,95.2
2016-12-10,775.4745613092,95.69
2016-12-11,770.4961504968,93.8
2016-12-12,778.5065990649,95.69
2016-12-13,778.9306945646,95.69
2016-12-14,776.9639614845,94.32
2016-12-15,776.1767819988,93.89
2016-12-16,782.2302158971,95.72
2016-12-17,789.6029322034,96.22
2016-12-18,790.632966526,96.24
2016-12-19,790.2790316774,95.77
2016-12-20,799.7775207481,96.36
2016-12-21,828.4836792519,97.15
2016-12-22,858.5014339568,97.85
2016-12-23,915.5624383402,98.35
2016-12-24,891.1552720631,96.85
2016-12-25,896.0032793103,97.04
2016-12-26,903.2012466394,97.34
2016-12-27,925.9508104617,99.22
2016-12-28,979.9609739918,99.42
2016-12-29,973.4625594389,98.3
2016-12-30,961.1826581531,97.53
2016-12-31,968.9705970193,97.86
2017-01-01,997.2573579778,99.42
2017-01-02,1017.07788609,99.53
2017-01-03,1032.6090531853,99.59
2017-01-04,1134.4964453536,99.93
2017-01-05,1000.4981289305,97.04
2017-01-06,892.46395564,91.53
2017-01-07,903.4532836353,92.64
2017-01-08,912.4849970777,92.85
2017-01-09,903.508666803,92.4
2017-01-10,906.4989473992,92.77
2017-01-11,788.3146559906,86.58
2017-01-12,807.1098335476,88.28
2017-01-13,826.7469274109,89.29
2017-01-14,820.0451572764,88.23
2017-01-15,824.5470651666,88.59
2017-01-16,830.8380350672,90.3
2017-01-17,906.0268281122,93.62
2017-01-18,881.2598153711,91.01
2017-01-19,902.2638699591,92.23
2017-01-20,895.1745161894,91.62
2017-01-21,924.4682594974,95.88
2017-01-22,922.4670773816,95.41
2017-01-23,919.1157441262,94.83
2017-01-24,887.7431938048,89.57
2017-01-25,895.6900332554,91.08
2017-01-26,916.6674685564,94.87
2017-01-27,920.4544634717,95.37
2017-01-28,922.7749485681,95.9
2017-01-29,915.6320231444,92.47
2017-01-30,920.3132607832,94.69
2017-01-31,968.4991056692,96.99
2017-02-01,987.532590415,97.75
2017-02-02,1007.7043659848,98.57
2017-02-03,1015.3020394506,98.6
2017-02-04,1033.7859729983,99.31
2017-02-05,1014.5678757452,96.96
2017-02-06,1023.3174811806,98.37
2017-02-07,1053.6244590298,99.5
2017-02-08,1052.3676453536,98.54
2017-02-09,982.7519394506,94.14
2017-02-10,996.6501531268,95.04
2017-02-11,1011.3753222092,96.24
2017-02-12,1006.2964648743,95.37
2017-02-13,999.9531849795,94.8
2017-02-14,1012.2134635301,96.62
2017-02-15,1013.9038405026,96.74
2017-02-16,1036.8068647575,98.67
2017-02-17,1058.669920339,99.55
2017-02-18,1060.6688048802,99.55
2017-02-19,1058.7864003507,98.88
2017-02-20,1088.6884292227,99.55
2017-02-21,1128.8552931619,99.69
2017-02-22,1129.7017906487,99.7
2017-02-23,1188.8617855056,100.0
2017-02-24,1185.4888915839,99.01
2017-02-25,1151.604736879,97.78
2017-02-26,1181.7108658679,98.05
2017-02-27,1194.1524501461,100.0
2017-02-28,1188.3999407364,98.56
2017-03-01,1228.4596506137,100.0
2017-03-02,1262.9314673875,100.0
2017-03-03,1289.3631911163,100.0
2017-03-04,1268.9406644068,98.8
2017-03-05,1276.273682934,98.98
2017-03-06,1282.2546566336,99.16
2017-03-07,1234.476462069,96.61
2017-03-08,1152.1393892461,93.79
2017-03-09,1193.4555265926,95.71
2017-03-10,1098.5301490357,92.02
2017-03-11,1176.822921391,94.28
2017-03-12,1231.7483566336,97.0
2017-03-13,1239.3962963179,97.79
2017-03-14,1246.5365648743,97.89
2017-03-15,1258.6513814728,97.97
2017-03-16,1178.0207503799,93.27
2017-03-17,1072.0825381648,90.44
2017-03-18,962.569056166,84.68
2017-03-19,1020.2202535359,88.36
2017-03-20,1037.7563458796,89.54
2017-03-21,1111.8182635885,92.44
2017-03-22,1037.3025701344,88.71
2017-03-23,1028.1728562829,87.72
2017-03-24,935.0634962011,83.23
2017-03-25,968.5433292811,84.7
2017-03-26,962.958054588,83.6
2017-03-27,1042.9191977791,91.19
2017-03-28,1045.1629316189,91.51
2017-03-29,1039.6886157803,89.71
2017-03-30,1037.9876614261,89.34
2017-03-31,1081.7435310929,93.44
2017-04-01,1089.5247718293,93.65
2017-04-02,1105.5629557569,94.07
2017-04-03,1144.6647710111,95.16
2017-04-04,1141.9219187025,94.32
2017-04-05,1135.8116437756,93.73
2017-04-06,1194.5964593805,97.43
2017-04-07,1191.7314510812,96.24
2017-04-08,1184.417720339,94.74
2017-04-09,1213.6341398013,97.51
2017-04-10,1211.6498762127,96.93
2017-04-11,1229.7849329047,97.73
2017-04-12,1216.1143678551,96.74
2017-04-13,1172.5583396844,92.26
2017-04-14,1174.3332335476,92.79
2017-04-15,1175.5621890123,93.1
2017-04-16,1173.6913798948,91.68
2017-04-17,1191.9012014611,95.42
2017-04-18,1202.1314580362,96.33
2017-04-19,1209.5609088837,96.48
2017-04-20,1235.8030745178,98.4
2017-04-21,1247.3360702513,98.73
2017-04-22,1243.5503925774,97.67
2017-04-23,1250.0014832262,98.74
2017-04-24,1257.239442256,98.75
2017-04-25,1279.8647174167,99.45
2017-04-26,1296.4854574518,100.0
2017-04-27,1345.8899556692,100.0
2017-04-28,1347.9851555231,100.0
2017-04-29,1357.7152534191,100.0
2017-04-30,1381.9563722969,100.0
2017-05-01,1436.9414880187,100.0
2017-05-02,1463.8190684687,100.0
2017-05-03,1519.4089444769,100.0
2017-05-04,1539.8300515488,100.0
2017-05-05,1529.8504430158,98.6
2017-05-06,1573.2855096143,100.0
2017-05-07,1526.2677717125,96.97
2017-05-08,1685.0864963179,100.0
2017-05-09,1719.2280135593,100.0
2017-05-10,1782.499,100.0
2017-05-11,1835.4875482174,100.0
2017-05-12,1704.6616410871,97.14
2017-05-13,1779.840256692,98.19
2017-05-14,1794.5935505552,99.05
2017-05-15,1736.8828461134,97.3
2017-05-16,1757.0269485681,97.7
2017-05-17,1808.746064699,99.3
2017-05-18,1894.2472645529,100.0
2017-05-19,1967.5455476914,100.0
2017-05-20,2048.1176779953,100.0
2017-05-21,2045.2224931619,99.07
2017-05-22,2078.9435000292,100.0
2017-05-23,2257.2883638223,100.0
2017-05-24,2415.0072266511,100.0
2017-05-25,2319.6013786675,98.92
2017-05-26,2279.4185836353,97.59
2017-05-27,2044.3004998247,94.07
2017-05-28,2225.7008666277,96.01
2017-05-29,2284.7157974869,98.2
2017-05-30,2167.2644779077,95.21
2017-05-31,2299.4326102572,98.42
2017-06-01,2399.8876319404,99.44
2017-06-02,2479.4238943308,100.0
2017-06-03,2549.5519515196,100.0
2017-06-04,2524.9938335476,99.06
2017-06-05,2685.3189167154,100.0
2017-06-06,2871.3416773524,100.0
2017-06-07,2706.7600088545,98.92
2017-06-08,2802.5635468147,99.08
2017-06-09,2804.8722669199,99.19
2017-06-10,2916.3278597896,100.0
2017-06-11,2974.2145592051,100.0
2017-06-12,2665.4332699591,95.19
2017-06-13,2707.137824021,96.87
2017-06-14,2443.8244513735,92.85
2017-06-15,2409.886764173,91.97
2017-06-16,2476.3590953828,93.8
2017-06-17,2652.7553633548,95.07
2017-06-18,2508.2142074226,93.93
2017-06-19,2589.642213384,94.86
2017-06-20,2733.2265562829,97.84
2017-06-21,2639.2613142022,94.4
2017-06-22,2686.6475143191,96.03
2017-06-23,2685.8704710111,95.07
2017-06-24,2562.1891487434,91.61
2017-06-25,2497.7289413793,90.18
2017-06-26,2426.3650511981,89.08
2017-06-27,2530.3455360023,92.41
2017-06-28,2562.7922642022,93.47
2017-06-29,2540.4430316189,92.0
2017-06-30,2452.7120642899,88.95
2017-07-01,2412.3662131502,86.76
2017-07-02,2518.8721873758,91.15
2017-07-03,2551.9274317358,93.38
2017-07-04,2599.7447499123,94.85
2017-07-05,2608.1048911748,94.97
2017-07-06,2603.1954736996,94.07
2017-07-07,2495.7809222092,88.57
2017-07-08,2553.4941581239,92.33
2017-07-09,2506.1732135593,89.31
2017-07-10,2319.36689737,84.04
2017-07-11,2319.1674406195,83.66
2017-07-12,2374.8862664524,85.87
2017-07-13,2343.7383482466,84.96
2017-07-14,2214.8252372881,81.52
2017-07-15,1989.6331902396,80.36
2017-07-16,1910.7495416131,80.12
2017-07-17,2215.7462961426,83.24
2017-07-18,2303.7611458796,84.98
2017-07-19,2257.0652358855,83.28
2017-07-20,2823.8979263589,99.32
2017-07-21,2666.1397182934,96.09
2017-07-22,2829.7540549679,99.34
2017-07-23,2753.2438649328,97.25
2017-07-24,2755.1595242256,97.53
2017-07-25,2558.692998948,91.26
2017-07-26,2522.3246462887,89.2
2017-07-27,2665.1475464933,94.36
2017-07-28,2793.8334848627,97.99
2017-07-29,2706.4507654588,94.36
2017-07-30,2749.3845277031,95.74
2017-07-31,2862.6112908825,99.43
2017-08-01,2727.3891819988,92.14
2017-08-02,2690.1456719755,89.87
2017-08-03,2789.7463124489,95.71
2017-08-04,2860.2728432496,97.98
2017-08-05,3237.4233632963,100.0
2017-08-06,3230.1167089421,98.35
2017-08-07,3392.5624186441,100.0
2017-08-08,3425.6766165985,100.0
2017-08-09,3347.2154316189,96.48
2017-08-10,3437.0321554646,100.0
2017-08-11,3660.5205372881,100.0
2017-08-12,3871.0824061952,100.0
2017-08-13,4063.8010527177,100.0
2017-08-14,4304.6039312098,100.0
2017-08-15,4160.0305458796,98.9
2017-08-16,4364.6785746347,100.0
2017-08-17,4308.5168614261,98.59
2017-08-18,4108.5071621859,95.7
2017-08-19,4160.3324568673,96.9
2017-08-20,4085.8103943308,93.63
2017-08-21,3992.6260352426,92.72
2017-08-22,4074.3304612507,93.87
2017-08-23,4146.9153452367,95.87
2017-08-24,4325.8164279953,99.13
2017-08-25,4353.1317725599,99.15
2017-08-26,4341.9787167738,98.1
2017-08-27,4344.9034447691,98.27
2017-08-28,4379.7639206897,100.0
2017-08-29,4600.456830976,100.0
2017-08-30,4586.6327367037,98.68
2017-08-31,4740.3562177089,100.0
2017-09-01,4918.166244886,100.0
2017-09-02,4595.0200178258,96.42
2017-09-03,4625.296314436,97.63
2017-09-04,4374.7534964933,94.46
2017-09-05,4454.0525376973,95.65
2017-09-06,4607.5165298071,97.85
2017-09-07,4635.1118758036,98.43
2017-09-08,4345.4576563413,90.62
2017-09-09,4335.593449737,89.3
2017-09-10,4261.8435210403,87.69
2017-09-11,4212.5475733489,87.71
2017-09-12,4164.319434249,87.5
2017-09-13,3887.1185867914,83.81
2017-09-14,3247.4687390415,80.48
2017-09-15,3699.2229438925,84.2
2017-09-16,3711.2343506721,84.55
2017-09-17,3711.8562039743,84.83
2017-09-18,4080.4284430158,87.18
2017-09-19,3925.7361902396,85.71
2017-09-20,3895.777078609,85.09
2017-09-21,3617.2434658095,81.47
2017-09-22,3619.2137182934,82.01
2017-09-23,3775.600594097,84.5
2017-09-24,3676.8969441847,82.25
2017-09-25,3918.7380713033,86.44
2017-09-26,3890.090936879,85.07
2017-09-27,4207.7874853887,91.61
2017-09-28,4187.7697963179,90.84
2017-09-29,4155.010119813,88.71
2017-09-30,4334.5446125073,93.47
2017-10-01,4382.0868980129,96.3
2017-10-02,4386.8757150789,96.34
2017-10-03,4306.5646420222,90.95
2017-10-04,4216.6848214494,89.89
2017-10-05,4319.4209158387,91.77
2017-10-06,4365.9157104033,94.56
2017-10-07,4438.8559330801,96.49
2017-10-08,4600.7397966102,97.93
2017-10-09,4777.5346569258,99.61
2017-10-10,4741.077914962,98.5
2017-10-11,4814.9671180596,99.62
2017-10-12,5393.6689827586,100.0
2017-10-13,5614.0775146113,100.0
2017-10-14,5785.7383150205,100.0
2017-10-15,5689.8650596143,99.17
2017-10-16,5756.148811806,99.3
2017-10-17,5590.4163243717,96.91
2017-10-18,5583.8704257744,96.33
2017-10-19,5708.312990941,98.71
2017-10-20,6000.8831303331,100.0
2017-10-21,6030.2078927528,100.0
2017-10-22,5996.5981388077,98.45
2017-10-23,5888.2500166569,97.98
2017-10-24,5517.7753533022,92.77
2017-10-25,5736.017801578,95.93
2017-10-26,5900.3177291058,98.42
2017-10-27,5771.9450461718,95.92
2017-10-28,5762.3885768556,95.31
2017-10-29,6174.7288448276,100.0
2017-10-30,6119.256383986,99.27
2017-10-31,6428.5146370544,100.0
2017-11-01,6726.4118345997,100.0
2017-11-02,7043.7779389246,100.0
2017-11-03,7198.6321107539,100.0
2017-11-04,7420.498078609,100.0
2017-11-05,7371.1390298071,99.07
2017-11-06,6985.2638439509,96.48
2017-11-07,7118.202543834,97.87
2017-11-08,7451.2127866745,100.0
2017-11-09,7117.7380496786,96.5
2017-11-10,6620.567336353,93.56
2017-11-11,6346.7214491525,92.16
2017-11-12,5829.0978275862,89.13
2017-11-13,6519.4451721216,93.73
2017-11-14,6592.3743971362,94.12
2017-11-15,7257.3732121566,98.65
2017-11-16,7833.7044333723,100.0
2017-11-17,7729.0332700175,98.67
2017-11-18,7796.1542410871,98.85
2017-11-19,8018.3206884863,100.0
2017-11-20,8269.8742574518,100.0
2017-11-21,8091.9980835769,98.77
2017-11-22,8249.5973302163,98.91
2017-11-23,8071.6698214495,96.78
2017-11-24,8232.4223331385,98.31
2017-11-25,8760.1654421391,100.0
2017-11-26,9319.9033147282,100.0
2017-11-27,9730.7285794857,100.0
2017-11-28,9932.1941800117,100.0
2017-11-29,9800.0275517241,98.68
2017-11-30,9996.7149719462,100.0
2017-12-01,10808.9583325541,100.0
2017-12-02,10934.8599856809,100.0
2017-12-03,11213.9426554646,100.0
2017-12-04,11562.1285669199,100.0
2017-12-05,11736.7540672122,100.0
2017-12-06,13992.1323372297,100.0
2017-12-07,17032.2933763881,100.0
2017-12-08,16298.4873386908,97.87
2017-12-09,15050.0219541204,96.29
2017-12-10,15474.9995432496,96.64
2017-12-11,16873.4977849211,98.47
2017-12-12,17433.9307381648,100.0
2017-12-13,16515.15257218,95.77
2017-12-14,16602.8928033314,96.18
2017-12-15,17702.0021721216,100.0
2017-12-16,19640.5138834015,100.0
2017-12-17,19250.467650789,98.82
2017-12-18,18982.0250242548,97.5
2017-12-19,17653.3260894214,95.63
2017-12-20,16453.6272603741,90.81
2017-12-21,15633.8336504968,89.13
2017-12-22,14305.7183436587,87.54
2017-12-23,14910.8581049094,88.16
2017-12-24,14026.3468661601,86.24
2017-12-25,14080.9422600818,86.84
2017-12-26,15727.1454792519,91.11
2017-12-27,15389.0005739334,89.27
2017-12-28,14289.4522095266,86.4
2017-12-29,14571.7460821157,87.99
2017-12-30,12948.7158828171,83.95
2017-12-31,13921.4806414378,84.93
2018-01-01,13464.6536116306,84.07
2018-01-02,14754.322204851,89.6
2018-01-03,15010.2861595558,90.33
2018-01-04,15070.3007986558,91.04
2018-01-05,16997.2274079486,96.1
2018-01-06,17103.589279661,96.91
2018-01-07,16231.6949994155,91.37
2018-01-08,14937.4150894214,86.51
2018-01-09,14378.5862174167,84.47
2018-01-10,14669.0882656341,85.81
2018-01-11,13186.7549427236,80.31
2018-01-12,13789.4436639392,81.47
2018-01-13,14231.2250645821,83.6
2018-01-14,13681.0654611338,80.58
2018-01-15,13591.6961966686,80.47
2018-01-16,11431.0401052016,77.7
2018-01-17,11159.6085905903,77.08
2018-01-18,11246.0397302747,78.06
2018-01-19,11440.2555616598,79.65
2018-01-20,12768.4045856224,80.69
2018-01-21,11422.3942589129,77.65
2018-01-22,10737.3505774401,75.34
2018-01-23,10849.3918793103,76.4
2018-01-24,11225.8961747516,78.1
2018-01-25,11130.4649473992,76.85
2018-01-26,11035.5546098773,76.69
2018-01-27,11320.9701852718,79.93
2018-01-28,11615.95871128,82.11
2018-01-29,11132.5543138515,77.09
2018-01-30,9959.5467153711,73.42
2018-01-31,10050.0957971946,74.39
2018-02-01,9039.8650751023,72.21
2018-02-02,8786.0773798948,72.13
2018-02-03,9132.1003223261,73.86
2018-02-04,8250.5268959673,70.47
2018-02-05,6849.542559322,67.41
2018-02-06,7738.6439596727,70.25
2018-02-07,7624.5953895383,69.18
2018-02-08,8218.580851841,72.67
2018-02-09,8660.4534678551,74.34
2018-02-10,8530.2928047925,73.34
2018-02-11,8096.7284812975,70.95
2018-02-12,8907.670179135,76.04
2018-02-13,8523.9669319112,72.95
2018-02-14,9467.3010327294,77.8
2018-02-15,10106.7330835769,79.87
2018-02-16,10189.3164833431,80.03
2018-02-17,11085.5984143776,81.75
2018-02-18,10452.0919772063,79.67
2018-02-19,11139.3557305669,82.61
2018-02-20,11245.9323179427,83.65
2018-02-21,10458.8650888369,78.94
2018-02-22,9878.1589427236,75.94
2018-02-23,10159.0656125073,78.19
2018-02-24,9686.6017799533,73.99
2018-02-25,9603.2274774985,73.28
2018-02-26,10312.3657130333,79.34
2018-02-27,10654.1072948568,80.3
2018-02-28,10307.0249663939,78.54
2018-03-01,10923.6308617767,81.51
2018-03-02,11014.0584672706,81.83
2018-03-03,11425.6805654588,85.45
2018-03-04,11462.5831975453,86.23
2018-03-05,11540.6623205728,86.32
2018-03-06,10677.0352308591,78.19
2018-03-07,9903.0850490941,74.06
2018-03-08,9330.4754529515,71.05
2018-03-09,9278.1391843951,71.01
2018-03-10,8786.5604231444,69.25
2018-03-11,9513.5353997662,72.99
2018-03-12,9147.8901805962,70.69
2018-03-13,9160.5429327878,71.26
2018-03-14,8222.1272390415,66.64
2018-03-15,8268.589122443,67.99
2018-03-16,8376.9044982466,68.61
2018-03-17,7881.6619205143,65.02
2018-03-18,8189.0167191701,66.24
2018-03-19,8537.0156233197,69.98
2018-03-20,8895.547179135,71.44
2018-03-21,8879.5942565751,71.04
2018-03-22,8710.6649351257,70.11
2018-03-23,8771.746323495,70.6
2018-03-24,8610.9885163647,68.91
2018-03-25,8440.6109225599,68.07
2018-03-26,8171.1843544711,65.72
2018-03-27,7837.2653194039,64.59
2018-03-28,7933.6427296902,65.39
2018-03-29,7108.5708132671,62.17
2018-03-30,6832.1490663355,61.41
2018-03-31,6922.2812969024,62.13
2018-04-01,6804.5248793104,61.05
2018-04-02,7033.259609585,63.08
2018-04-03,7420.800515488,65.1
2018-04-04,6780.5436014027,60.96
2018-04-05,6798.4226165985,61.45
2018-04-06,6610.4923497954,60.65
2018-04-07,6886.4694719462,63.46
2018-04-08,7009.996104325,63.98
2018-04-09,6736.8928237873,61.33
2018-04-10,6816.7186154296,62.7
2018-04-11,6944.7858571011,64.46
2018-04-12,7904.3302752776,69.12
2018-04-13,7919.064694623,69.33
2018-04-14,8006.417943308,69.69
2018-04-15,8342.2711014027,72.54
2018-04-16,8046.9821335476,69.75
2018-04-17,7887.7379579194,67.67
2018-04-18,8162.8348617767,70.67
2018-04-19,8272.9673158971,72.88
2018-04-20,8839.5011320865,75.99
2018-04-21,8863.5408290473,76.08
2018-04-22,8800.9590870836,74.82
2018-04-23,8930.7846335476,76.92
2018-04-24,9652.2137887201,79.58
2018-04-25,8855.5089365868,74.74
2018-04-26,9264.7274269433,77.41
2018-04-27,8981.3307901812,75.75
2018-04-28,9341.8246846873,78.62
2018-04-29,9396.9976297487,78.75
2018-04-30,9228.7264836353,76.08
2018-05-01,9072.1687574518,75.0
2018-05-02,9204.1276405611,76.05
2018-05-03,9750.7001464056,80.8
2018-05-04,9696.6429099942,80.23
2018-05-05,9795.9257720631,80.92
2018-05-06,9595.0868194039,78.38
2018-05-07,9339.5108471654,77.09
2018-05-08,9212.3696347165,74.93
2018-05-09,9293.0422735243,76.78
2018-05-10,9037.530509059,72.85
2018-05-11,8419.7585873758,68.71
2018-05-12,8485.775266803,69.32
2018-05-13,8695.8330938048,70.39
2018-05-14,8671.0741747516,70.41
2018-05-15,8488.463421391,68.81
2018-05-16,8327.7562013442,67.4
2018-05-17,8050.5162393337,64.75
2018-05-18,8233.0864552893,66.95
2018-05-19,8229.4829357101,65.91
2018-05-20,8511.4488302163,70.73
2018-05-21,8398.6231265342,69.16
2018-05-22,8007.526532145,63.46
2018-05-23,7520.867679135,61.07
2018-05-24,7575.6244859731,61.55
2018-05-25,7425.3756744594,60.76
2018-05-26,7326.3031864407,59.85
2018-05-27,7338.1930444185,60.14
2018-05-28,7110.8238816482,59.71
2018-05-29,7453.6337250146,62.24
2018-05-30,7374.6690490941,61.18
2018-05-31,7478.7418670368,62.86
2018-06-01,7519.8357372881,63.12
2018-06-02,7637.4482530684,64.11
2018-06-03,7702.1579330801,64.21
2018-06-04,7486.6531995909,62.6
2018-06-05,7611.1498527177,64.03
2018-06-06,7650.7758071303,64.75
2018-06-07,7665.9478962595,64.91
2018-06-08,7622.6023302163,63.68
2018-06-09,7556.1716978375,62.46
2018-06-10,6744.7358009936,56.89
2018-06-11,6849.4526873174,58.45
2018-06-12,6526.6996800117,56.36
2018-06-13,6306.5131680304,56.3
2018-06-14,6629.7701241964,57.95
2018-06-15,6399.6740464641,56.69
2018-06-16,6495.3153091759,57.0
2018-06-17,6450.6939728229,56.86
2018-06-18,6703.8125897136,58.91
2018-06-19,6732.5088091759,59.3
2018-06-20,6753.2068258329,59.88
2018-06-21,6720.3732343659,58.61
2018-06-22,6059.5758591467,55.57
2018-06-23,6174.2257793688,55.92
2018-06-24,6146.4871949153,55.89
2018-06-25,6243.5354409702,56.61
2018-06-26,6096.1287662186,55.65
2018-06-27,6139.1896832262,56.55
2018-06-28,5858.6357781999,54.7
2018-06-29,6220.9137150789,57.83
2018-06-30,6375.5412314436,58.84
2018-07-01,6361.4025388662,59.12
2018-07-02,6608.367157218,60.97
2018-07-03,6498.3078591467,60.15
2018-07-04,6579.3333763881,60.82
2018-07-05,6535.2984026885,60.42
2018-07-06,6598.4590958504,61.54
2018-07-07,6737.8560803624,63.23
2018-07-08,6704.9199801286,62.47
2018-07-09,6664.0240935126,62.06
2018-07-10,6309.0840040912,57.44
2018-07-11,6377.9765113968,58.91
2018-07-12,6159.4666762127,56.21
2018-07-13,6208.9855718878,56.88
2018-07-14,6255.1124786674,57.53
2018-07-15,6347.6042738165,58.49
2018-07-16,6710.8074374635,63.68
2018-07-17,7320.5948278784,67.57
2018-07-18,7376.0383392753,68.17
2018-07-19,7467.0342980713,68.77
2018-07-20,7327.256682934,66.79
2018-07-21,7410.5656203974,67.86
2018-07-22,7399.4837469316,67.5
2018-07-23,7716.1586274109,70.79
2018-07-24,8397.6165216248,76.43
2018-07-25,8202.7203953828,73.66
2018-07-26,7913.9307781999,71.27
2018-07-27,8173.7746113384,73.32
2018-07-28,8190.360056692,73.52
2018-07-29,8229.6058386908,74.46
2018-07-30,8171.839519287,72.27
2018-07-31,7725.1330359439,68.57
2018-08-01,7596.6980119813,67.18
2018-08-02,7542.6946618936,66.82
2018-08-03,7411.3442501461,65.42
2018-08-04,7002.2086528346,62.53
2018-08-05,7031.5877510228,62.94
2018-08-06,6929.9908942139,62.41
2018-08-07,6722.5784327878,60.53
2018-08-08,6267.3886735827,56.12
2018-08-09,6558.0969079486,59.42
2018-08-10,6135.7518585622,54.61
2018-08-11,6313.749311806,57.26
2018-08-12,6314.6916557569,57.44
2018-08-13,6265.848043834,56.24
2018-08-14,6184.8290856224,55.87
2018-08-15,6270.2147986558,57.75
2018-08-16,6290.7504552893,58.02
2018-08-17,6563.0782887201,61.5
2018-08-18,6399.2874468147,59.62
2018-08-19,6490.7161271187,60.08
2018-08-20,6272.9527288136,57.18
2018-08-21,6473.0760394506,60.52
2018-08-22,6365.0098316774,59.24
2018-08-23,6516.4090254237,61.43
2018-08-24,6697.7318787259,63.61
2018-08-25,6745.4389392168,64.78
2018-08-26,6689.8693331385,62.75
2018-08-27,6839.158952367,65.7
2018-08-28,7092.9738082992,67.29
2018-08-29,7033.4280680888,66.49
2018-08-30,6966.9637437171,65.61
2018-08-31,7025.1407802455,66.19
2018-09-01,7192.3525473407,68.02
2018-09-02,7286.6677910579,68.37
2018-09-03,7257.47021391,68.14
2018-09-04,7358.8114789597,68.87
2018-09-05,6790.8973284629,62.97
2018-09-06,6488.075936879,58.77
2018-09-07,6408.653622443,57.89
2018-09-08,6187.7905023378,54.01
2018-09-09,6249.2463103448,54.68
2018-09-10,6295.3886025716,56.26
2018-09-11,6278.4246396844,55.99
2018-09-12,6327.5363632379,57.65
2018-09-13,6490.9123164816,61.1
2018-09-14,6494.6954789597,61.25
2018-09-15,6524.1656674459,61.98
2018-09-16,6497.4047013442,61.11
2018-09-17,6258.5948749269,54.7
2018-09-18,6340.3477901812,57.67
2018-09-19,6383.9518758036,59.12
2018-09-20,6498.6071110462,62.0
2018-09-21,6741.1428988895,65.34
2018-09-22,6705.4760511397,64.05
2018-09-23,6703.1368495032,63.55
2018-09-24,6576.5450032145,62.49
2018-09-25,6416.4440216248,59.22
2018-09-26,6463.2504035652,59.69
2018-09-27,6677.9004886032,64.27
2018-09-28,6623.126159848,63.76
2018-09-29,6584.4991475745,62.66
2018-09-30,6604.485028346,63.21
2018-10-01,6561.8138322618,62.18
2018-10-02,6508.7209386324,61.14
2018-10-03,6464.4568436587,59.16
2018-10-04,6545.2856677382,62.52
2018-10-05,6585.1495797779,63.92
2018-10-06,6550.4783158971,62.32
2018-10-07,6564.5682600818,63.19
2018-10-08,6604.6852741087,64.74
2018-10-09,6590.4286221508,63.87
2018-10-10,6529.1024360023,61.38
2018-10-11,6159.2516426067,53.39
2018-10-12,6191.6772232613,54.35
2018-10-13,6197.6856963764,54.59
2018-10-14,6182.8793442431,53.51
2018-10-15,6442.7154140853,59.77
2018-10-16,6461.9371592636,60.19
2018-10-17,6442.7307001753,59.71
2018-10-18,6396.4798120982,58.1
2018-10-19,6383.077840152,57.63
2018-10-20,6408.2527463472,58.99
2018-10-21,6415.3405029223,59.31
2018-10-22,6408.0336355932,58.75
2018-10-23,6395.9876668615,57.93
2018-10-24,6413.8036411455,60.11
2018-10-25,6402.3248591467,58.71
2018-10-26,6404.1085523086,59.18
2018-10-27,6409.4053275862,60.41
2018-10-28,6406.6332530684,59.26
2018-10-29,6263.0417346581,54.57
2018-10-30,6272.1677282291,55.45
2018-10-31,6306.3169313267,56.55
2018-11-01,6342.9775005845,57.45
2018-11-02,6348.1685827002,57.86
2018-11-03,6332.4341329632,56.5
2018-11-04,6420.4220002922,62.52
2018-11-05,6402.9468389831,60.22
2018-11-06,6441.1452188779,62.86
2018-11-07,6500.8698050848,65.41
2018-11-08,6406.7529374635,60.23
2018-11-09,6331.3787670953,56.12
2018-11-10,6353.1127340736,57.33
2018-11-11,6335.4142039743,56.33
2018-11-12,6320.6560537697,56.01
2018-11-13,6267.9379912332,54.2
2018-11-14,5574.2583489188,50.37
2018-11-15,5538.5606078317,51.58
2018-11-16,5496.0162311514,50.1
2018-11-17,5501.0923404442,50.45
2018-11-18,5555.3763383986,52.57
2018-11-19,4792.2000236704,49.99
2018-11-20,4317.530670076,49.5
2018-11-21,4549.3220099357,51.16
2018-11-22,4303.6155485096,47.58
2018-11-23,4289.8928533022,47.65
2018-11-24,3806.3169248977,45.83
2018-11-25,3946.8508743425,46.95
2018-11-26,3700.2859926943,45.97
2018-11-27,3776.5559053185,46.94
2018-11-28,4208.4752691409,49.86
2018-11-29,4239.0394883109,50.29
2018-11-30,3973.3340523086,48.18
2018-12-01,4148.0737255991,49.01
2018-12-02,4098.7467638808,48.25
2018-12-03,3843.9766659848,45.95
2018-12-04,3892.9516469901,46.9
2018-12-05,3709.52085827,43.79
2018-12-06,3511.9689815897,43.04
2018-12-07,3372.9956925774,42.21
2018-12-08,3407.951194623,42.61
2018-12-09,3540.439575979,44.32
2018-12-10,3413.5925841613,42.92
2018-12-11,3352.5642001753,42.05
2018-12-12,3423.0129178843,43.97
2018-12-13,3260.341582408,41.61
2018-12-14,3198.9474736996,41.17
2018-12-15,3185.074043834,40.74
2018-12-16,3195.4145552309,41.16
2018-12-17,3499.1564818819,45.5
2018-12-18,3659.5273793104,47.21
2018-12-19,3697.7253033314,47.65
2018-12-20,4067.7377077732,54.36
2018-12-21,3839.0851084161,49.58
2018-12-22,3964.9461163063,52.94
2018-12-23,3942.6669959088,52.5
2018-12-24,4040.0457895967,54.34
2018-12-25,3761.5840108124,47.89
2018-12-26,3807.6574535359,48.78
2018-12-27,3585.4605359439,45.22
2018-12-28,3881.0548848627,50.92
2018-12-29,3823.1383261251,49.21
2018-12-30,3825.4074628872,49.47
2018-12-31,3687.1999400935,45.86
2019-01-01,3808.1178316774,48.96
2019-01-02,3898.1974880187,53.93
2019-01-03,3784.3886347165,48.44
2019-01-04,3827.5245943893,50.11
2019-01-05,3798.6139549971,48.38
2019-01-06,4045.9937749854,56.23
2019-01-07,4001.0182781999,55.91
2019-01-08,3992.6227893045,55.46
2019-01-09,4004.2590356517,56.34
2019-01-10,3627.9034500292,44.99
2019-01-11,3624.1614210988,45.34
2019-01-12,3617.0220783168,43.97
2019-01-13,3508.6701081239,42.77
2019-01-14,3666.9451937464,46.98
2019-01-15,3581.293015488,44.9
2019-01-16,3606.9865756867,45.54
2019-01-17,3640.1291306254,47.5
2019-01-18,3609.4267361192,45.57
2019-01-19,3687.3019611338,48.88
2019-01-20,3538.313722969,42.99
2019-01-21,3535.623393045,43.26
2019-01-22,3577.3083497954,44.13
2019-01-23,3551.8938211572,43.9
2019-01-24,3567.5889336645,44.28
2019-01-25,3561.3504979544,44.07
2019-01-26,3557.0399152542,43.69
2019-01-27,3537.6141306254,43.01
2019-01-28,3435.0525140269,42.19
2019-01-29,3395.8237632963,41.37
2019-01-30,3437.8958661601,43.19
2019-01-31,3410.131616014,41.8
2019-02-01,3445.0498912916,43.99
2019-02-02,3461.9351174752,44.15
2019-02-03,3413.0216163063,41.62
2019-02-04,3411.3879617183,41.84
2019-02-05,3426.4650113968,43.0
2019-02-06,3367.5063649912,40.83
2019-02-07,3358.8735990649,40.69
2019-02-08,3612.4796192285,49.52
2019-02-09,3621.2681209819,49.78
2019-02-10,3642.0223591467,51.19
2019-02-11,3590.6184836353,48.4
2019-02-12,3587.9024658095,48.21
2019-02-13,3576.0853725891,46.8
2019-02-14,3561.9163834015,46.08
2019-02-15,3565.0069237288,46.52
2019-02-16,3584.73600263,48.98
2019-02-17,3622.7574289889,50.69
2019-02-18,3866.1292171245,56.85
2019-02-19,3895.4352109877,59.21
2019-02-20,3931.6138290473,59.64
2019-02-21,3892.2617942724,56.47
2019-02-22,3948.3005105202,60.08
2019-02-23,4110.1511212741,62.03
2019-02-24,3754.183789889,52.57
2019-02-25,3822.0186966686,54.07
2019-02-26,3796.1750683811,53.27
2019-02-27,3799.3819924021,53.64
2019-02-28,3792.947722969,53.1
2019-03-01,3810.6326925774,54.66
2019-03-02,3809.6433909994,54.06
2019-03-03,3782.3818702513,50.88
2019-03-04,3698.1618550555,49.45
2019-03-05,3840.1280490941,56.4
2019-03-06,3851.9984254822,57.1
2019-03-07,3855.9231683226,57.2
2019-03-08,3839.233552893,55.42
2019-03-09,3910.3611665693,60.38
2019-03-10,3903.9119509059,60.04
2019-03-11,3851.5689216832,56.4
2019-03-12,3858.9148237873,57.2
2019-03-13,3851.9574663939,56.31
2019-03-14,3853.7832650497,56.77
2019-03-15,3901.9142068966,60.56
2019-03-16,3989.7960768556,62.38
2019-03-17,3967.1434944477,61.4
2019-03-18,3969.4401458212,61.6
2019-03-19,3996.1679035652,62.67
2019-03-20,4030.6552758621,62.92
2019-03-21,3976.2738500877,61.58
2019-03-22,3983.8876458212,61.77
2019-03-23,3981.7760330216,61.31
2019-03-24,3970.6669880187,60.06
2019-03-25,3908.2388386908,58.78
2019-03-26,3917.763402104,59.36
2019-03-27,4027.0079178843,63.06
2019-03-28,4010.9374620105,62.59
2019-03-29,4089.4610400351,63.86
2019-03-30,4091.8910383402,63.88
2019-03-31,4094.3178147282,63.94
2019-04-01,4138.4178077148,64.24
2019-04-02,4903.719462069,67.78
2019-04-03,4960.2276027469,67.96
2019-04-04,4911.2697024547,67.13
2019-04-05,5033.2254836938,68.18
2019-04-06,5044.3568459381,68.22
2019-04-07,5189.1119555815,68.26
2019-04-08,5283.4230248393,68.36
2019-04-09,5195.5779088253,67.66
2019-04-10,5311.7416032729,68.46
2019-04-11,5050.6660085915,66.84
2019-04-12,5082.8614320281,67.07
2019-04-13,5074.7906925774,66.48
2019-04-14,5156.8040406195,67.44
2019-04-15,5042.897738457,65.79
2019-04-16,5205.9629574518,68.22
2019-04-17,5226.3522151958,68.34
2019-04-18,5278.5023395675,68.4
2019-04-19,5289.9512191116,68.77
2019-04-20,5313.9732621274,69.09
2019-04-21,5295.7338281707,68.47
2019-04-22,5383.7999753361,69.15
2019-04-23,5544.8627118644,69.61
2019-04-24,5431.9479196376,69.04
2019-04-25,5127.6731673875,64.59
2019-04-26,5150.1646606663,65.11
2019-04-27,5181.807763647,65.54
2019-04-28,5148.6696154296,64.23
2019-04-29,5148.8004932788,64.86
2019-04-30,5266.6182025132,66.8
2019-05-01,5315.1753290473,68.91
2019-05-02,5393.1293763881,69.34
2019-05-03,5658.4303883694,71.15
2019-05-04,5774.7124286967,71.57
2019-05-05,5728.3517022209,71.03
2019-05-06,5691.6883740503,70.69
2019-05-07,5825.744893045,71.76
2019-05-08,5931.8005949737,72.16
2019-05-09,6150.1404447691,72.58
2019-05-10,6357.463493571,75.06
2019-05-11,7325.0828603156,82.84
2019-05-12,6942.6231745178,80.7
2019-05-13,7798.9057360023,84.82
2019-05-14,7955.5576823495,85.26
2019-05-15,8215.2068383986,86.19
2019-05-16,7862.0716023378,83.19
2019-05-17,7326.9206818819,79.88
2019-05-18,7277.9875634132,78.67
2019-05-19,8219.7427869667,86.4
2019-05-20,7981.1393789597,84.21
2019-05-21,7983.8084773817,84.36
2019-05-22,7667.9021148451,80.8
2019-05-23,7897.4712936879,82.82
2019-05-24,7987.1003676213,84.62
2019-05-25,8061.5917607247,85.07
2019-05-26,8731.5249558738,88.4
2019-05-27,8816.7867083577,88.69
2019-05-28,8719.1258483343,87.46
2019-05-29,8655.4885061368,86.49
2019-05-30,8271.6219631794,84.15
2019-05-31,8556.222185564,85.43
2019-06-01,8554.8073296318,84.4
2019-06-02,8744.3537454705,88.15
2019-06-03,8173.4012705435,81.75
2019-06-04,7649.9393319696,77.33
2019-06-05,7798.5444663939,78.67
2019-06-06,7776.7133261251,77.92
2019-06-07,8023.950093045,82.03
2019-06-08,7939.8051548802,80.09
2019-06-09,7634.0657507306,75.31
2019-06-10,7993.3025385739,81.74
2019-06-11,7922.4836271186,80.05
2019-06-12,8146.7561250731,83.1
2019-06-13,8232.7773413793,84.63
2019-06-14,8698.0048150205,88.14
2019-06-15,8850.584816014,89.41
2019-06-16,9019.5170067212,89.75
2019-06-17,9340.5721887785,90.67
2019-06-18,9047.1327444769,89.17
2019-06-19,9285.0556765634,89.88
2019-06-20,9546.7197781999,91.07
2019-06-21,10083.4863136762,92.54
2019-06-22,10685.2952327878,93.11
2019-06-23,10794.4276963764,93.21
2019-06-24,11004.2069094681,93.59
2019-06-25,11726.2638308007,95.25
2019-06-26,12863.4606849795,95.49
2019-06-27,11109.7978418469,92.0
2019-06-28,12358.2079582116,94.44
2019-06-29,11944.3515473407,93.37
2019-06-30,10842.6167109877,89.25
2019-07-01,10569.5517282291,88.19
2019-07-02,10766.0833162186,89.15
2019-07-03,11952.0248935126,94.0
2019-07-04,11177.0103787551,91.52
2019-07-05,10998.3991004676,89.56
2019-07-06,11208.225600526,91.81
2019-07-07,11456.1836039158,92.45
2019-07-08,12319.6228758036,94.26
2019-07-09,12579.107616014,94.82
2019-07-10,12106.7829313267,93.22
2019-07-11,11294.678028346,90.28
2019-07-12,11813.3237158971,91.79
2019-07-13,11346.837148159,89.87
2019-07-14,10283.0757891292,84.24
2019-07-15,10926.3802741087,86.92
2019-07-16,9471.1408647575,82.17
2019-07-17,9674.8824611338,82.91
2019-07-18,10679.8906896552,85.69
2019-07-19,10532.2027291058,84.77
2019-07-20,10862.6485479252,87.49
2019-07-21,10589.7064907656,84.88
2019-07-22,10318.5609251899,83.66
2019-07-23,9866.6489403857,81.85
2019-07-24,9792.7875365284,81.54
2019-07-25,9897.1867860316,82.95
2019-07-26,9836.6967881356,81.66
2019-07-27,9446.6720520748,79.43
2019-07-28,9529.7887919345,80.07
2019-07-29,9504.1589159556,80.27
2019-07-30,9589.1092060199,80.91
2019-07-31,10059.0040189947,84.2
2019-08-01,10400.3070143776,85.33
2019-08-02,10529.6944544126,85.54
2019-08-03,10810.4216686148,88.11
2019-08-04,10986.5089291058,89.1
2019-08-05,11790.0239375804,92.79
2019-08-06,11423.4970017534,90.78
2019-08-07,11967.2735473407,93.62
2019-08-08,11938.2346108708,92.56
2019-08-09,11858.3410984804,92.03
2019-08-10,11303.7305618936,88.48
2019-08-11,11530.195242256,89.88
2019-08-12,11384.6962465809,88.69
2019-08-13,10867.05475827,85.47
2019-08-14,10024.3795917008,80.7
2019-08-15,10310.0858696669,81.99
2019-08-16,10373.3219028054,82.54
2019-08-17,10207.1555616598,81.16
2019-08-18,10331.3099760374,82.24
2019-08-19,10884.6297744009,86.49
2019-08-20,10771.3923793688,85.03
2019-08-21,10096.8302238457,80.44
2019-08-22,10119.7145248393,80.89
2019-08-23,10414.1441725891,82.95
2019-08-24,10147.0871548802,80.24
2019-08-25,10100.3567783752,79.54
2019-08-26,10362.6434723553,82.11
2019-08-27,10168.221571654,80.38
2019-08-28,9724.799978083,76.63
2019-08-29,9482.3117349503,74.07
2019-08-30,9577.678823495,76.43
2019-08-31,9605.0244614261,76.79
2019-09-01,9762.9365568966,77.73
2019-09-02,10377.3383845704,83.57
2019-09-03,10618.7815058445,85.16
2019-09-04,10577.2410839275,84.59
2019-09-05,10580.1846995909,84.78
2019-09-06,10330.8497312098,81.42
2019-09-07,10494.5069649328,83.16
2019-09-08,10407.2656573933,82.6
2019-09-09,10332.4644424313,81.55
2019-09-10,10085.9519243133,78.31
2019-09-11,10142.1480603741,79.25
2019-09-12,10403.3599707773,83.19
2019-09-13,10345.3387469316,81.71
2019-09-14,10363.4528963179,82.16
2019-09-15,10306.1696674459,79.35
2019-09-16,10257.822761543,79.62
2019-09-17,10195.6111811806,79.29
2019-09-18,10161.3188664524,78.75
2019-09-19,10268.3926291642,80.49
2019-09-20,10170.1251161309,79.19
2019-09-21,9986.4061081239,75.76
2019-09-22,10047.0134748685,76.24
2019-09-23,9692.7410479252,73.87
2019-09-24,8613.6712485097,68.8
2019-09-25,8424.1576464056,68.35
2019-09-26,8091.6952992402,65.49
2019-09-27,8186.7796392753,66.41
2019-09-28,8201.9790134424,66.78
2019-09-29,8064.5080623612,64.61
2019-09-30,8282.3654541204,68.32
2019-10-01,8314.5513901227,68.68
2019-10-02,8362.5307323203,68.9
2019-10-03,8254.3399102864,67.42
2019-10-04,8165.6861512566,65.49
2019-10-05,8141.6337137931,65.0
2019-10-06,7854.6098129749,62.58
2019-10-07,8226.0234292811,67.35
2019-10-08,8190.1151207481,66.41
2019-10-09,8598.3319207481,71.29
2019-10-10,8578.0903793103,70.94
2019-10-11,8289.8540289305,68.6
2019-10-12,8323.7501440678,69.1
2019-10-13,8291.2506514319,68.58
2019-10-14,8346.3684365868,69.47
2019-10-15,8160.7126275278,64.74
2019-10-16,8003.8559231444,63.18
2019-10-17,8072.4893822911,64.36
2019-10-18,7959.331993571,62.55
2019-10-19,7948.4773372297,62.0
2019-10-20,8213.7090392753,67.09
2019-10-21,8211.6545587376,67.09
2019-10-22,8029.2053728814,63.77
2019-10-23,7458.0358568089,59.64
2019-10-24,7454.3711381648,59.79
2019-10-25,8656.655177557,73.62
2019-10-26,9249.6467609585,75.6
2019-10-27,9558.1560440094,78.65
2019-10-28,9319.1781416715,75.97
2019-10-29,9431.2071239042,76.59
2019-10-30,9182.8550651666,73.79
2019-10-31,9155.2772987727,73.77
2019-11-01,9251.3812934541,75.26
2019-11-02,9300.1908375219,75.65
2019-11-03,9209.6386960842,73.66
2019-11-04,9418.3601306254,77.09
2019-11-05,9330.787222969,77.2
2019-11-06,9354.9333822911,77.88
2019-11-07,9210.7482223846,73.5
2019-11-08,8791.3339349503,71.36
2019-11-09,8810.7845619521,71.61
2019-11-10,9042.8907232028,72.44
2019-11-11,8713.2079295734,70.41
2019-11-12,8788.9581429573,71.17
2019-11-13,8766.7294305085,70.86
2019-11-14,8645.4358036236,69.65
2019-11-15,8465.8778885447,68.71
2019-11-16,8477.6902428404,68.92
2019-11-17,8505.1612232613,69.14
2019-11-18,8183.5334135009,64.13
2019-11-19,8116.8206725891,63.36
2019-11-20,8076.5546600818,62.84
2019-11-21,7612.2774880187,58.83
2019-11-22,7277.524273232,57.65
2019-11-23,7324.8361785506,58.24
2019-11-24,6943.3806560491,56.04
2019-11-25,7139.0446859731,57.49
2019-11-26,7165.4377302747,58.04
2019-11-27,7526.86381654,61.06
2019-11-28,7436.3363817066,59.61
2019-11-29,7747.7380420807,62.66
2019-11-30,7556.1937212157,61.11
2019-12-01,7417.7272060199,59.06
2019-12-02,7318.3125218001,58.42
2019-12-03,7306.4462333139,58.36
2019-12-04,7215.0203448276,57.98
2019-12-05,7404.0867949737,60.6
2019-12-06,7534.2083559322,62.23
2019-12-07,7512.06140263,61.23
2019-12-08,7528.9402694331,61.76
2019-12-09,7340.2274590883,59.49
2019-12-10,7232.0917837522,57.71
2019-12-11,7200.4644459965,57.09
2019-12-12,7192.8490242548,57.3
2019-12-13,7244.9037200468,58.9
2019-12-14,7071.1070902981,55.79
2019-12-15,7111.2866699591,56.09
2019-12-16,6882.3957953244,55.1
2019-12-17,6608.9619798364,54.26
2019-12-18,7284.6254836353,60.73
2019-12-19,7146.1676376388,57.83
2019-12-20,7184.2191720631,58.51
2019-12-21,7140.29801128,57.25
2019-12-22,7479.4024078901,63.66
2019-12-23,7321.7487238457,61.69
2019-12-24,7235.6290838106,59.52
2019-12-25,7191.1741656926,58.5
2019-12-26,7194.6397583285,59.08
2019-12-27,7237.1504472823,60.54
2019-12-28,7306.6433082992,62.09
2019-12-29,7391.578521391,63.53
2019-12-30,7229.3971006429,59.49
2019-12-31,7167.3950546464,57.19
2020-01-01,7170.6318687902,57.35
2020-01-02,6946.8252691409,55.33
2020-01-03,7315.3093603156,62.6
2020-01-04,7343.1641943893,63.81
2020-01-05,7345.5306918177,63.85
2020-01-06,7765.7977346581,67.2
2020-01-07,8136.0868419053,71.03
2020-01-08,8059.699528872,69.67
2020-01-09,7817.1360932203,67.51
2020-01-10,8129.8179199299,70.95
2020-01-11,8032.0054950322,68.7
2020-01-12,8164.5499931619,71.65
2020-01-13,8121.9256676213,70.4
2020-01-14,8830.1678734658,78.45
2020-01-15,8811.4482025132,77.86
2020-01-16,8718.6869980129,75.61
2020-01-17,8912.5419041496,79.01
2020-01-18,8928.1807565751,79.04
2020-01-19,8687.3548366452,74.41
2020-01-20,8636.2587862069,74.31
2020-01-21,8730.8675601987,75.93
2020-01-22,8647.9004739918,74.6
2020-01-23,8366.3846139684,72.13
2020-01-24,8423.3909581531,72.5
2020-01-25,8344.7745689655,70.62
2020-01-26,8573.874809585,73.99
2020-01-27,8901.9592848627,78.79
2020-01-28,9297.3883176505,81.39
2020-01-29,9311.9475435418,81.49
2020-01-30,9508.9209649328,84.05
2020-01-31,9357.284782408,82.46
2020-02-01,9381.8860286382,82.53
2020-02-02,9339.387063121,80.32
2020-02-03,9279.8125205143,79.2
2020-02-04,9161.6271977206,77.25
2020-02-05,9628.1367758621,84.87
2020-02-06,9739.2804364699,85.33
2020-02-07,9800.2793998247,85.77
2020-02-08,9911.2934084161,86.17
2020-02-09,10151.0832026885,87.5
2020-02-10,9872.3618730567,84.58
2020-02-11,10272.2225558738,88.13
2020-02-12,10360.1352229106,89.15
2020-02-13,10235.4973226184,86.89
2020-02-14,10361.6156901812,89.19
2020-02-15,9911.7243270018,84.14
2020-02-16,9952.0466115722,84.37
2020-02-17,9683.0796277031,80.63
2020-02-18,10195.3037904734,86.52
2020-02-19,9636.0022986558,79.16
2020-02-20,9614.030122443,78.67
2020-02-21,9701.7975026885,80.38
2020-02-22,9675.2490575687,79.48
2020-02-23,9972.8424230859,84.04
2020-02-24,9648.0078831093,79.21
2020-02-25,9344.2871400935,75.88
2020-02-26,8798.8889485681,70.27
2020-02-27,8779.0294818819,70.09
2020-02-28,8750.5934459965,69.81
2020-02-29,8582.0902996493,67.74
2020-03-01,8541.7738939217,67.41
2020-03-02,8906.2147564582,72.75
2020-03-03,8768.8106142022,70.68
2020-03-04,8756.36957218,70.27
2020-03-05,9062.6158027469,74.04
2020-03-06,9147.0850589714,74.27
2020-03-07,8898.3069567504,72.07
2020-03-08,8109.6145411455,62.36
2020-03-09,7896.3853198714,60.64
2020-03-10,7909.927875453,61.17
2020-03-11,7939.341334775,62.64
2020-03-12,4959.3134143776,46.13
2020-03-13,5627.6923883694,49.6
2020-03-14,5145.172506429,46.35
2020-03-15,5358.6106633548,47.59
2020-03-16,5012.9273877849,46.25
2020-03-17,5416.7547106955,49.34
2020-03-18,5392.4878359439,48.23
2020-03-19,6203.5516320865,52.94
2020-03-20,6174.1494760374,52.77
2020-03-21,6175.8310222092,52.99
2020-03-22,5830.5609796026,50.37
2020-03-23,6486.4086573349,55.88
2020-03-24,6775.0576189363,57.77
2020-03-25,6689.969012858,56.51
2020-03-26,6754.4603360608,57.18
2020-03-27,6490.7954150205,54.7
2020-03-28,6231.8198902396,51.78
2020-03-29,5904.8575867914,49.34
2020-03-30,6436.9057001753,54.38
2020-03-31,6432.3832421391,54.3
2020-04-01,6643.1100087084,57.83
2020-04-02,6792.7422220923,59.7
2020-04-03,6751.9025517826,58.39
2020-04-04,6859.9891686733,60.24
2020-04-05,6790.8124726476,59.0
2020-04-06,7298.1737451783,63.42
2020-04-07,7187.5933366452,61.77
2020-04-08,7372.1947639977,64.56
2020-04-09,7299.5791879018,63.3
2020-04-10,6859.8226747516,58.76
2020-04-11,6883.1822289597,59.13
2020-04-12,6978.666286616,59.84
2020-04-13,6863.575533197,59.13
2020-04-14,6875.5385034483,59.39
2020-04-15,6625.4757751023,54.82
2020-04-16,7127.7922822326,61.32
2020-04-17,7081.395198422,60.6
2020-04-18,7262.7923436002,63.37
2020-04-19,7150.2442154588,61.56
2020-04-20,6853.2734147867,57.97
2020-04-21,6870.4236986558,59.11
2020-04-22,7123.6569199299,61.14
2020-04-23,7488.6051652835,66.65
2020-04-24,7506.4433164816,66.72
2020-04-25,7537.7382091175,67.08
2020-04-26,7684.0685216832,67.76
2020-04-27,7777.4915185856,68.22
2020-04-28,7769.899698422,67.68
2020-04-29,8761.83716955,77.85
2020-04-30,8652.4109912332,75.53
2020-05-01,8855.53525827,79.18
2020-05-02,8977.281705377,79.75
2020-05-03,8896.7956383986,78.91
2020-05-04,8881.9543045003,78.62
2020-05-05,8985.8795993571,79.93
2020-05-06,9266.8130730567,81.14
2020-05-07,9993.7531768556,87.44
2020-05-08,9859.3236046172,85.3
2020-05-09,9577.3389223846,82.49
2020-05-10,8715.0332932203,72.82
2020-05-11,8591.6528843367,71.74
2020-05-12,8817.2506811222,76.6
2020-05-13,9322.9972020456,81.16
2020-05-14,9801.2694877265,85.5
2020-05-15,9326.8758589129,80.79
2020-05-16,9395.4753893045,81.83
2020-05-17,9682.5324811806,83.75
2020-05-18,9726.8500220924,84.1
2020-05-19,9754.2014620105,84.56
2020-05-20,9515.702550263,81.93
2020-05-21,9068.8012293396,76.95
2020-05-22,9161.8150338983,77.61
2020-05-23,9183.6621250731,77.75
2020-05-24,8806.2306571596,73.69
2020-05-25,8909.1925815313,75.88
2020-05-26,8835.1372533606,74.3
2020-05-27,9169.0574392168,78.17
2020-05-28,9568.2618530099,82.94
2020-05-29,9432.4133334307,81.52
2020-05-30,9691.6804911748,84.14
2020-05-31,9433.9438466394,81.29
2020-06-01,10199.1350542373,89.93
2020-06-02,9512.3465330216,81.86
2020-06-03,9642.2734003507,83.26
2020-06-04,9813.360679135,85.76
2020-06-05,9641.8916225599,82.4
2020-06-06,9668.6705385739,83.12
2020-06-07,9747.5801110462,84.29
2020-06-08,9769.3423614845,84.61
2020-06-09,9779.4221656634,84.69
2020-06-10,9888.4441746932,86.57
2020-06-11,9277.4511693162,76.43
2020-06-12,9456.1615333139,79.22
2020-06-13,9461.3337986558,79.34
2020-06-14,9342.955635301,77.73
2020-06-15,9441.38321128,79.03
2020-06-16,9520.0919482759,81.11
2020-06-17,9448.6935606078,79.06
2020-06-18,9389.9907663939,77.74
2020-06-19,9285.991582934,75.87
2020-06-20,9357.2924644652,77.77
2020-06-21,9284.7693718293,74.71
2020-06-22,9684.6201847458,83.24
2020-06-23,9611.7259982466,81.9
2020-06-24,9292.9435435418,75.88
2020-06-25,9247.1214324956,74.2
2020-06-26,9159.4377720631,73.41
2020-06-27,9002.1656171829,71.72
2020-06-28,9108.0656745763,72.46
2020-06-29,9184.247366277,74.54
2020-06-30,9143.967585301,73.07
2020-07-01,9241.3396123904,75.46
2020-07-02,9094.3872867914,72.39
2020-07-03,9066.6906966102,71.92
2020-07-04,9126.2195549386,73.02
2020-07-05,9079.6140180888,72.07
2020-07-06,9338.9425911748,78.73
2020-07-07,9252.1587326125,76.0
2020-07-08,9434.5679564582,80.51
2020-07-09,9231.5023475161,74.81
2020-07-10,9285.2210154296,76.71
2020-07-11,9237.1710081824,74.63
2020-07-12,9289.0979769141,77.25
2020-07-13,9236.6225011689,74.81
2020-07-14,9260.3569868498,76.07
2020-07-15,9196.7255589714,73.86
2020-07-16,9132.5923120982,71.91
2020-07-17,9156.4687097604,72.83
2020-07-18,9175.9053085915,73.95
2020-07-19,9218.8423108124,74.91
2020-07-20,9167.1905675044,73.68
2020-07-21,9388.5743497954,80.24
2020-07-22,9531.2574301578,82.96
2020-07-23,9609.1667153711,83.45
2020-07-24,9548.1007270602,82.53
2020-07-25,9702.4527904734,84.81
2020-07-26,9933.9065542373,88.16
2020-07-27,11046.5083295149,93.79
2020-07-28,10944.6129789012,92.73
2020-07-29,11115.7712819988,93.9
2020-07-30,11135.3907261835,94.01
2020-07-31,11338.1973407949,94.68
2020-08-01,11797.5821265342,95.84
2020-08-02,11094.0206841321,91.74
2020-08-03,11236.0956805377,93.53
2020-08-04,11202.651909059,92.48
2020-08-05,11721.4384715956,95.26
2020-08-06,11769.3091081239,95.41
2020-08-07,11598.9690585038,93.8
2020-08-08,11743.0086350088,94.33
2020-08-09,11680.5173661601,93.5
2020-08-10,11870.3695447107,96.08
2020-08-11,11392.6440884278,91.5
2020-08-12,11575.5124736996,92.55
2020-08-13,11773.4481155465,95.08
2020-08-14,11774.4082518995,95.15
2020-08-15,11866.9103613092,95.77
2020-08-16,11899.6427535944,96.15
2020-08-17,12315.7624166569,96.5
2020-08-18,11992.6959962595,95.85
2020-08-19,11736.8490645237,91.94
2020-08-20,11867.5203439509,94.7
2020-08-21,11524.6989491525,89.76
2020-08-22,11682.2891503799,91.17
2020-08-23,11665.6092735243,90.83
2020-08-24,11771.4080537405,93.16
2020-08-25,11358.4543202805,88.45
2020-08-26,11472.0491204559,89.54
2020-08-27,11314.6737410286,87.75
2020-08-28,11527.8830322326,90.19
2020-08-29,11490.7623477499,89.43
2020-08-30,11698.9758329632,91.8
2020-08-31,11678.3482268849,91.42
2020-09-01,11970.364856166,95.86
2020-09-02,11414.5209336645,87.78
2020-09-03,10261.4944095266,81.35
2020-09-04,10471.9664133255,83.17
2020-09-05,10128.64358609,79.09
2020-09-06,10253.2998980129,80.8
2020-09-07,10367.8783543542,82.87
2020-09-08,10108.6354501461,78.98
2020-09-09,10223.1114091175,81.07
2020-09-10,10334.6307302162,82.97
2020-09-11,10387.0207419638,83.84
2020-09-12,10436.9778322618,84.01
2020-09-13,10322.5236148451,81.59
2020-09-14,10662.719912332,85.23
2020-09-15,10779.3810249562,85.62
2020-09-16,10968.3205465809,86.47
2020-09-17,10936.2927505552,85.65
2020-09-18,10920.1128439509,85.2
2020-09-19,11073.7795478083,87.15
2020-09-20,10921.2180998247,85.0
2020-09-21,10455.3799623027,82.41
2020-09-22,10519.8391641146,83.16
2020-09-23,10233.2995687317,79.33
2020-09-24,10739.0427094097,84.79
2020-09-25,10683.6305806546,83.94
2020-09-26,10742.0304202221,85.08
2020-09-27,10758.8242899474,85.2
2020-09-28,10727.3750541204,83.81
2020-09-29,10841.1427444769,85.79
2020-09-30,10772.351766803,85.01
2020-10-01,10606.6173325541,82.06
2020-10-02,10570.1056777908,81.77
2020-10-03,10555.7054339567,81.04
2020-10-04,10665.618622443,83.05
2020-10-05,10772.6355995909,85.7
2020-10-06,10596.3735493863,82.07
2020-10-07,10667.1943941555,83.17
2020-10-08,10902.5293637054,86.86
2020-10-09,11074.1036797779,88.5
2020-10-10,11302.8542864407,90.3
2020-10-11,11378.2625284629,90.79
2020-10-12,11548.401556692,92.41
2020-10-13,11434.9687849211,90.96
2020-10-14,11417.10811391,89.9
2020-10-15,11502.5812390415,91.61
2020-10-16,11338.9871765634,88.77
2020-10-17,11362.8022174167,89.06
2020-10-18,11489.6225650497,91.25
2020-10-19,11745.8119675628,94.0
2020-10-20,11929.4572507306,95.86
2020-10-21,12848.4906177674,96.96
2020-10-22,12997.4993417884,97.21
2020-10-23,12953.4296969608,95.84
2020-10-24,13113.8669231444,97.21
2020-10-25,13041.6410374635,96.32
2020-10-26,13080.6561698422,96.9
2020-10-27,13675.5239275278,97.36
2020-10-28,13290.3288497954,96.58
2020-10-29,13475.2173007013,96.75
2020-10-30,13603.2960908825,96.84
2020-10-31,13807.2336110462,97.48
2020-11-01,13736.89941128,96.88
2020-11-02,13595.5647603741,95.58
2020-11-03,13996.9153985973,97.67
2020-11-04,14129.1481954997,97.76
2020-11-05,15606.466833723,98.52
2020-11-06,15618.9724713618,98.52
2020-11-07,14866.3563045003,96.32
2020-11-08,15500.0007071888,96.84
2020-11-09,15319.8199725307,96.37
2020-11-10,15319.2756762127,95.91
2020-11-11,15731.2411057861,98.64
2020-11-12,16289.8148977206,99.03
2020-11-13,16330.062767972,99.12
2020-11-14,16102.0100169492,97.19
2020-11-15,15986.7549905903,96.95
2020-11-16,16743.0539398013,99.35
2020-11-17,17682.1691870251,99.79
2020-11-18,17804.6900239626,99.85
2020-11-19,17818.6686621859,99.85
2020-11-20,18663.7818531268,99.85
2020-11-21,18706.5893354179,99.85
2020-11-22,18482.6926317358,97.9
2020-11-23,18373.2577597896,97.81
2020-11-24,19150.2510485096,99.89
2020-11-25,18748.3937130333,99.01
2020-11-26,17113.7168714202,94.9
2020-11-27,17101.6030180596,94.4
2020-11-28,17745.3773124489,95.95
2020-11-29,18190.8668804208,96.91
2020-11-30,19664.4076066628,100.0
2020-12-01,18820.6077895967,98.52
2020-12-02,19214.8722290473,99.2
2020-12-03,19470.3112080655,99.29
2020-12-04,18732.9670909994,96.48
2020-12-05,19114.6331309176,97.75
2020-12-06,19356.3136767972,98.99
2020-12-07,19182.1768328463,98.15
2020-12-08,18340.9781376973,93.94
2020-12-09,18574.6967352426,94.64
2020-12-10,18294.8469514904,93.29
2020-12-11,18061.760025716,92.71
2020-12-12,18813.2837685564,97.11
2020-12-13,19156.0825055523,98.35
2020-12-14,19286.7512992402,99.23
2020-12-15,19432.5884640561,99.38
2020-12-16,21370.7203186441,100.0
2020-12-17,22789.2674160725,100.0
2020-12-18,23048.7645610754,100.0
2020-12-19,23856.7735192285,100.0
2020-12-20,23528.5506135593,99.37
2020-12-21,22937.4183435418,97.54
2020-12-22,23756.8887685564,99.57
2020-12-23,23307.2709018118,98.14
2020-12-24,23707.6330440678,98.6
2020-12-25,24669.1643220339,100.0
2020-12-26,26478.0681052016,100.0
2020-12-27,26430.8565971946,99.44
2020-12-28,27039.3490199883,100.0
2020-12-29,27231.2034552893,100.0
2020-12-30,28844.6136781999,100.0
2020-12-31,29022.6714126242,100.0
2021-01-01,29380.6937327878,100.0
2021-01-02,32022.6810578609,100.0
2021-01-03,33277.8353050848,100.0
2021-01-04,31802.1467136178,98.18
2021-01-05,34013.1741724138,100.0
2021-01-06,36643.2777223846,100.0
2021-01-07,39215.6511490356,100.0
2021-01-08,40775.4045634132,100.0
2021-01-09,40370.6823495032,98.34
2021-01-10,38329.3401665693,96.31
2021-01-11,35269.5137177089,95.31
2021-01-12,33712.4685452952,94.08
2021-01-13,37296.5475277615,96.63
2021-01-14,39045.518340152,97.22
2021-01-15,36710.3174248977,95.33
2021-01-16,36177.2610970193,93.83
2021-01-17,36069.939466803,93.65
2021-01-18,36594.2964018118,94.27
2021-01-19,36250.1461893629,94.12
2021-01-20,35515.480012858,93.18
2021-01-21,31022.9510280538,89.73
2021-01-22,32986.4357568673,91.22
2021-01-23,32036.2822723553,90.56
2021-01-24,32216.1042904734,90.76
2021-01-25,32419.7059462303,91.04
2021-01-26,32640.6391426067,91.28
2021-01-27,30358.9347235535,88.78
2021-01-28,33511.287595149,92.42
2021-01-29,34166.1494259497,93.69
2021-01-30,34349.9170952659,93.81
2021-01-31,33157.8325745178,90.25
2021-02-01,33570.2718468732,91.48
2021-02-02,35596.1489094097,94.76
2021-02-03,37578.3732068966,96.92
2021-02-04,37129.2029376972,96.11
2021-02-05,38045.4136084161,96.98
2021-02-06,39341.727081239,98.52
2021-02-07,39003.0121817651,96.67
2021-02-08,46121.9340724722,100.0
2021-02-09,46548.1619912332,100.0
2021-02-10,45078.128350263,97.91
2021-02-11,47892.8409181765,100.0
2021-02-12,47525.2091431911,99.26
2021-02-13,47208.6250270602,98.26
2021-02-14,48829.8275096435,100.0
2021-02-15,48110.2417334892,99.67
2021-02-16,49140.3826578024,100.0
2021-02-17,52224.9391139684,100.0
2021-02-18,51650.0699485681,99.21
2021-02-19,55820.5044038574,100.0
2021-02-20,55861.8205670953,100.0
2021-02-21,57500.7161102864,100.0
2021-02-22,53952.1533386324,98.0
2021-02-23,48560.4890350672,96.07
2021-02-24,49567.3456890707,96.75
2021-02-25,47568.131170076,93.66
2021-02-26,46231.7675784921,91.68
2021-02-27,45834.5133611923,90.56
2021-02-28,45359.4641642314,90.27
2021-03-01,49634.4471092928,97.14
2021-03-02,48304.7054879018,94.85
2021-03-03,50690.4671835184,97.26
2021-03-04,48472.7954751607,94.76
2021-03-05,48800.8173594389,95.91
2021-03-06,48970.5244868498,96.06
2021-03-07,51086.4681794272,97.46
2021-03-08,52088.475131502,98.01
2021-03-09,54739.1352542373,98.75
2021-03-10,56116.040912332,99.66
2021-03-11,57847.2549357101,100.0
2021-03-12,57334.641534775,98.89
2021-03-13,61288.7941276447,100.0
2021-03-14,59905.6184704851,99.41
2021-03-15,56121.121924021,97.62
2021-03-16,56500.4460257159,97.8
2021-03-17,58683.0659824664,99.32
2021-03-18,57731.4798410871,98.28
2021-03-19,58168.1219222677,98.95
2021-03-20,58247.8847066043,98.98
2021-03-21,57447.9330198714,96.88
2021-03-22,54453.1373508475,94.1
2021-03-23,54563.6119458211,94.43
2021-03-24,52595.4113237873,93.37
2021-03-25,51547.1248953828,92.18
2021-03-26,54817.8571122151,95.12
2021-03-27,56019.8373055523,95.89
2021-03-28,55713.0381396844,94.73
2021-03-29,57571.2333477498,98.1
2021-03-30,58684.5483921683,99.51
2021-03-31,58792.1948275862,99.52
2021-04-01,58818.9770985973,99.53
2021-04-02,59031.5340192285,99.53
2021-04-03,57282.3896247808,95.08
2021-04-04,58202.199391993,97.26
2021-04-05,58755.8525295149,98.27
2021-04-06,58084.0664231444,96.85
2021-04-07,56266.8346762127,93.36
2021-04-08,57963.3445994155,96.04
2021-04-09,58051.7625563998,96.21
2021-04-10,59651.5589877265,99.57
2021-04-11,59932.9306469901,99.76
2021-04-12,59905.9363744594,99.46
2021-04-13,63445.638314436,100.0
2021-04-14,62869.4955873758,99.38
2021-04-15,63231.162987142,99.51
2021-04-16,61571.1100905903,98.33
2021-04-17,60280.8761758036,97.53
2021-04-18,56389.5579812975,91.17
2021-04-19,55798.1370771479,88.99
2021-04-20,56474.3737586207,91.87
2021-04-21,54025.7995745178,87.65
2021-04-22,51882.0598106371,86.78
2021-04-23,50954.9100607832,86.1
2021-04-24,50279.9484464056,85.21
2021-04-25,48946.9407428404,84.5
2021-04-26,53943.3499783752,88.47
2021-04-27,55027.0309848042,89.78
2021-04-28,54787.3787071888,89.08
2021-04-29,53567.0811938048,87.6
2021-04-30,57741.44441654,94.73
2021-05-01,57863.5903927528,95.17
2021-05-02,56572.5968410286,92.52
2021-05-03,57243.0416054939,92.9
2021-05-04,53724.10892519,87.18
2021-05-05,57342.0256616014,93.72
2021-05-06,56527.3529789597,92.45
2021-05-07,57341.0684549386,93.62
2021-05-08,58736.1258950906,97.22
2021-05-09,58288.4256303916,96.42
2021-05-10,55902.9277399182,88.9
2021-05-11,56612.1026487434,92.06
2021-05-12,50972.355081239,83.54
2021-05-13,49368.6144739918,82.31
2021-05-14,49997.3959011105,83.12
2021-05-15,47047.9633331385,78.33
2021-05-16,46022.5037090006,77.68
2021-05-17,43492.3954833431,77.38
2021-05-18,42789.8093921683,77.06
2021-05-19,37642.5200017534,75.66
2021-05-20,40799.4021475745,78.65
2021-05-21,37174.3311014027,74.28
2021-05-22,37643.4197983635,75.81
2021-05-23,34774.207221917,72.53
2021-05-24,38630.4091186441,76.66
2021-05-25,38269.7710747516,76.17
2021-05-26,39194.8588980129,77.59
2021-05-27,38510.8570417884,76.37
2021-05-28,35596.7179510228,72.79
2021-05-29,34681.8183670368,71.76
2021-05-30,35652.1687703098,73.26
2021-05-31,37312.9748970193,74.77
2021-06-01,36661.3781184687,74.07
2021-06-02,37639.4556732905,75.52
2021-06-03,39160.1504132086,78.27
2021-06-04,36884.3735551724,74.13
2021-06-05,35409.5672366452,71.88
2021-06-06,35720.6043546464,72.7
2021-06-07,33724.9077517826,71.06
2021-06-08,33475.0489234366,70.79
2021-06-09,37372.9888953828,76.03
2021-06-10,36826.0022185856,74.7
2021-06-11,37185.3931268264,75.69
2021-06-12,35669.1712817066,72.64
2021-06-13,38925.4194289889,78.6
2021-06-14,40455.5959833431,80.42
2021-06-15,40254.6514679135,79.69
2021-06-16,38265.5437726476,76.91
2021-06-17,38018.6432346581,76.47
2021-06-18,37280.37,72.54
2021-06-19,35555.9763966686,71.71
2021-06-20,34820.11,72.12
2021-06-21,32584.96,69.07
2021-06-22,32908.33,70.02
2021-06-23,33610.4968129749,71.37
2021-06-24,34897.22,72.33
2021-06-25,32262.76,69.6
2021-06-26,31336.27,70.3
2021-06-27,32642.96,73.1
2021-06-28,34376.188538983,73.06
2021-06-29,36148.79,75.62
2021-06-30,34590.84,74.06
2021-07-01,33418.21,71.35
2021-07-02,33782.9459464641,72.71
2021-07-03,34720.1,73.62
2021-07-04,35355.6078883694,75.07
2021-07-05,33911.7538404442,72.63
2021-07-06,33946.37,73.03
2021-07-07,34690.12,72.78
2021-07-08,32819.6595312098,70.37
2021-07-09,33914.8810742256,72.99
2021-07-10,33335.86,71.57
2021-07-11,33846.4,73.97
2021-07-12,32834.9,70.53
2021-07-13,32641.9759610169,70.01
2021-07-14,32813.26,70.32
2021-07-15,31750.98,69.01
2021-07-16,31455.7175818819,67.82
2021-07-17,31547.9511990064,67.95
2021-07-18,31645.72,69.54
2021-07-19,30805.05,67.16
2021-07-20,29877.38,66.99
2021-07-21,31843.81,70.93
2021-07-22,32306.9614285798,71.08
2021-07-23,33439.5957028638,72.59
2021-07-24,34166.914654588,75.17
2021-07-25,35119.9374360023,76.58
2021-07-26,37444.7825102279,79.87
2021-07-27,38055.11,82.27
2021-07-28,40003.52,82.95
2021-07-29,39722.32,83.0
2021-07-30,40860.23,84.68
2021-07-31,41793.3137481005,84.72
2021-08-01,41310.19,81.18
2021-08-02,39304.1862835769,80.4
2021-08-03,38288.8253975453,78.16
2021-08-04,39706.49,80.95
2021-08-05,40908.48,84.37
2021-08-06,42690.36,84.99
2021-08-07,43945.42,85.11
2021-08-08,43855.21,84.91
2021-08-09,46265.6424564582,85.92
2021-08-10,45488.7912624196,84.91
2021-08-11,45676.3263611923,85.11
2021-08-12,44440.18,83.72
2021-08-13,47717.4853559322,87.27
2021-08-14,46665.44,86.06
2021-08-15,46749.52,85.66
2021-08-16,46064.94,84.49
2021-08-17,45017.36,83.26
2021-08-18,44592.92,83.51
2021-08-19,46567.94,85.88
2021-08-20,48652.94,88.86
2021-08-21,49070.2409701929,88.32
2021-08-22,48424.68,88.88
2021-08-23,49509.06,89.21
2021-08-24,48364.25,86.55
2021-08-25,48747.71,87.92
2021-08-26,47047.56,84.76
2021-08-27,48942.27,88.14
2021-08-28,48746.55,87.06
2021-08-29,48896.51,87.32
2021-08-30,48653.6,84.31
2021-08-31,46995.72,85.01
2021-09-01,48269.06,87.06
2021-09-02,49555.55,89.0
2021-09-03,49860.5341635301,89.55
2021-09-04,49919.577563647,89.56
2021-09-05,51652.0,90.77
2021-09-06,52640.5883740503,91.33
2021-09-07,46806.02,82.95
2021-09-08,46154.44,81.64
2021-09-09,46268.06,82.31
2021-09-10,45130.85,80.28
2021-09-11,45098.5916447691,80.86
2021-09-12,46180.6124563998,81.68
2021-09-13,44991.5221277031,80.66
2021-09-14,46842.21,83.97
2021-09-15,48167.1893676213,86.07
2021-09-16,47103.61,85.28
2021-09-17,47086.39,83.89
2021-09-18,48015.88,86.29
2021-09-19,47587.39,83.61
2021-09-20,43569.67,79.08
2021-09-21,40526.4893760958,77.48
2021-09-22,43475.75,79.68
2021-09-23,44716.19,80.35
2021-09-24,42991.34,79.25
2021-09-25,42714.1,78.33
2021-09-26,43131.2941773816,79.82
2021-09-27,42720.72,78.45
2021-09-28,41811.6,78.09
2021-09-29,41453.9470131502,78.61
2021-09-30,43781.546015488,80.85
2021-10-01,48078.1315543542,86.48
2021-10-02,47984.28,85.27
2021-10-03,48441.32,86.77
2021-10-04,49288.5013106371,88.85
2021-10-05,51558.0493319112,90.74
2021-10-06,54893.34,93.26
2021-10-07,53805.1569125658,91.69
2021-10-08,53933.5275908825,91.81
2021-10-09,54648.42,92.65
2021-10-10,55431.06,92.14
2021-10-11,57395.76,95.62
2021-10-12,56196.1812597896,93.92
2021-10-13,57348.8928769725,96.4
2021-10-14,57384.0369146698,96.4
2021-10-15,61446.0840073057,99.41
2021-10-16,60932.0632119228,98.42
2021-10-17,61462.2223722969,99.43
2021-10-18,61977.0575514319,99.57
2021-10-19,64290.8977574518,100.0
2021-10-20,66061.7965639977,100.0
2021-10-21,62373.8856206897,98.33
2021-10-22,60750.9673718293,96.56
2021-10-23,61250.082628872,96.86
2021-10-24,60865.4470523086,96.5
2021-10-25,63031.6729015196,98.86
2021-10-26,60393.9802738165,94.93
2021-10-27,58563.3359899766,93.65
2021-10-28,60564.5721122151,95.59
2021-10-29,62230.8055689655,97.72
2021-10-30,61809.68,96.47
2021-10-31,61432.9700628287,95.92
2021-11-01,61092.0950592051,95.68
2021-11-02,63024.7472296902,98.41
2021-11-03,62955.9817630041,97.52
2021-11-04,61393.8899780246,94.99
2021-11-05,61005.840833723,94.32
2021-11-06,61455.0536268849,95.68
2021-11-07,63043.8290590298,99.16
2021-11-08,67541.7555081824,100.0
2021-11-09,67095.5856706605,99.06
2021-11-10,64756.0779689071,98.12
2021-11-11,64962.9312939801,98.38
2021-11-12,64078.968037405,97.47
2021-11-13,64397.7912063121,97.73
2021-11-14,65032.2256548217,98.73
2021-11-15,63753.5031592636,96.03
2021-11-16,60322.4978530099,90.41
2021-11-17,60154.3083661601,90.09
2021-11-18,56794.1556271186,86.35
2021-11-19,58014.0729888954,89.0
2021-11-20,59749.4738229106,90.56
2021-11-21,59032.6241017534,89.84
2021-11-22,56383.5658760958,85.23
2021-11-23,57642.2657980713,88.52
2021-11-24,57141.8303784337,86.76
2021-11-25,59008.6554792519,91.13
2021-11-26,53800.6178389831,81.81
2021-11-27,54635.8824628872,82.63
2021-11-28,57248.5696963764,86.88
2021-11-29,57920.7107299825,89.42
2021-11-30,57097.0127942724,86.17
2021-12-01,57180.6098439509,86.87
2021-12-02,56582.8937691408,85.36
2021-12-03,53671.6160680888,80.54
2021-12-04,49159.7357983635,77.87
2021-12-05,49327.0935999416,78.26
2021-12-06,50535.4252232612,79.72
2021-12-07,50574.4728344828,79.92
2021-12-08,50500.6543513735,78.99
2021-12-09,47937.8228458212,75.49
2021-12-10,47437.2289725307,74.14
2021-12-11,49321.7693252484,78.55
2021-12-12,50136.5722568673,79.61
2021-12-13,46785.3278410286,73.23
2021-12-14,48292.6822501461,76.69
2021-12-15,48830.6223860316,77.92
2021-12-16,47663.4691077148,74.69
2021-12-17,46334.4837489772,72.44
2021-12-18,46904.8736753361,73.61
2021-12-19,46876.426924021,73.16
2021-12-20,46954.7634783168,74.02
2021-12-21,49082.0624666277,79.4
2021-12-22,48692.0987391584,77.83
2021-12-23,50712.9707682642,82.42
2021-12-24,50783.8344210988,82.49
2021-12-25,50590.4508976622,81.3
2021-12-26,50798.3065859147,82.82
2021-12-27,50796.3776735827,82.7
2021-12-28,47673.0440452367,74.78
2021-12-29,46470.3215751023,72.19
2021-12-30,47102.4630037989,74.08
2021-12-31,46355.1173302747,71.87
2022-01-01,47560.0093816482,75.58
2022-01-02,47352.5577565751,75.02
2022-01-03,46453.432351841,72.51
2022-01-04,45905.9611221508,70.98
2022-01-05,43530.9440388662,69.88
2022-01-06,43144.9652928112,70.11
2022-01-07,41512.7845808299,69.25
2022-01-08,41799.8128848627,69.72
2022-01-09,41886.4985569842,69.85
2022-01-10,41816.9510561075,70.02
2022-01-11,42768.1786116306,70.67
2022-01-12,43961.0265441262,72.08
2022-01-13,42626.8653924605,70.08
2022-01-14,43102.6476180596,71.1
2022-01-15,43206.6744812975,71.68
2022-01-16,43168.8596671537,71.32
2022-01-17,42211.270399474,69.91
2022-01-18,42431.2319670368,70.28
2022-01-19,41787.722012858,69.15
2022-01-20,40756.1261630625,68.25
2022-01-21,36492.2872241379,64.12
2022-01-22,34996.390965225,62.33
2022-01-23,36271.0502650497,63.7
2022-01-24,36659.7252206312,65.22
2022-01-25,36952.586773232,65.74
2022-01-26,36825.8245993571,65.45
2022-01-27,37021.9371332554,66.24
2022-01-28,37768.8474836353,67.64
2022-01-29,38088.2912279953,68.21
2022-01-30,37983.5063845704,67.88
2022-01-31,38462.6724029807,69.03
2022-02-01,38787.9640824079,69.31
2022-02-02,36942.3307493279,64.38
2022-02-03,37057.6521879018,65.23
2022-02-04,41079.9060881356,72.8
2022-02-05,41508.5816925774,73.0
2022-02-06,42358.2251732905,74.01
2022-02-07,43888.980119813,75.61
2022-02-08,44167.4447945646,75.95
2022-02-09,44405.0732042665,75.99
2022-02-10,43614.3426960842,74.6
2022-02-11,42357.3217416715,72.84
2022-02-12,42173.4593962595,71.74
2022-02-13,42195.5947451782,71.87
2022-02-14,42646.1618590883,73.77
2022-02-15,44511.9084880187,76.32
2022-02-16,44065.7092673875,75.32
2022-02-17,40610.024261543,70.24
2022-02-18,40044.2204856809,68.95
2022-02-19,40095.887329398,69.72
2022-02-20,38551.6224967855,66.37
2022-02-21,37098.0360081824,64.02
2022-02-22,38202.5940818235,66.21
2022-02-23,37308.2687344243,64.39
2022-02-24,38283.790402104,66.83
2022-02-25,39323.7702158387,69.76
2022-02-26,39056.5781523086,67.99
2022-02-27,37664.7792828755,64.8
2022-02-28,43179.2545140269,75.65
2022-03-01,44334.457582408,77.0
2022-03-02,43984.584926768,76.13
2022-03-03,42492.7744552893,72.51
2022-03-04,39106.4052159556,67.66
2022-03-05,39383.8848433665,68.49
2022-03-06,38399.3426268264,64.89
2022-03-07,38146.734273232,64.94
2022-03-08,38725.477261543,66.49
2022-03-09,41989.4028179427,72.37
2022-03-10,39482.2584672706,68.6
2022-03-11,38825.3644214494,67.02
2022-03-12,38951.1300157802,67.17
2022-03-13,37808.3174004091,62.89
2022-03-14,39649.0453243717,69.43
2022-03-15,39356.8139000584,68.23
2022-03-16,41101.768579135,72.2
2022-03-17,40966.4169324956,71.45
2022-03-18,41826.1160710111,73.16
2022-03-19,42193.1615362361,73.93
2022-03-20,41294.7235129164,71.78
2022-03-21,41064.429648159,71.48
2022-03-22,42383.169518761,74.39
2022-03-23,42734.2000355932,74.97
2022-03-24,43974.5935882525,77.64
2022-03-25,44347.034279661,78.45
2022-03-26,44519.9268641145,78.69
2022-03-27,46777.2056265342,80.82
2022-03-28,47223.6528860316,81.79
2022-03-29,47463.7096770894,81.99
2022-03-30,47123.2971478667,80.38
2022-03-31,45562.2106665693,77.99
2022-04-01,46250.3362878434,78.99
2022-04-02,45939.8973489188,78.15
2022-04-03,46440.5438538866,79.41
2022-04-04,46663.0041770894,80.05
2022-04-05,45693.0350619521,77.41
2022-04-06,43304.9371990064,73.96
2022-04-07,43569.0471697837,74.54
2022-04-08,42222.0689772063,71.06
2022-04-09,42680.9947355932,71.88
2022-04-10,42264.4633909994,71.11
2022-04-11,39544.0251835184,66.29
2022-04-12,40096.3669748685,67.78
2022-04-13,41152.7554517826,69.64
2022-04-14,39916.4963842782,66.61
2022-04-15,40527.3319567504,68.66
2022-04-16,40439.5881209819,68.4
2022-04-17,39704.7839798364,65.12
2022-04-18,40818.8786025716,69.59
2022-04-19,41489.6638011689,70.89
2022-04-20,41395.64458346,70.72
2022-04-21,40457.4959418469,68.29
2022-04-22,39737.9735040912,65.47
2022-04-23,39582.4548720047,65.11
2022-04-24,39511.6456928697,64.76
2022-04-25,40473.7483176505,68.98
2022-04-26,38072.800873758,61.77
2022-04-27,39218.5376174752,65.06
2022-04-28,39747.9894270018,66.6
2022-04-29,38609.5059070719,63.0
2022-04-30,37714.0949804208,60.84
2022-05-01,38459.226979135,62.65
2022-05-02,38566.0628877849,63.78
2022-05-03,37704.4053153127,61.19
2022-05-04,39641.852176505,67.54
2022-05-05,36502.0245601403,59.04
2022-05-06,36042.9995584453,58.51
2022-05-07,35508.7110227937,57.63
2022-05-08,34058.9066861484,56.7
2022-05-09,30457.9218194039,55.95
2022-05-10,30990.7351659848,56.66
2022-05-11,28796.5568217417,55.95
2022-05-12,29030.7070417884,56.8
2022-05-13,29285.9346718293,57.26
2022-05-14,30051.935755114,57.61
2022-05-15,31182.6212460549,59.06
2022-05-16,29889.6124757452,57.11
2022-05-17,30438.1944476914,58.04
2022-05-18,28771.2204786675,54.29
2022-05-19,30257.8852483928,57.98
2022-05-20,29224.245998422,56.57
2022-05-21,29420.0782857978,57.28
2022-05-22,30331.87514173,58.51
2022-05-23,29088.2515419638,56.36
2022-05-24,29643.6837556984,57.82
2022-05-25,29577.259880187,57.69
2022-05-26,29332.4860467563,57.3
2022-05-27,28612.0413103448,54.4
2022-05-28,29045.5206344243,56.05
2022-05-29,29294.99,58.04
2022-05-30,31735.9549719462,61.31
2022-05-31,31831.4095251315,61.74
2022-06-01,29825.9221992987,58.26
2022-06-02,30504.2679997078,59.99
2022-06-03,29662.6709708942,57.98
2022-06-04,29792.4076779077,58.25
2022-06-05,29915.4093009936,59.02
2022-06-06,31333.6770197545,61.54
2022-06-07,31175.0324289889,61.07
2022-06-08,30228.464698422,58.88
2022-06-09,30064.4855289305,58.34
2022-06-10,29070.4000300994,55.36
2022-06-11,28360.7899231444,53.26
2022-06-12,26830.2839456458,52.97
2022-06-13,22316.2570400351,53.99
2022-06-14,22072.8663085915,53.69
2022-06-15,22520.7910087668,56.0
2022-06-16,20310.1769848042,52.76
2022-06-17,20464.9290873174,53.78
2022-06-18,19013.8672536528,52.07
2022-06-19,20492.2951683226,55.08
2022-06-20,20571.6292247224,55.42
2022-06-21,20688.4651312098,55.83
2022-06-22,20003.1683375219,53.14
2022-06-23,21097.1028331385,56.2
2022-06-24,21299.0769853887,56.39
2022-06-25,21468.3431566335,56.48
2022-06-26,21066.6209430158,54.98
2022-06-27,20751.0516960842,55.46
2022-06-28,20263.2196393922,52.95
2022-06-29,20080.9480864991,52.96
2022-06-30,19332.9121294565,52.68
2022-07-01,19341.8631240795,53.21
2022-07-02,19231.8317083577,51.75
2022-07-03,19276.5146639392,52.04
2022-07-04,20226.2984745763,54.69
2022-07-05,20193.3427938048,54.54
2022-07-06,20560.8438126826,56.5
2022-07-07,21651.4191423144,58.34
2022-07-08,21813.7871239042,58.49
2022-07-09,21585.1321922852,57.72
2022-07-10,20831.2733915839,56.67
2022-07-11,19971.3294704851,53.52
2022-07-12,19339.1534734074,52.77
2022-07-13,20155.5278386908,54.52
2022-07-14,20552.8990289304,56.4
2022-07-15,20831.722700526,58.17
2022-07-16,21196.5091428989,58.45
2022-07-17,21184.32,56.93
2022-07-19,23371.2026601403,61.98
2022-07-20,23280.9356680304,61.16
2022-07-21,23152.4093112215,60.81
2022-07-22,22706.0835554646,59.93
2022-07-23,22484.4592317358,58.99
2022-07-24,22653.3570260082,59.63
2022-07-25,21510.1255874342,57.3
2022-07-26,21181.6591967855,56.74
2022-07-27,22898.4150683226,60.75
2022-07-28,23838.5568838691,63.21
2022-07-29,23950.7403798948,63.32
2022-07-30,23623.4349611338,62.03
2022-07-31,23356.1722215079,61.42
2022-08-01,23331.4426969608,61.41
2022-08-02,23031.4268834015,59.99
2022-08-03,23324.0,59.54
2022-08-04,22628.3320821157,58.98
2022-08-05,23248.9715023378,61.29
2022-08-06,22996.2750452952,59.81
2022-08-07,23153.6584713618,60.91
2022-08-08,23803.6505154296,63.18
2022-08-09,23186.2917464641,60.92
2022-08-10,23923.0584830508,63.62
2022-08-11,23934.4390561075,63.7
2022-08-12,24396.3088462887,63.96
2022-08-13,24426.2225748101,63.99
2022-08-14,24314.2021315021,63.31
2022-08-15,24083.9539748685,63.4
2022-08-16,23868.8193530099,62.38
2022-08-17,23336.3489310345,61.02
2022-08-18,23221.1706028638,59.97
2022-08-19,20906.7663141438,55.23
2022-08-20,21146.6548021625,55.49
2022-08-21,21553.9961717125,56.34
2022-08-22,21301.0840581531,56.14
2022-08-23,21534.5143521333,56.62
2022-08-24,21424.9728232028,56.24
2022-08-25,21587.8395844535,57.37
2022-08-26,20246.1655733489,52.51
2022-08-27,20043.9909485681,51.97
2022-08-28,19673.5412188778,51.52
2022-08-29,20270.960383986,53.2
2022-08-30,19825.4632066043,52.11
2022-08-31,20024.6716059614,52.62
2022-09-01,20105.4626072472,53.15
2022-09-02,19948.8567472823,52.15
2022-09-03,19803.8332697253,51.58
2022-09-04,19961.9118907072,52.49
2022-09-05,19797.7967884278,51.64
2022-09-06,18846.150537405,49.64
2022-09-07,19292.9070745178,51.52
2022-09-08,19319.1248512566,51.78
2022-09-09,21363.1894485681,58.06
2022-09-10,21715.5972516072,59.27
2022-09-11,21732.8643576856,59.32
2022-09-12,22364.7235803624,60.17
2022-09-13,20165.0421607247,54.48
2022-09-14,20246.3660424313,55.06
2022-09-15,19696.8698661601,52.5
2022-09-16,19741.5776168907,52.85
2022-09-17,20120.7023459965,54.37
2022-09-18,19427.1002626534,51.67
2022-09-19,19557.9769582116,52.31
2022-09-20,18872.9498667446,49.54
2022-09-21,18506.7607481005,48.96
2022-09-22,19414.5396449445,52.64
2022-09-23,19326.8648199883,51.83
2022-09-24,18924.7677872589,49.43
2022-09-25,18793.1561531268,48.9
2022-09-26,19201.1317209234,51.13
2022-09-27,19106.7389135009,50.92
2022-09-28,19454.937210111,53.68
2022-09-29,19540.8664105786,54.09
2022-09-30,19435.1946917008,53.41
2022-10-01,19311.861629398,51.52
2022-10-02,19015.2928050847,50.13
2022-10-03,19633.4325859147,55.06
2022-10-04,20339.9712811221,57.83
2022-10-05,20155.0996987142,56.56
2022-10-06,19950.5477957335,55.64
2022-10-07,19539.1439216832,53.53
2022-10-08,19416.1772291058,52.16
2022-10-09,19428.3671323787,52.39
2022-10-10,19154.4042346581,50.31
2022-10-11,19039.2820683811,50.2
2022-10-12,19156.9115645821,51.35
2022-10-13,19387.8336806546,53.01
2022-10-14,19177.6941031561,51.45
2022-10-15,19069.8749272355,50.11
2022-10-16,19261.7497878434,51.93
2022-10-17,19557.0218106371,55.21
2022-10-18,19341.4075543542,52.94
2022-10-19,19132.1544254822,50.45
2022-10-20,19033.3760239626,49.66
2022-10-21,19174.8763487434,51.68
2022-10-22,19207.6285078901,52.09
2022-10-23,19565.4123243717,56.1
2022-10-24,19341.460210111,53.64
2022-10-25,20094.9611215663,57.84
2022-10-26,20797.0308258328,60.3
2022-10-27,20280.1751280538,58.27
2022-10-28,20604.6138535944,59.52
2022-10-29,20803.8999205143,60.45
2022-10-30,20616.7033766803,59.36
2022-10-31,20490.8581808884,58.59
2022-11-01,20483.966530976,58.31
2022-11-02,20148.2845537697,56.66
2022-11-03,20198.1111860316,57.4
2022-11-04,21157.2449275278,61.81
2022-11-05,21283.4715999416,61.94
2022-11-06,20946.8030359439,60.41
2022-11-07,20568.5651183518,58.87
2022-11-08,18520.971163647,48.51
2022-11-09,15758.2912819988,47.48
2022-11-10,17541.5602866745,49.09
2022-11-11,16916.8506312098,48.72
2022-11-12,16771.2426718293,48.16
2022-11-13,16320.4983375219,47.48
2022-11-14,16629.4784146698,48.45
2022-11-15,16855.59378609,49.6
2022-11-16,16659.6063345996,49.02
2022-11-17,16675.1790204559,50.06
2022-11-18,16661.5229576271,50.32
2022-11-19,16696.0040581531,51.4
2022-11-20,16246.8446992987,46.85
2022-11-21,15778.0174047341,46.84
2022-11-22,16172.8893445354,47.5
2022-11-23,16574.0617299825,48.94
2022-11-24,16583.5243445354,49.17
2022-11-25,16522.3887767388,48.26
2022-11-26,16448.6413077148,47.83
2022-11-27,16436.0707688486,47.73
2022-11-28,16212.5814161309,47.8
2022-11-29,16443.0368199883,49.28
2022-11-30,17176.8986914085,54.99
2022-12-01,16961.2918042081,54.59
2022-12-02,17075.1091370544,54.84
2022-12-03,16899.5073831093,53.27
2022-12-04,17121.7149824664,55.1
2022-12-05,16961.3517866745,54.64
2022-12-06,17070.5158281707,54.89
2022-12-07,16848.2518243717,52.62
2022-12-08,17231.4563223261,55.94
2022-12-09,17136.1490008767,55.5
2022-12-10,17124.2146797195,55.03
2022-12-11,17094.3606592636,54.65
2022-12-12,17195.5249962011,55.94
2022-12-13,17774.9166320865,57.04
2022-12-14,17809.7240835769,57.19
2022-12-15,17344.0544569258,55.36
2022-12-16,16606.1101750438,49.39
2022-12-17,16774.3853702513,52.11
2022-12-18,16776.1159254822,52.23
2022-12-19,16424.1313857393,48.09
2022-12-20,16901.8169362946,53.2
2022-12-21,16800.5329707773,52.65
2022-12-22,16814.2225791935,52.95
2022-12-23,16780.5169798363,52.42
2022-12-24,16837.612170076,53.27
2022-12-25,16824.8389736996,53.04
2022-12-26,16879.9382273524,53.78
2022-12-27,16698.9112708942,51.32
2022-12-28,16536.2942001753,48.98
2022-12-29,16630.5931551724,50.33
2022-12-30,16593.6888287551,49.72
2022-12-31,16524.2178024547,48.46
2023-01-01,16606.7520432496,50.45
2023-01-02,16688.7192729398,52.6
2023-01-03,16670.0773836937,52.03
2023-01-04,16848.3660391584,54.98
2023-01-05,16824.8001826417,54.25
2023-01-06,16957.8622738165,56.2
2023-01-07,16917.49,55.72
2023-01-08,17059.2399444769,56.7
2023-01-09,17182.3198521333,57.64
2023-01-10,17433.9146320865,58.17
2023-01-11,17833.7107656341,59.35
2023-01-12,18869.7044842198,60.17
2023-01-13,19868.7247454705,63.36
2023-01-14,21010.9227200468,66.78
2023-01-15,20876.0085561075,65.93
2023-01-16,21180.4119485681,67.56
2023-01-17,21178.2993962595,67.12
2023-01-18,20709.6686040327,64.96
2023-01-19,21071.8334152542,66.33
2023-01-20,22660.7169421391,69.36
2023-01-21,22803.172761543,69.6
2023-01-22,22716.2771966686,69.04
2023-01-23,22929.0248936295,69.73
2023-01-24,22611.1268787259,68.12
2023-01-25,23109.0845189947,70.0
2023-01-26,23008.6894766219,69.48
2023-01-27,23070.4964582116,69.94
2023-01-28,23008.8094649328,69.17
2023-01-29,23774.9963679135,71.77
2023-01-30,22799.427261543,67.7
2023-01-31,23130.0519132087,70.16
2023-02-01,23727.2026075395,71.49
2023-02-02,23505.6048430742,70.61
2023-02-03,23445.8131773816,70.36
2023-02-04,23355.5243863238,69.44
2023-02-05,22957.2251905319,66.49
2023-02-06,22745.1650371128,65.9
2023-02-07,23266.2692036821,69.29
2023-02-08,22937.5799453536,66.64
2023-02-09,21818.1989456458,64.53
2023-02-10,21620.5667837522,64.3
2023-02-11,21864.8626414378,65.13
2023-02-12,21772.1373252484,64.32
2023-02-13,21798.7157168323,64.63
2023-02-14,22222.415043834,65.66
2023-02-15,24304.6129827586,72.41
2023-02-16,23742.4488354763,71.37
2023-02-17,24607.3356054939,72.54
2023-02-18,24636.5266127995,72.55
2023-02-19,24366.9907606663,71.81
2023-02-20,24797.8430359439,72.59
2023-02-21,24400.3893898305,71.81
2023-02-22,24163.7389812975,71.15
2023-02-23,23910.0342104033,70.7
2023-02-24,23175.8242036821,68.16
2023-02-25,23159.8154403857,67.6
2023-02-26,23542.0964281122,69.65
2023-02-27,23504.1894178843,69.47
2023-02-28,23145.9491277031,67.09
2023-03-01,23610.6590902981,70.19
2023-03-02,23470.0254815897,69.06
2023-03-03,22350.0962340736,64.0
2023-03-04,22334.2852638808,63.64
2023-03-05,22419.8171390999,64.35
2023-03-06,22414.7033056692,64.35
2023-03-07,22174.6484725307,63.67
2023-03-08,21701.3846227352,62.72
2023-03-09,20349.8141732905,59.34
2023-03-10,19951.37,58.89
2023-03-17,27450.6282933957,74.44
2023-03-18,26985.7359915254,72.77
2023-03-19,28185.2043319696,74.46
2023-03-20,27834.3361090006,74.22
2023-03-21,28172.7950558153,74.31
2023-03-22,27341.5571297487,72.86
2023-03-23,28387.8897495617,74.57
2023-03-24,27464.1249453536,73.05
2023-03-25,27518.62,73.16
2023-03-27,27154.9963702513,71.83
2023-03-28,27283.9634029807,72.12
2023-03-29,28389.2917784921,74.66
2023-03-30,28021.5583009936,74.44
2023-03-31,28514.6813062537,75.58
2023-04-01,28494.5638863238,74.94
2023-04-02,28161.9980362361,73.86
2023-04-03,27850.9799436002,72.4
2023-04-04,28113.9585187025,74.16
2023-04-05,28190.3116063705,74.67
2023-04-06,28049.0744763296,73.39
2023-04-07,27936.8042609585,71.66
2023-04-08,27964.0512498539,71.73
2023-04-09,28357.8072703098,74.91
2023-04-10,29687.5651846873,76.89
2023-04-11,30247.0959193454,77.26
2023-04-12,29913.0035463472,76.61
2023-04-13,30370.82207218,77.55
2023-04-14,30458.9700414962,77.7
2023-04-15,30342.0591084161,76.45
2023-04-16,30312.9308533022,76.32
2023-04-17,29469.5050727645,74.73
2023-04-18,30366.8723813559,76.84
2023-04-19,28796.7440952659,73.59
2023-04-20,28251.2763790181,72.5
2023-04-21,27292.0211052016,69.0
2023-04-22,27827.5475920514,69.61
2023-04-23,27604.6855742256,69.38
2023-04-24,27520.1996729982,69.55
2023-04-25,28302.6942180012,73.1
2023-04-26,28384.2340333139,73.29
2023-04-27,29465.5514272355,74.97
2023-04-28,29350.811886616,74.61
2023-04-29,29221.5145075979,74.07
2023-04-30,29362.0867974868,74.7
2023-05-01,28114.9531873174,71.34
2023-05-02,28690.5809959088,73.62
2023-05-03,29045.0427735243,74.25
2023-05-04,28855.8574465225,73.33
2023-05-05,29552.9695236704,75.73
2023-05-06,28899.4629602572,73.2
2023-05-07,28761.738434249,72.4
2023-05-08,27727.2854091175,67.42
2023-05-09,27642.4281092928,67.22
2023-05-10,27646.004902104,67.76
2023-05-11,26986.271065751,65.25
2023-05-12,26773.3443591467,65.2
2023-05-13,26841.3982913501,65.33
2023-05-14,26918.261597896,65.46
2023-05-15,27231.6216052016,67.0
2023-05-16,27025.7181864407,65.72
2023-05-17,27401.0440610754,67.62
2023-05-18,26843.2350938048,64.92
2023-05-19,26889.503631502,65.26
2023-05-20,27100.8582878434,66.69
2023-05-21,26777.0977831677,64.41
2023-05-22,26858.7370637054,65.08
2023-05-23,27226.8558763881,67.31
2023-05-24,26341.4306446522,63.98
2023-05-25,26484.8359234366,64.33
2023-05-26,26720.3838071303,64.6
2023-05-27,26854.5403702513,65.25
2023-05-28,28097.5211259497,71.21
2023-05-29,27765.0728693746,69.42
2023-05-30,27712.4915844535,69.1
2023-05-31,27217.6832580362,67.09
2023-06-01,26825.3713451198,64.67
2023-06-02,27255.2279941555,67.96
2023-06-03,27079.4084643483,66.37
2023-06-04,27158.25456955,66.8
2023-06-05,25785.8514842198,63.21
2023-06-06,27213.7705187025,67.22
2023-06-07,26339.5790292227,63.25
2023-06-08,26521.693600526,64.27
2023-06-09,26470.6775780245,63.6
2023-06-10,25863.2138506721,62.83
2023-06-11,25906.8281516657,63.04
2023-06-12,25906.7519354179,63.24
2023-06-13,25880.8599734074,63.03
2023-06-14,25097.5853796026,62.49
2023-06-15,25559.1433293396,62.96
2023-06-16,26331.8200943892,64.44
2023-06-17,26514.1713495032,65.62
2023-06-18,26353.962682934,64.79
2023-06-19,26778.0634415547,66.99
2023-06-20,28305.4204573349,73.78
2023-06-21,30099.5153509643,77.78
2023-06-22,29952.5112866745,77.12
2023-06-23,30638.3537644652,78.66
2023-06-24,30549.0162872589,78.07
2023-06-25,30467.4403705435,77.85
2023-06-26,30255.8861241964,77.19
2023-06-27,30656.2,78.69
2023-06-28,30104.0432717709,76.42
2023-06-29,30460.792978083,77.72
2023-06-30,30484.503257744,78.0
2023-07-01,30581.6889655172,78.23
2023-07-02,30594.2164736996,78.24
2023-07-03,31135.3575993571,78.92
2023-07-04,30799.9474558738,78.41
2023-07-05,30497.8221282876,77.11
2023-07-06,29979.7298094681,74.45
2023-07-07,30329.8829786674,75.82
2023-07-08,30263.6196341321,75.41
2023-07-09,30163.2210563998,74.86
2023-07-10,30394.6555806546,76.33
2023-07-11,30616.247094097,78.17
2023-07-12,30385.6087852133,75.83
2023-07-13,31434.7354704851,79.32
2023-07-14,30310.6720204559,74.92
2023-07-15,30290.8905958504,74.65
2023-07-16,30249.7729658095,74.17
2023-07-17,30143.7462744009,74.1
2023-07-18,29835.7474076563,72.62
2023-07-19,29913.0294646406,73.05
2023-07-20,29805.6065707189,71.7
2023-07-21,29919.6934921099,73.39
2023-07-22,29726.0096271186,71.11
2023-07-23,29882.43,74.09
2023-07-26,29361.5917580362,71.01
2023-07-27,29201.6865175336,70.54
2023-07-28,29316.3130751023,71.71
2023-07-29,29360.376179135,71.87
2023-07-30,29262.8367337814,70.6
2023-07-31,29219.8201887785,70.54
2023-08-01,29499.5875385739,72.66
2023-08-02,29143.1519620105,69.73
2023-08-03,29192.3448617767,70.15
2023-08-04,29057.2532437171,69.49
2023-08-05,29053.0956975453,69.29
2023-08-06,29048.0433275862,69.24
2023-08-07,29164.3585873758,70.2
2023-08-08,29779.511383986,73.57
2023-08-09,29582.9442375804,72.95
2023-08-10,29430.1599117475,72.53
2023-08-11,29399.784739626,72.17
2023-08-12,29415.733902104,72.23
2023-08-13,29286.1176110462,70.78
2023-08-14,29408.9717127411,72.4
2023-08-15,29167.59721654,69.71
2023-08-16,28754.2924079486,68.04
2023-08-17,26660.5627264757,61.48
2023-08-18,26037.3658474576,60.6
2023-08-19,26093.981808007,60.71
2023-08-20,26176.4721642315,60.78
2023-08-21,26128.9050160725,60.88
2023-08-22,25978.2096914085,60.29
2023-08-23,26452.1935882525,61.99
2023-08-24,26126.7943331385,60.82
2023-08-25,26040.881255114,60.76
2023-08-26,26006.1740800701,60.09
2023-08-27,26086.3612594974,60.93
2023-08-28,26103.2765730567,61.24
2023-08-29,27672.2221306254,67.44
2023-08-30,27298.997779661,66.38
2023-08-31,25954.8665935126,59.85
2023-09-01,25802.7885298071,59.4
2023-09-02,25868.2960976037,59.66
2023-09-03,25962.5475689655,60.41
2023-09-04,25799.5256870251,59.18
2023-09-05,25782.3622200468,59.13
2023-09-06,25754.7902676797,59.28
2023-09-07,26210.6045637054,62.55
2023-09-08,25904.6982127411,60.57
2023-09-09,25894.6205976037,60.34
2023-09-10,25856.26,59.98
2023-09-11,25135.0393781414,58.83
2023-09-12,25859.7018068381,60.42
2023-09-13,26226.8667524839,63.01
2023-09-14,26556.056943308,64.06
2023-09-15,26672.6160818235,64.23
2023-09-16,26555.6361031561,63.46
2023-09-17,26502.4321189363,63.26
2023-09-18,26474.89,64.39
2023-09-19,27215.0504848042,66.98
2023-09-20,27133.4037235535,66.36
2023-09-21,26571.5952919345,63.46
2023-09-22,26581.1476116306,63.63
2023-09-23,26575.776386616,63.46
2023-09-24,26286.6410488019,61.7
2023-09-25,26288.8095005845,62.01
2023-09-26,26194.5378880772,61.44
2023-09-27,26336.0825973115,62.44
2023-09-28,27033.4254415546,66.01
2023-09-29,26911.2514739918,65.37
2023-09-30,26977.6933126826,65.53
2023-10-01,27950.1453594389,69.5
2023-10-02,27565.8892954413,68.62
2023-10-03,27439.1422393337,68.04
2023-10-04,27797.251176505,69.39
2023-10-05,27426.3450926359,67.43
2023-10-06,27941.9633760959,69.66
2023-10-07,27972.7515704266,69.84
2023-10-08,27936.3261157218,69.04
2023-10-09,27591.3467618352,67.9
2023-10-10,27419.7971803039,67.08
2023-10-11,26828.1725710111,63.63
2023-10-12,26741.3405990649,62.51
2023-10-13,26842.4467703098,64.08
2023-10-14,26861.9892375804,64.24
2023-10-15,27130.3067092344,65.87
2023-10-16,28506.7936741671,72.12
2023-10-17,28433.2051522501,71.72
2023-10-18,28328.0750195792,71.24
2023-10-19,28690.358041204,72.65
2023-10-20,29704.9853673291,76.34
2023-10-21,29922.5464044418,77.48
2023-10-22,29984.1593196961,77.8
2023-10-23,32954.1690482174,81.68
2023-10-24,33880.9566537113,82.07
2023-10-25,34488.6589210988,82.36
2023-10-26,34181.4922521917,81.79
2023-10-27,33896.938528346,81.2
2023-10-28,34091.5890327294,81.45
2023-10-29,34574.3377206312,82.4
2023-10-30,34495.1050207481,82.24
2023-10-31,34636.4264736996,82.45
2023-11-01,35431.9794532437,82.89
2023-11-02,34882.9173366452,82.14
2023-11-03,34708.2218804792,81.77
2023-11-04,35091.0763062537,82.36
2023-11-05,35105.0420265926,82.37
2023-11-06,35017.7151484512,82.07
2023-11-07,35418.4768901227,82.65
2023-11-08,35797.8946090006,83.2
2023-11-09,36675.3264333723,83.68
2023-11-10,37367.4943722969,84.16
2023-11-11,36979.9312405026,83.36
2023-11-12,37053.3410514319,83.45
2023-11-13,36543.2680870836,82.04
2023-11-14,35590.6835645821,81.25
2023-11-15,37840.5534894798,84.73
2023-11-16,36160.4044509059,81.52
2023-11-17,36569.7120534775,82.15
2023-11-18,36577.4249617183,82.18
2023-11-19,37442.7285119813,83.93
2023-11-20,37516.0503708358,84.18
2023-11-21,36035.0330862069,80.68
2023-11-22,37403.0347168323,83.53
2023-11-23,37311.7192156634,82.72
