d,price_usd,sth_realized_price
2015-06-01,,252.01
2015-06-02,,251.71
2015-06-03,,251.37
2015-06-04,,251.04
2015-06-05,,250.76
2015-06-06,,250.66
2015-06-07,,250.22
2015-06-08,,249.61
2015-06-09,,249.14
2015-06-10,,246.5
2015-06-11,,246.34
2015-06-12,,246.09
2015-06-13,,245.91
2015-06-14,,245.75
2015-06-15,,245.78
2015-06-16,,246.67
2015-06-17,,246.49
2015-06-18,,246.63
2015-06-19,,251.41
2015-06-20,,251.37
2015-06-21,,251.28
2015-06-22,,251.52
2015-06-23,,251.75
2015-06-24,,251.78
2015-06-25,,251.74
2015-06-26,,251.77
2015-06-27,,251.33
2015-06-28,,251.44
2015-06-29,,252.05
2015-06-30,,253.03
2015-07-01,,253.07
2015-07-02,,254.3
2015-07-03,,254.31
2015-07-04,,254.46
2015-07-05,,255.11
2015-07-06,,255.71
2015-07-07,,255.98
2015-07-08,,256.48
2015-07-09,,256.8
2015-07-10,,258.77
2015-07-11,,259.94
2015-07-12,,261.78
2015-07-13,,261.91
2015-07-14,,262.14
2015-07-15,,262.35
2015-07-16,,262.23
2015-07-17,,262.22
2015-07-18,,262.09
2015-07-19,,261.84
2015-07-20,,261.96
2015-07-21,,261.85
2015-07-22,,261.79
2015-07-23,,261.76
2015-07-24,,262.66
2015-07-25,,263.2
2015-07-26,,263.8
2015-07-27,,264.79
2015-07-28,,265.53
2015-07-29,,265.85
2015-07-30,,266.45
2015-07-31,,266.66
2015-08-01,,266.78
2015-08-02,,266.93
2015-08-03,,267.03
2015-08-04,,267.48
2015-08-05,,267.56
2015-08-06,,267.75
2015-08-07,,267.9
2015-08-08,,264.04
2015-08-09,,264.08
2015-08-10,,263.62
2015-08-11,,263.75
2015-08-12,,263.59
2015-08-13,,263.28
2015-08-14,,263.24
2015-08-15,,262.69
2015-08-16,,261.94
2015-08-17,,261.15
2015-08-18,,257.08
2015-08-19,,255.89
2015-08-20,,255.49
2015-08-21,,254.78
2015-08-22,,254.24
2015-08-23,,253.77
2015-08-24,,251.16
2015-08-25,,250.43
2015-08-26,,249.88
2015-08-27,,249.57
2015-08-28,,249.74
2015-08-29,,249.43
2015-08-30,,249.2
2015-08-31,,249.17
2015-09-01,,248.85
2015-09-02,,248.62
2015-09-03,,247.96
2015-09-04,,248.04
2015-09-05,,248.23
2015-09-06,,248.54
2015-09-07,,248.74
2015-09-08,,249.28
2015-09-09,,249.01
2015-09-10,,248.82
2015-09-11,,248.88
2015-09-12,,248.6
2015-09-13,,248.16
2015-09-14,,247.75
2015-09-15,,247.47
2015-09-16,,247.15
2015-09-17,,247.34
2015-09-18,,247.28
2015-09-19,,247.06
2015-09-20,,246.95
2015-09-21,,246.21
2015-09-22,,246.27
2015-09-23,,246.01
2015-09-24,,246.12
2015-09-25,,246.23
2015-09-26,,246.46
2015-09-27,,246.35
2015-09-28,,246.75
2015-09-29,,246.96
2015-09-30,,246.94
2015-10-01,,246.88
2015-10-02,,246.93
2015-10-03,,247.15
2015-10-04,,247.17
2015-10-05,,247.38
2015-10-06,,248.05
2015-10-07,,247.97
2015-10-08,,248.0
2015-10-09,,248.16
2015-10-10,,248.35
2015-10-11,,248.55
2015-10-12,,248.58
2015-10-13,,249.13
2015-10-14,,249.71
2015-10-15,,250.08
2015-10-16,,251.11
2015-10-17,,252.19
2015-10-18,,252.24
2015-10-19,,252.81
2015-10-20,,253.98
2015-10-21,,254.33
2015-10-22,,255.3
2015-10-23,,256.26
2015-10-24,,257.09
2015-10-25,,258.04
2015-10-26,,258.83
2015-10-27,,260.62
2015-10-28,,262.83
2015-10-29,,265.85
2015-10-30,,270.2
2015-10-31,,270.74
2015-11-01,,272.83
2015-11-02,,279.0
2015-11-03,,290.35
2015-11-04,,299.8
2015-11-05,,302.26
2015-11-06,,303.29
2015-11-07,,305.67
2015-11-08,,305.88
2015-11-09,,308.4
2015-11-10,,305.05
2015-11-11,,301.6
2015-11-12,,303.14
2015-11-13,,303.37
2015-11-14,,303.45
2015-11-15,,302.68
2015-11-16,,302.83
2015-11-17,,304.93
2015-11-18,,305.48
2015-11-19,,305.32
2015-11-20,,305.15
2015-11-21,,305.39
2015-11-22,,305.48
2015-11-23,,305.46
2015-11-24,,305.35
2015-11-25,,305.71
2015-11-26,,307.99
2015-11-27,,311.26
2015-11-28,,311.78
2015-11-29,,313.24
2015-11-30,,315.92
2015-12-01,,315.86
2015-12-02,,316.51
2015-12-03,,317.11
2015-12-04,,317.66
2015-12-05,,320.34
2015-12-06,,322.61
2015-12-07,,324.74
2015-12-08,,327.71
2015-12-09,,331.79
2015-12-10,,333.37
2015-12-11,,338.57
2015-12-12,,339.93
2015-12-13,,341.09
2015-12-14,,343.93
2015-12-15,,348.0
2015-12-16,,348.99
2015-12-17,,350.89
2015-12-18,,352.75
2015-12-19,,355.01
2015-12-20,,355.27
2015-12-21,,355.8
2015-12-22,,356.52
2015-12-23,,358.24
2015-12-24,,360.86
2015-12-25,,361.7
2015-12-26,,360.55
2015-12-27,,360.71
2015-12-28,,360.43
2015-12-29,,360.98
2015-12-30,,361.19
2015-12-31,,362.07
2016-01-01,,362.79
2016-01-02,,363.21
2016-01-03,,364.1
2016-01-04,,364.86
2016-01-05,,365.61
2016-01-06,,366.16
2016-01-07,,369.08
2016-01-08,,370.45
2016-01-09,,370.88
2016-01-10,,372.53
2016-01-11,,374.34
2016-01-12,,375.07
2016-01-13,,375.13
2016-01-14,,375.13
2016-01-15,,371.14
2016-01-16,,374.49
2016-01-17,,374.33
2016-01-18,,373.77
2016-01-19,,373.11
2016-01-20,,375.96
2016-01-21,,375.77
2016-01-22,,374.27
2016-01-23,,374.44
2016-01-24,,375.62
2016-01-25,,375.95
2016-01-26,,376.11
2016-01-27,,376.4
2016-01-28,,374.94
2016-01-29,,373.55
2016-01-30,,373.7
2016-01-31,,373.22
2016-02-01,,372.17
2016-02-02,,371.9
2016-02-03,,371.39
2016-02-04,,373.09
2016-02-05,,372.99
2016-02-06,,372.46
2016-02-07,,373.53
2016-02-08,,373.1
2016-02-09,,373.31
2016-02-10,,373.97
2016-02-11,,373.95
2016-02-12,,374.34
2016-02-13,,375.01
2016-02-14,,376.46
2016-02-15,,377.93
2016-02-16,,379.78
2016-02-17,,381.52
2016-02-18,,383.8
2016-02-19,,383.69
2016-02-20,,385.76
2016-02-21,,386.78
2016-02-22,,387.75
2016-02-23,,388.58
2016-02-24,,389.29
2016-02-25,,389.92
2016-02-26,,390.86
2016-02-27,,391.6
2016-02-28,,392.53
2016-02-29,,394.16
2016-03-01,,395.38
2016-03-02,,395.13
2016-03-03,,395.79
2016-03-04,,395.05
2016-03-05,,394.02
2016-03-06,,394.23
2016-03-07,,394.98
2016-03-08,,395.31
2016-03-09,,395.93
2016-03-10,,396.69
2016-03-11,,397.28
2016-03-12,,397.05
2016-03-13,,397.23
2016-03-14,,397.63
2016-03-15,,398.06
2016-03-16,,398.47
2016-03-17,,398.93
2016-03-18,,398.69
2016-03-19,,398.72
2016-03-20,,399.09
2016-03-21,,399.46
2016-03-22,,400.42
2016-03-23,,400.74
2016-03-24,,400.91
2016-03-25,,401.39
2016-03-26,,401.78
2016-03-27,,402.83
2016-03-28,,403.44
2016-03-29,,403.55
2016-03-30,,403.61
2016-03-31,,404.31
2016-04-01,,404.54
2016-04-02,,404.81
2016-04-03,,405.36
2016-04-04,,405.86
2016-04-05,,406.32
2016-04-06,,406.91
2016-04-07,,407.71
2016-04-08,,407.84
2016-04-09,,408.19
2016-04-10,,408.48
2016-04-11,,408.67
2016-04-12,,409.25
2016-04-13,,409.56
2016-04-14,,409.79
2016-04-15,,410.31
2016-04-16,,410.65
2016-04-17,,410.79
2016-04-18,,411.24
2016-04-19,,412.05
2016-04-20,,412.74
2016-04-21,,414.71
2016-04-22,,415.28
2016-04-23,,415.79
2016-04-24,,416.65
2016-04-25,,418.69
2016-04-26,,420.33
2016-04-27,,419.39
2016-04-28,,420.04
2016-04-29,,422.54
2016-04-30,,422.52
2016-05-01,,423.07
2016-05-02,,422.95
2016-05-03,,423.48
2016-05-04,,423.95
2016-05-05,,424.38
2016-05-06,,425.88
2016-05-07,,426.46
2016-05-08,,426.86
2016-05-09,,427.5
2016-05-10,,427.12
2016-05-11,,427.66
2016-05-12,,428.13
2016-05-13,,428.47
2016-05-14,,428.84
2016-05-15,,429.19
2016-05-16,,429.21
2016-05-17,,429.42
2016-05-18,,429.91
2016-05-19,,428.87
2016-05-20,,429.23
2016-05-21,,429.35
2016-05-22,,429.22
2016-05-23,,429.28
2016-05-24,,429.41
2016-05-25,,430.09
2016-05-26,,430.59
2016-05-27,,432.97
2016-05-28,,439.05
2016-05-29,,441.99
2016-05-30,,445.41
2016-05-31,,447.72
2016-06-01,,450.39
2016-06-02,,452.53
2016-06-03,,456.03
2016-06-04,,458.05
2016-06-05,,460.47
2016-06-06,,463.78
2016-06-07,,465.39
2016-06-08,,467.63
2016-06-09,,468.99
2016-06-10,,470.59
2016-06-11,,473.11
2016-06-12,,481.47
2016-06-13,,495.06
2016-06-14,,498.95
2016-06-15,,504.73
2016-06-16,,520.22
2016-06-17,,525.14
2016-06-18,,528.99
2016-06-19,,532.11
2016-06-20,,532.69
2016-06-21,,532.89
2016-06-22,,527.07
2016-06-23,,528.94
2016-06-24,,533.02
2016-06-25,,534.8
2016-06-26,,533.58
2016-06-27,,535.35
2016-06-28,,535.72
2016-06-29,,535.71
2016-06-30,,539.82
2016-07-01,,541.85
2016-07-02,,544.54
2016-07-03,,544.49
2016-07-04,,546.49
2016-07-05,,547.26
2016-07-06,,548.52
2016-07-07,,547.48
2016-07-08,,549.34
2016-07-09,,550.99
2016-07-10,,552.26
2016-07-11,,552.49
2016-07-12,,554.57
2016-07-13,,554.75
2016-07-14,,556.01
2016-07-15,,557.2
2016-07-16,,558.11
2016-07-17,,562.41
2016-07-18,,563.3
2016-07-19,,565.43
2016-07-20,,565.72
2016-07-21,,566.57
2016-07-22,,566.33
2016-07-23,,566.82
2016-07-24,,568.81
2016-07-25,,569.3
2016-07-26,,570.88
2016-07-27,,571.9
2016-07-28,,573.21
2016-07-29,,573.84
2016-07-30,,574.51
2016-07-31,,573.44
2016-08-01,,571.69
2016-08-02,,561.56
2016-08-03,,562.1
2016-08-04,,562.06
2016-08-05,,561.85
2016-08-06,,562.08
2016-08-07,,562.87
2016-08-08,,564.99
2016-08-09,,565.46
2016-08-10,,565.32
2016-08-11,,565.2
2016-08-12,,566.33
2016-08-13,,566.78
2016-08-14,,566.32
2016-08-15,,565.7
2016-08-16,,566.43
2016-08-17,,565.28
2016-08-18,,566.13
2016-08-19,,566.31
2016-08-20,,567.01
2016-08-21,,568.08
2016-08-22,,569.05
2016-08-23,,569.6
2016-08-24,,569.79
2016-08-25,,569.72
2016-08-26,,569.76
2016-08-27,,570.59
2016-08-28,,571.11
2016-08-29,,570.95
2016-08-30,,571.28
2016-08-31,,571.92
2016-09-01,,572.18
2016-09-02,,571.66
2016-09-03,,573.19
2016-09-04,,574.26
2016-09-05,,575.02
2016-09-06,,576.28
2016-09-07,,577.3
2016-09-08,,579.17
2016-09-09,,581.09
2016-09-10,,581.84
2016-09-11,,582.85
2016-09-12,,582.91
2016-09-13,,583.82
2016-09-14,,585.92
2016-09-15,,586.99
2016-09-16,,587.58
2016-09-17,,588.22
2016-09-18,,588.81
2016-09-19,,589.5
2016-09-20,,591.28
2016-09-21,,591.05
2016-09-22,,591.35
2016-09-23,,592.12
2016-09-24,,593.09
2016-09-25,,593.29
2016-09-26,,594.2
2016-09-27,,595.59
2016-09-28,,596.24
2016-09-29,,596.7
2016-09-30,,597.26
2016-10-01,,597.9
2016-10-02,,598.39
2016-10-03,,598.92
2016-10-04,,600.08
2016-10-05,,600.6
2016-10-06,,601.25
2016-10-07,,601.93
2016-10-08,,602.34
2016-10-09,,602.56
2016-10-10,,603.02
2016-10-11,,605.9
2016-10-12,,606.82
2016-10-13,,607.21
2016-10-14,,609.36
2016-10-15,,609.73
2016-10-16,,610.55
2016-10-17,,611.23
2016-10-18,,612.36
2016-10-19,,612.46
2016-10-20,,612.51
2016-10-21,,613.32
2016-10-22,,614.63
2016-10-23,,615.28
2016-10-24,,616.17
2016-10-25,,617.46
2016-10-26,,620.05
2016-10-27,,621.96
2016-10-28,,623.5
2016-10-29,,627.18
2016-10-30,,627.88
2016-10-31,,630.36
2016-11-01,,633.89
2016-11-02,,636.17
2016-11-03,,635.42
2016-11-04,,637.24
2016-11-05,,638.19
2016-11-06,,639.93
2016-11-07,,640.73
2016-11-08,,642.93
2016-11-09,,645.55
2016-11-10,,646.35
2016-11-11,,647.25
2016-11-12,,647.45
2016-11-13,,647.86
2016-11-14,,648.73
2016-11-15,,650.31
2016-11-16,,654.09
2016-11-17,,656.23
2016-11-18,,658.7
2016-11-19,,659.79
2016-11-20,,659.61
2016-11-21,,660.6
2016-11-22,,662.65
2016-11-23,,662.78
2016-11-24,,663.55
2016-11-25,,663.85
2016-11-26,,664.0
2016-11-27,,663.8
2016-11-28,,664.14
2016-11-29,,665.32
2016-11-30,,666.87
2016-12-01,,668.73
2016-12-02,,672.08
2016-12-03,,673.21
2016-12-04,,674.12
2016-12-05,,674.89
2016-12-06,,676.04
2016-12-07,,678.47
2016-12-08,,680.02
2016-12-09,,681.44
2016-12-10,,683.39
2016-12-11,,684.18
2016-12-12,,686.32
2016-12-13,,687.7
2016-12-14,,689.2
2016-12-15,,690.52
2016-12-16,,692.65
2016-12-17,,694.79
2016-12-18,,696.56
2016-12-19,,698.04
2016-12-20,,700.22
2016-12-21,,704.75
2016-12-22,,710.12
2016-12-23,,720.43
2016-12-24,,722.24
2016-12-25,,723.06
2016-12-26,,726.7
2016-12-27,,731.83
2016-12-28,,740.79
2016-12-29,,746.24
2016-12-30,,750.65
2016-12-31,,752.88
2017-01-01,,758.5
2017-01-02,,765.21
2017-01-03,,773.34
2017-01-04,,791.36
2017-01-05,,793.19
2017-01-06,,787.38
2017-01-07,,787.37
2017-01-08,,788.35
2017-01-09,,798.18
2017-01-10,,799.8
2017-01-11,,790.82
2017-01-12,,789.8
2017-01-13,,790.17
2017-01-14,,789.72
2017-01-15,,790.28
2017-01-16,,790.25
2017-01-17,,795.77
2017-01-18,,796.63
2017-01-19,,799.9
2017-01-20,,800.72
2017-01-21,,803.21
2017-01-22,,805.57
2017-01-23,,807.99
2017-01-24,,808.42
2017-01-25,,810.66
2017-01-26,,813.97
2017-01-27,,815.25
2017-01-28,,816.72
2017-01-29,,818.19
2017-01-30,,819.73
2017-01-31,,824.49
2017-02-01,,828.04
2017-02-02,,832.99
2017-02-03,,838.22
2017-02-04,,841.55
2017-02-05,,844.08
2017-02-06,,847.82
2017-02-07,,853.38
2017-02-08,,857.42
2017-02-09,,856.13
2017-02-10,,859.5
2017-02-11,,860.88
2017-02-12,,862.32
2017-02-13,,864.05
2017-02-14,,866.45
2017-02-15,,868.13
2017-02-16,,871.31
2017-02-17,,877.36
2017-02-18,,880.3
2017-02-19,,882.25
2017-02-20,,886.75
2017-02-21,,893.98
2017-02-22,,901.32
2017-02-23,,911.61
2017-02-24,,920.59
2017-02-25,,922.59
2017-02-26,,925.53
2017-02-27,,930.91
2017-02-28,,934.92
2017-03-01,,943.75
2017-03-02,,953.22
2017-03-03,,963.05
2017-03-04,,967.9
2017-03-05,,972.52
2017-03-06,,979.85
2017-03-07,,982.92
2017-03-08,,982.22
2017-03-09,,984.84
2017-03-10,,981.9
2017-03-11,,986.46
2017-03-12,,991.11
2017-03-13,,995.68
2017-03-14,,1000.11
2017-03-15,,1006.61
2017-03-16,,1006.58
2017-03-17,,999.6
2017-03-18,,991.2
2017-03-19,,991.38
2017-03-20,,992.31
2017-03-21,,996.87
2017-03-22,,994.21
2017-03-23,,992.25
2017-03-24,,983.54
2017-03-25,,984.17
2017-03-26,,983.51
2017-03-27,,988.55
2017-03-28,,991.31
2017-03-29,,992.97
2017-03-30,,994.2
2017-03-31,,998.91
2017-04-01,,1000.71
2017-04-02,,1012.32
2017-04-03,,1017.93
2017-04-04,,1021.47
2017-04-05,,1024.0
2017-04-06,,1030.11
2017-04-07,,1034.22
2017-04-08,,1035.99
2017-04-09,,1040.48
2017-04-10,,1044.48
2017-04-11,,1049.56
2017-04-12,,1052.78
2017-04-13,,1053.45
2017-04-14,,1055.25
2017-04-15,,1056.2
2017-04-16,,1057.0
2017-04-17,,1061.76
2017-04-18,,1064.89
2017-04-19,,1068.27
2017-04-20,,1073.26
2017-04-21,,1076.68
2017-04-22,,1078.32
2017-04-23,,1080.41
2017-04-24,,1084.38
2017-04-25,,1089.1
2017-04-26,,1094.45
2017-04-27,,1102.1
2017-04-28,,1108.38
2017-04-29,,1112.44
2017-04-30,,1117.24
2017-05-01,,1128.04
2017-05-02,,1139.36
2017-05-03,,1150.68
2017-05-04,,1167.73
2017-05-05,,1177.41
2017-05-06,,1188.08
2017-05-07,,1193.02
2017-05-08,,1214.67
2017-05-09,,1231.83
2017-05-10,,1247.62
2017-05-11,,1267.25
2017-05-12,,1272.41
2017-05-13,,1281.01
2017-05-14,,1287.34
2017-05-15,,1294.37
2017-05-16,,1304.3
2017-05-17,,1320.37
2017-05-18,,1333.42
2017-05-19,,1352.26
2017-05-20,,1369.46
2017-05-21,,1384.49
2017-05-22,,1410.98
2017-05-23,,1446.01
2017-05-24,,1481.78
2017-05-25,,1513.17
2017-05-26,,1526.89
2017-05-27,,1524.0
2017-05-28,,1536.81
2017-05-29,,1550.98
2017-05-30,,1558.19
2017-05-31,,1579.98
2017-06-01,,1600.02
2017-06-02,,1622.21
2017-06-03,,1642.16
2017-06-04,,1655.58
2017-06-05,,1684.35
2017-06-06,,1719.31
2017-06-07,,1733.02
2017-06-08,,1756.15
2017-06-09,,1775.83
2017-06-10,,1802.77
2017-06-11,,1826.54
2017-06-12,,1842.69
2017-06-13,,1862.19
2017-06-14,,1864.34
2017-06-15,,1866.0
2017-06-16,,1874.95
2017-06-17,,1884.29
2017-06-18,,1892.78
2017-06-19,,1912.7
2017-06-20,,1936.53
2017-06-21,,1946.25
2017-06-22,,1962.4
2017-06-23,,1969.68
2017-06-24,,1972.49
2017-06-25,,1972.89
2017-06-26,,1972.25
2017-06-27,,1984.39
2017-06-28,,1992.65
2017-06-29,,2001.92
2017-06-30,,2003.61
2017-07-01,,2008.14
2017-07-02,,2015.78
2017-07-03,,2026.63
2017-07-04,,2033.26
2017-07-05,,2045.35
2017-07-06,,2051.64
2017-07-07,,2058.88
2017-07-08,,2068.15
2017-07-09,,2069.99
2017-07-10,,2062.68
2017-07-11,,2062.88
2017-07-12,,2065.87
2017-07-13,,2068.5
2017-07-14,,2064.14
2017-07-15,,2051.04
2017-07-16,,2041.53
2017-07-17,,2052.18
2017-07-18,,2059.27
2017-07-19,,2063.25
2017-07-20,,2102.5
2017-07-21,,2111.25
2017-07-22,,2129.83
2017-07-23,,2138.34
2017-07-24,,2149.09
2017-07-25,,2153.93
2017-07-26,,2158.72
2017-07-27,,2177.55
2017-07-28,,2212.03
2017-07-29,,2233.77
2017-07-30,,2255.83
2017-07-31,,2295.95
2017-08-01,,2320.85
2017-08-02,,2335.76
2017-08-03,,2354.85
2017-08-04,,2385.38
2017-08-05,,2426.58
2017-08-06,,2465.39
2017-08-07,,2511.95
2017-08-08,,2547.38
2017-08-09,,2566.14
2017-08-10,,2592.76
2017-08-11,,2620.8
2017-08-12,,2655.36
2017-08-13,,2697.06
2017-08-14,,2746.48
2017-08-15,,2773.65
2017-08-16,,2820.44
2017-08-17,,2858.72
2017-08-18,,2874.3
2017-08-19,,2904.46
2017-08-20,,2923.28
2017-08-21,,2938.41
2017-08-22,,2960.65
2017-08-23,,2986.32
2017-08-24,,3013.76
2017-08-25,,3035.97
2017-08-26,,3052.11
2017-08-27,,3076.8
2017-08-28,,3100.31
2017-08-29,,3142.08
2017-08-30,,3163.89
2017-08-31,,3208.1
2017-09-01,,3252.16
2017-09-02,,3269.32
2017-09-03,,3284.22
2017-09-04,,3300.23
2017-09-05,,3317.2
2017-09-06,,3337.72
2017-09-07,,3383.13
2017-09-08,,3386.25
2017-09-09,,3391.1
2017-09-10,,3406.51
2017-09-11,,3408.81
2017-09-12,,3410.58
2017-09-13,,3406.65
2017-09-14,,3372.82
2017-09-15,,3382.29
2017-09-16,,3383.67
2017-09-17,,3384.16
2017-09-18,,3399.09
2017-09-19,,3400.55
2017-09-20,,3404.98
2017-09-21,,3396.47
2017-09-22,,3400.21
2017-09-23,,3407.24
2017-09-24,,3407.86
2017-09-25,,3427.97
2017-09-26,,3430.92
2017-09-27,,3449.77
2017-09-28,,3462.12
2017-09-29,,3469.62
2017-09-30,,3483.28
2017-10-01,,3504.6
2017-10-02,,3518.68
2017-10-03,,3525.88
2017-10-04,,3532.2
2017-10-05,,3544.69
2017-10-06,,3555.12
2017-10-07,,3566.25
2017-10-08,,3585.56
2017-10-09,,3617.76
2017-10-10,,3642.33
2017-10-11,,3661.82
2017-10-12,,3701.88
2017-10-13,,3755.98
2017-10-14,,3786.34
2017-10-15,,3806.48
2017-10-16,,3836.67
2017-10-17,,3860.02
2017-10-18,,3873.94
2017-10-19,,3909.07
2017-10-20,,3940.22
2017-10-21,,3963.35
2017-10-22,,3996.15
2017-10-23,,4065.04
2017-10-24,,4087.89
2017-10-25,,4112.03
2017-10-26,,4134.46
2017-10-27,,4150.98
2017-10-28,,4161.35
2017-10-29,,4190.13
2017-10-30,,4216.54
2017-10-31,,4249.85
2017-11-01,,4310.21
2017-11-02,,4385.84
2017-11-03,,4435.4
2017-11-04,,4478.8
2017-11-05,,4518.01
2017-11-06,,4545.67
2017-11-07,,4582.61
2017-11-08,,4625.96
2017-11-09,,4664.14
2017-11-10,,4679.95
2017-11-11,,4699.29
2017-11-12,,4717.23
2017-11-13,,4763.84
2017-11-14,,4794.93
2017-11-15,,4866.84
2017-11-16,,4943.96
2017-11-17,,5024.78
2017-11-18,,5069.13
2017-11-19,,5121.01
2017-11-20,,5191.78
2017-11-21,,5261.48
2017-11-22,,5304.11
2017-11-23,,5335.35
2017-11-24,,5394.54
2017-11-25,,5463.95
2017-11-26,,5560.01
2017-11-27,,5669.94
2017-11-28,,5777.35
2017-11-29,,5890.06
2017-11-30,,5974.72
2017-12-01,,6075.18
2017-12-02,,6165.56
2017-12-03,,6230.91
2017-12-04,,6331.24
2017-12-05,,6438.3
2017-12-06,,6671.26
2017-12-07,,7199.39
2017-12-08,,7478.03
2017-12-09,,7589.54
2017-12-10,,7734.11
2017-12-11,,7955.83
2017-12-12,,8267.3
2017-12-13,,8442.9
2017-12-14,,8593.54
2017-12-15,,8770.47
2017-12-16,,8980.48
2017-12-17,,9178.22
2017-12-18,,9327.06
2017-12-19,,9425.94
2017-12-20,,9529.52
2017-12-21,,9566.12
2017-12-22,,9575.64
2017-12-23,,9608.26
2017-12-24,,9610.79
2017-12-25,,9620.74
2017-12-26,,9697.39
2017-12-27,,9780.53
2017-12-28,,9796.54
2017-12-29,,9851.13
2017-12-30,,9878.86
2017-12-31,,9911.39
2018-01-01,,9913.97
2018-01-02,,10007.34
2018-01-03,,10061.77
2018-01-04,,10166.18
2018-01-05,,10383.38
2018-01-06,,10526.95
2018-01-07,,10638.55
2018-01-08,,10641.3
2018-01-09,,10746.21
2018-01-10,,10829.24
2018-01-11,,10827.46
2018-01-12,,10890.21
2018-01-13,,10952.26
2018-01-14,,10966.24
2018-01-15,,11024.5
2018-01-16,,10989.3
2018-01-17,,10942.52
2018-01-18,,10915.52
2018-01-19,,10904.52
2018-01-20,,10933.6
2018-01-21,,10911.36
2018-01-22,,10884.94
2018-01-23,,10870.71
2018-01-24,,10926.19
2018-01-25,,10917.32
2018-01-26,,10971.04
2018-01-27,,10989.66
2018-01-28,,11033.92
2018-01-29,,11049.19
2018-01-30,,11017.87
2018-01-31,,11002.33
2018-02-01,,10922.75
2018-02-02,,10840.71
2018-02-03,,10839.22
2018-02-04,,10781.64
2018-02-05,,10652.26
2018-02-06,,10607.48
2018-02-07,,10569.33
2018-02-08,,10538.75
2018-02-09,,10566.53
2018-02-10,,10567.94
2018-02-11,,10579.26
2018-02-12,,10596.61
2018-02-13,,10582.01
2018-02-14,,10610.67
2018-02-15,,10635.48
2018-02-16,,10651.35
2018-02-17,,10686.8
2018-02-18,,10704.11
2018-02-19,,10752.75
2018-02-20,,10787.64
2018-02-21,,10800.97
2018-02-22,,10793.12
2018-02-23,,10811.39
2018-02-24,,10815.29
2018-02-25,,10813.09
2018-02-26,,10827.68
2018-02-27,,10843.78
2018-02-28,,10865.26
2018-03-01,,10888.21
2018-03-02,,10915.4
2018-03-03,,10928.73
2018-03-04,,10989.49
2018-03-05,,11059.31
2018-03-06,,11065.68
2018-03-07,,11038.06
2018-03-08,,11008.68
2018-03-09,,10941.25
2018-03-10,,10918.91
2018-03-11,,10924.36
2018-03-12,,10908.1
2018-03-13,,10895.1
2018-03-14,,10852.54
2018-03-15,,10831.98
2018-03-16,,10807.16
2018-03-17,,10787.7
2018-03-18,,10863.41
2018-03-19,,10871.46
2018-03-20,,10873.02
2018-03-21,,10873.09
2018-03-22,,10874.07
2018-03-23,,10878.13
2018-03-24,,10882.79
2018-03-25,,10879.77
2018-03-26,,10858.5
2018-03-27,,10847.02
2018-03-28,,10889.98
2018-03-29,,10836.99
2018-03-30,,10797.41
2018-03-31,,10793.53
2018-04-01,,10788.59
2018-04-02,,10786.53
2018-04-03,,10794.79
2018-04-04,,10765.59
2018-04-05,,10744.07
2018-04-06,,10714.33
2018-04-07,,10681.73
2018-04-08,,10668.89
2018-04-09,,10646.76
2018-04-10,,10628.34
2018-04-11,,10626.02
2018-04-12,,10627.54
2018-04-13,,10625.73
2018-04-14,,10623.07
2018-04-15,,10624.15
2018-04-16,,10614.94
2018-04-17,,10593.8
2018-04-18,,10586.23
2018-04-19,,10574.46
2018-04-20,,10580.13
2018-04-21,,10606.78
2018-04-22,,10604.05
2018-04-23,,10608.39
2018-04-24,,10638.21
2018-04-25,,10618.36
2018-04-26,,10631.09
2018-04-27,,10627.12
2018-04-28,,10630.27
2018-04-29,,10624.92
2018-04-30,,10620.44
2018-05-01,,10614.97
2018-05-02,,10607.81
2018-05-03,,10621.94
2018-05-04,,10624.96
2018-05-05,,10629.61
2018-05-06,,10631.91
2018-05-07,,10638.77
2018-05-08,,10638.39
2018-05-09,,10642.95
2018-05-10,,10633.72
2018-05-11,,10604.01
2018-05-12,,10599.43
2018-05-13,,10596.33
2018-05-14,,10561.28
2018-05-15,,10529.6
2018-05-16,,10447.91
2018-05-17,,10362.09
2018-05-18,,10331.47
2018-05-19,,10310.83
2018-05-20,,10292.2
2018-05-21,,10230.46
2018-05-22,,10187.59
2018-05-23,,10120.31
2018-05-24,,10071.7
2018-05-25,,9980.88
2018-05-26,,9858.8
2018-05-27,,9832.82
2018-05-28,,9786.23
2018-05-29,,9746.32
2018-05-30,,9715.41
2018-05-31,,9692.57
2018-06-01,,9669.43
2018-06-02,,9660.51
2018-06-03,,9655.05
2018-06-04,,9624.45
2018-06-05,,9587.54
2018-06-06,,9537.2
2018-06-07,,9486.04
2018-06-08,,9428.66
2018-06-09,,9403.29
2018-06-10,,9342.89
2018-06-11,,9282.69
2018-06-12,,9238.63
2018-06-13,,9151.44
2018-06-14,,9116.81
2018-06-15,,9064.53
2018-06-16,,8931.51
2018-06-17,,8905.53
2018-06-18,,8877.92
2018-06-19,,8856.62
2018-06-20,,8833.48
2018-06-21,,8785.74
2018-06-22,,8735.08
2018-06-23,,8710.79
2018-06-24,,8677.44
2018-06-25,,8653.56
2018-06-26,,8615.58
2018-06-27,,8563.95
2018-06-28,,8522.23
2018-06-29,,8422.35
2018-06-30,,8402.11
2018-07-01,,8344.87
2018-07-02,,8327.12
2018-07-03,,8294.4
2018-07-04,,8274.5
2018-07-05,,8232.72
2018-07-06,,8199.16
2018-07-07,,8180.95
2018-07-08,,8142.7
2018-07-09,,8126.43
2018-07-10,,8093.47
2018-07-11,,8069.99
2018-07-12,,8047.93
2018-07-13,,8022.42
2018-07-14,,8009.57
2018-07-15,,8005.8
2018-07-16,,7996.11
2018-07-17,,8018.19
2018-07-18,,8018.66
2018-07-19,,8016.96
2018-07-20,,8012.11
2018-07-21,,8006.06
2018-07-22,,7995.47
2018-07-23,,8004.17
2018-07-24,,8043.9
2018-07-25,,8049.45
2018-07-26,,8045.52
2018-07-27,,8065.6
2018-07-28,,8066.63
2018-07-29,,8086.19
2018-07-30,,8083.53
2018-07-31,,8081.79
2018-08-01,,8038.17
2018-08-02,,7995.66
2018-08-03,,7990.1
2018-08-04,,7967.11
2018-08-05,,7958.52
2018-08-06,,7940.27
2018-08-07,,7918.08
2018-08-08,,7867.79
2018-08-09,,7838.81
2018-08-10,,7794.28
2018-08-11,,7778.41
2018-08-12,,7722.28
2018-08-13,,7697.74
2018-08-14,,7672.38
2018-08-15,,7650.66
2018-08-16,,7619.32
2018-08-17,,7618.49
2018-08-18,,7604.87
2018-08-19,,7594.61
2018-08-20,,7572.17
2018-08-21,,7557.94
2018-08-22,,7404.69
2018-08-23,,7390.88
2018-08-24,,7393.77
2018-08-25,,7388.76
2018-08-26,,7380.01
2018-08-27,,7371.18
2018-08-28,,7368.88
2018-08-29,,7358.73
2018-08-30,,7358.1
2018-08-31,,7354.18
2018-09-01,,7356.67
2018-09-02,,7361.58
2018-09-03,,7350.72
2018-09-04,,7355.91
2018-09-05,,7334.07
2018-09-06,,7305.52
2018-09-07,,7290.78
2018-09-08,,7276.0
2018-09-09,,7262.25
2018-09-10,,7241.79
2018-09-11,,7222.18
2018-09-12,,7210.73
2018-09-13,,7182.88
2018-09-14,,7182.87
2018-09-15,,7182.29
2018-09-16,,7182.69
2018-09-17,,7172.12
2018-09-18,,7168.77
2018-09-19,,7165.87
2018-09-20,,7161.98
2018-09-21,,7160.19
2018-09-22,,7158.03
2018-09-23,,7154.99
2018-09-24,,7148.2
2018-09-25,,7130.51
2018-09-26,,7123.84
2018-09-27,,7115.2
2018-09-28,,7103.63
2018-09-29,,7093.34
2018-09-30,,7085.0
2018-10-01,,7061.07
2018-10-02,,7045.41
2018-10-03,,7023.89
2018-10-04,,7017.18
2018-10-05,,7003.95
2018-10-06,,6997.13
2018-10-07,,6914.84
2018-10-08,,6912.43
2018-10-09,,6890.15
2018-10-10,,6883.22
2018-10-11,,6852.32
2018-10-12,,6838.5
2018-10-13,,6824.11
2018-10-14,,6810.79
2018-10-15,,6812.45
2018-10-16,,6798.84
2018-10-17,,6789.68
2018-10-18,,6781.01
2018-10-19,,6776.69
2018-10-20,,6766.94
2018-10-21,,6741.21
2018-10-22,,6727.97
2018-10-23,,6719.74
2018-10-24,,6762.88
2018-10-25,,6743.17
2018-10-26,,6669.92
2018-10-27,,6668.7
2018-10-28,,6666.29
2018-10-29,,6654.05
2018-10-30,,6644.76
2018-10-31,,6637.83
2018-11-01,,6635.35
2018-11-02,,6633.69
2018-11-03,,6630.96
2018-11-04,,6631.33
2018-11-05,,6626.74
2018-11-06,,6623.06
2018-11-07,,6616.5
2018-11-08,,6611.14
2018-11-09,,6605.13
2018-11-10,,6603.42
2018-11-11,,6600.88
2018-11-12,,6592.86
2018-11-13,,6583.87
2018-11-14,,6521.99
2018-11-15,,6446.37
2018-11-16,,6420.2
2018-11-17,,6408.97
2018-11-18,,6401.03
2018-11-19,,6320.37
2018-11-20,,6162.65
2018-11-21,,6122.43
2018-11-22,,6083.66
2018-11-23,,6057.02
2018-11-24,,6008.71
2018-11-25,,5961.01
2018-11-26,,5898.98
2018-11-27,,5846.35
2018-11-28,,5818.49
2018-11-29,,5790.91
2018-11-30,,5693.51
2018-12-01,,5668.22
2018-12-02,,5656.84
2018-12-03,,5581.88
2018-12-04,,5444.9
2018-12-05,,5350.13
2018-12-06,,5260.75
2018-12-07,,5214.87
2018-12-08,,5175.41
2018-12-09,,5164.08
2018-12-10,,5139.3
2018-12-11,,5092.46
2018-12-12,,5072.52
2018-12-13,,5039.79
2018-12-14,,5015.74
2018-12-15,,4998.79
2018-12-16,,4979.3
2018-12-17,,4971.26
2018-12-18,,4954.4
2018-12-19,,4939.79
2018-12-20,,4950.06
2018-12-21,,4934.12
2018-12-22,,4934.04
2018-12-23,,4929.16
2018-12-24,,4924.5
2018-12-25,,4908.38
2018-12-26,,4897.14
2018-12-27,,4874.96
2018-12-28,,4861.22
2018-12-29,,4842.03
2018-12-30,,4830.51
2018-12-31,,4811.66
2019-01-01,,4804.49
2019-01-02,,4799.9
2019-01-03,,4784.16
2019-01-04,,4775.22
2019-01-05,,4734.83
2019-01-06,,4730.07
2019-01-07,,4721.28
2019-01-08,,4711.63
2019-01-09,,4707.28
2019-01-10,,4680.4
2019-01-11,,4642.09
2019-01-12,,4633.46
2019-01-13,,4621.33
2019-01-14,,4604.9
2019-01-15,,4558.83
2019-01-16,,4542.46
2019-01-17,,4534.44
2019-01-18,,4523.24
2019-01-19,,4520.84
2019-01-20,,4509.9
2019-01-21,,4492.66
2019-01-22,,4480.72
2019-01-23,,4470.88
2019-01-24,,4457.84
2019-01-25,,4451.63
2019-01-26,,4444.06
2019-01-27,,4437.35
2019-01-28,,4417.41
2019-01-29,,4399.85
2019-01-30,,4380.65
2019-01-31,,4370.53
2019-02-01,,4352.62
2019-02-02,,4346.6
2019-02-03,,4332.89
2019-02-04,,4317.57
2019-02-05,,4301.15
2019-02-06,,4281.83
2019-02-07,,4268.85
2019-02-08,,4268.93
2019-02-09,,4265.53
2019-02-10,,4260.6
2019-02-11,,4251.76
2019-02-12,,4246.49
2019-02-13,,4226.1
2019-02-14,,4216.01
2019-02-15,,4209.93
2019-02-16,,4201.07
2019-02-17,,4195.35
2019-02-18,,4194.84
2019-02-19,,4192.65
2019-02-20,,4167.92
2019-02-21,,4163.78
2019-02-22,,4162.72
2019-02-23,,4165.21
2019-02-24,,4151.82
2019-02-25,,4142.4
2019-02-26,,4134.03
2019-02-27,,4125.85
2019-02-28,,4114.52
2019-03-01,,4107.72
2019-03-02,,4108.36
2019-03-03,,4103.62
2019-03-04,,4080.96
2019-03-05,,4081.16
2019-03-06,,4078.39
2019-03-07,,4074.41
2019-03-08,,4068.86
2019-03-09,,4060.89
2019-03-10,,4051.86
2019-03-11,,4043.23
2019-03-12,,4040.19
2019-03-13,,4034.96
2019-03-14,,4032.28
2019-03-15,,4030.06
2019-03-16,,4031.06
2019-03-17,,4026.53
2019-03-18,,4022.02
2019-03-19,,4016.0
2019-03-20,,4016.98
2019-03-21,,4012.72
2019-03-22,,4011.51
2019-03-23,,4010.34
2019-03-24,,4006.91
2019-03-25,,3999.89
2019-03-26,,3993.26
2019-03-27,,3990.53
2019-03-28,,3988.33
2019-03-29,,3990.77
2019-03-30,,3992.03
2019-03-31,,3975.63
2019-04-01,,3971.75
2019-04-02,,4033.27
2019-04-03,,4054.43
2019-04-04,,4056.43
2019-04-05,,4080.88
2019-04-06,,4088.31
2019-04-07,,4102.7
2019-04-08,,4123.93
2019-04-09,,4118.97
2019-04-10,,4134.99
2019-04-11,,4134.64
2019-04-12,,4142.15
2019-04-13,,4145.22
2019-04-14,,4152.48
2019-04-15,,4154.48
2019-04-16,,4166.04
2019-04-17,,4179.71
2019-04-18,,4187.05
2019-04-19,,4238.69
2019-04-20,,4243.63
2019-04-21,,4246.21
2019-04-22,,4261.13
2019-04-23,,4277.96
2019-04-24,,4300.58
2019-04-25,,4289.96
2019-04-26,,4288.97
2019-04-27,,4286.13
2019-04-28,,4285.06
2019-04-29,,4289.02
2019-04-30,,4296.65
2019-05-01,,4311.84
2019-05-02,,4324.16
2019-05-03,,4341.85
2019-05-04,,4350.64
2019-05-05,,4360.05
2019-05-06,,4375.46
2019-05-07,,4395.46
2019-05-08,,4417.69
2019-05-09,,4457.39
2019-05-10,,4505.23
2019-05-11,,4598.34
2019-05-12,,4655.61
2019-05-13,,4812.24
2019-05-14,,4957.45
2019-05-15,,5118.89
2019-05-16,,5182.03
2019-05-17,,5185.11
2019-05-18,,5193.58
2019-05-19,,5244.81
2019-05-20,,5295.27
2019-05-21,,5346.77
2019-05-22,,5373.37
2019-05-23,,5405.92
2019-05-24,,5449.09
2019-05-25,,5475.96
2019-05-26,,5529.52
2019-05-27,,5595.36
2019-05-28,,5652.48
2019-05-29,,5925.37
2019-05-30,,5942.66
2019-05-31,,5981.45
2019-06-01,,6007.18
2019-06-02,,6035.6
2019-06-03,,6052.47
2019-06-04,,6049.02
2019-06-05,,6089.39
2019-06-06,,6099.12
2019-06-07,,6118.29
2019-06-08,,6124.35
2019-06-09,,6130.79
2019-06-10,,6155.04
2019-06-11,,6174.32
2019-06-12,,6206.35
2019-06-13,,6227.85
2019-06-14,,6273.49
2019-06-15,,6300.55
2019-06-16,,6337.05
2019-06-17,,6407.84
2019-06-18,,6444.28
2019-06-19,,6500.06
2019-06-20,,6545.59
2019-06-21,,6607.74
2019-06-22,,6709.57
2019-06-23,,6773.48
2019-06-24,,6901.07
2019-06-25,,7027.01
2019-06-26,,7264.54
2019-06-27,,7309.6
2019-06-28,,7473.91
2019-06-29,,7524.06
2019-06-30,,7564.96
2019-07-01,,7574.16
2019-07-02,,7618.58
2019-07-03,,7693.65
2019-07-04,,7741.6
2019-07-05,,7762.16
2019-07-06,,7777.11
2019-07-07,,7815.11
2019-07-08,,7914.36
2019-07-09,,8009.91
2019-07-10,,8127.51
2019-07-11,,8162.13
2019-07-12,,8219.35
2019-07-13,,8230.65
2019-07-14,,8214.67
2019-07-15,,8243.3
2019-07-16,,8215.76
2019-07-17,,8259.36
2019-07-18,,8312.1
2019-07-19,,8344.1
2019-07-20,,8374.82
2019-07-21,,8398.05
2019-07-22,,8402.4
2019-07-23,,8423.18
2019-07-24,,8431.7
2019-07-25,,8441.17
2019-07-26,,8490.98
2019-07-27,,8489.56
2019-07-28,,8492.24
2019-07-29,,8562.18
2019-07-30,,8579.8
2019-07-31,,8623.1
2019-08-01,,8648.95
2019-08-02,,8672.27
2019-08-03,,8693.49
2019-08-04,,8724.7
2019-08-05,,8825.43
2019-08-06,,8880.22
2019-08-07,,9003.48
2019-08-08,,9054.62
2019-08-09,,9083.07
2019-08-10,,9089.86
2019-08-11,,9152.5
2019-08-12,,9179.18
2019-08-13,,9199.86
2019-08-14,,9200.0
2019-08-15,,9205.58
2019-08-16,,9220.53
2019-08-17,,9226.0
2019-08-18,,9238.88
2019-08-19,,9269.72
2019-08-20,,9294.65
2019-08-21,,9294.66
2019-08-22,,9306.89
2019-08-23,,9382.88
2019-08-24,,9394.57
2019-08-25,,9406.4
2019-08-26,,9419.31
2019-08-27,,9426.44
2019-08-28,,9426.04
2019-08-29,,9413.78
2019-08-30,,9418.25
2019-08-31,,9425.57
2019-09-01,,9438.51
2019-09-02,,9475.05
2019-09-03,,9510.66
2019-09-04,,9532.7
2019-09-05,,9556.51
2019-09-06,,9570.63
2019-09-07,,9579.87
2019-09-08,,9590.38
2019-09-09,,9601.82
2019-09-10,,9615.52
2019-09-11,,9712.01
2019-09-12,,9736.98
2019-09-13,,9741.47
2019-09-14,,9747.36
2019-09-15,,9758.4
2019-09-16,,9762.03
2019-09-17,,9773.56
2019-09-18,,9778.13
2019-09-19,,9789.02
2019-09-20,,9786.66
2019-09-21,,9815.01
2019-09-22,,9827.15
2019-09-23,,9821.08
2019-09-24,,9719.41
2019-09-25,,9662.96
2019-09-26,,9635.18
2019-09-27,,9622.08
2019-09-28,,9612.43
2019-09-29,,9599.46
2019-09-30,,9588.86
2019-10-01,,9625.56
2019-10-02,,9626.06
2019-10-03,,9621.8
2019-10-04,,9611.47
2019-10-05,,9611.41
2019-10-06,,9613.4
2019-10-07,,9619.86
2019-10-08,,9655.83
2019-10-09,,9666.54
2019-10-10,,9669.81
2019-10-11,,9657.54
2019-10-12,,9655.21
2019-10-13,,9656.06
2019-10-14,,9626.35
2019-10-15,,9615.05
2019-10-16,,9604.96
2019-10-17,,9601.21
2019-10-18,,9614.73
2019-10-19,,9612.14
2019-10-20,,9615.39
2019-10-21,,9611.37
2019-10-22,,9598.9
2019-10-23,,9553.25
2019-10-24,,9514.05
2019-10-25,,9537.96
2019-10-26,,9563.52
2019-10-27,,9580.05
2019-10-28,,9583.13
2019-10-29,,9597.41
2019-10-30,,9595.96
2019-10-31,,9599.63
2019-11-01,,9596.69
2019-11-02,,9595.44
2019-11-03,,9590.23
2019-11-04,,9615.53
2019-11-05,,9554.11
2019-11-06,,9547.44
2019-11-07,,9597.22
2019-11-08,,9570.88
2019-11-09,,9561.66
2019-11-10,,9566.66
2019-11-11,,9554.97
2019-11-12,,9548.49
2019-11-13,,9539.12
2019-11-14,,9529.39
2019-11-15,,9516.96
2019-11-16,,9515.23
2019-11-17,,9519.78
2019-11-18,,9449.11
2019-11-19,,9451.31
2019-11-20,,9441.97
2019-11-21,,9390.64
2019-11-22,,9303.68
2019-11-23,,9280.18
2019-11-24,,9251.54
2019-11-25,,9220.28
2019-11-26,,9186.74
2019-11-27,,9167.26
2019-11-28,,9157.95
2019-11-29,,9147.46
2019-11-30,,9127.16
2019-12-01,,9114.32
2019-12-02,,9090.12
2019-12-03,,9045.88
2019-12-04,,8998.93
2019-12-05,,8977.66
2019-12-06,,8966.34
2019-12-07,,8957.2
2019-12-08,,8950.17
2019-12-09,,8928.48
2019-12-10,,8887.08
2019-12-11,,8865.3
2019-12-12,,8846.93
2019-12-13,,8834.23
2019-12-14,,8817.74
2019-12-15,,8805.13
2019-12-16,,8769.29
2019-12-17,,8723.12
2019-12-18,,8680.49
2019-12-19,,8641.79
2019-12-20,,8618.15
2019-12-21,,8608.23
2019-12-22,,8604.56
2019-12-23,,8594.08
2019-12-24,,8589.38
2019-12-25,,8544.11
2019-12-26,,8513.44
2019-12-27,,8505.61
2019-12-28,,8499.46
2019-12-29,,8493.99
2019-12-30,,8488.96
2019-12-31,,8468.66
2020-01-01,,8463.4
2020-01-02,,8446.77
2020-01-03,,8448.85
2020-01-04,,8415.69
2020-01-05,,8410.64
2020-01-06,,8421.01
2020-01-07,,8432.89
2020-01-08,,8435.31
2020-01-09,,8436.29
2020-01-10,,8442.86
2020-01-11,,8431.74
2020-01-12,,8392.67
2020-01-13,,8356.86
2020-01-14,,8368.53
2020-01-15,,8384.34
2020-01-16,,8391.0
2020-01-17,,8441.6
2020-01-18,,8441.3
2020-01-19,,8431.51
2020-01-20,,8422.07
2020-01-21,,8421.75
2020-01-22,,8420.02
2020-01-23,,8406.46
2020-01-24,,8406.2
2020-01-25,,8404.17
2020-01-26,,8405.85
2020-01-27,,8415.2
2020-01-28,,8443.37
2020-01-29,,8461.1
2020-01-30,,8497.34
2020-01-31,,8532.28
2020-02-01,,8540.32
2020-02-02,,8542.82
2020-02-03,,8560.15
2020-02-04,,8559.26
2020-02-05,,8586.95
2020-02-06,,8663.47
2020-02-07,,8704.58
2020-02-08,,8736.93
2020-02-09,,8760.58
2020-02-10,,8777.69
2020-02-11,,8813.54
2020-02-12,,8837.38
2020-02-13,,8819.62
2020-02-14,,8841.95
2020-02-15,,8837.9
2020-02-16,,8842.85
2020-02-17,,8818.0
2020-02-18,,8877.21
2020-02-19,,8867.65
2020-02-20,,8861.99
2020-02-21,,8868.77
2020-02-22,,8870.12
2020-02-23,,8881.08
2020-02-24,,8877.66
2020-02-25,,8892.73
2020-02-26,,8863.16
2020-02-27,,8840.91
2020-02-28,,8829.91
2020-02-29,,8820.32
2020-03-01,,8809.68
2020-03-02,,8812.89
2020-03-03,,8813.05
2020-03-04,,8811.85
2020-03-05,,8824.37
2020-03-06,,8834.2
2020-03-07,,8830.88
2020-03-08,,8810.58
2020-03-09,,8764.15
2020-03-10,,8743.23
2020-03-11,,8681.87
2020-03-12,,8228.81
2020-03-13,,8082.27
2020-03-14,,8002.69
2020-03-15,,7975.24
2020-03-16,,7869.62
2020-03-17,,7829.66
2020-03-18,,7811.97
2020-03-19,,7829.74
2020-03-20,,7793.18
2020-03-21,,7790.52
2020-03-22,,7783.0
2020-03-23,,7794.48
2020-03-24,,7824.32
2020-03-25,,7811.52
2020-03-26,,7814.42
2020-03-27,,7801.54
2020-03-28,,7788.27
2020-03-29,,7767.54
2020-03-30,,7762.05
2020-03-31,,7751.64
2020-04-01,,7694.24
2020-04-02,,7695.85
2020-04-03,,7694.17
2020-04-04,,7687.02
2020-04-05,,7683.51
2020-04-06,,7711.82
2020-04-07,,7704.75
2020-04-08,,7713.86
2020-04-09,,7711.11
2020-04-10,,7677.49
2020-04-11,,7673.84
2020-04-12,,7662.66
2020-04-13,,7638.06
2020-04-14,,7632.09
2020-04-15,,7617.06
2020-04-16,,7620.83
2020-04-17,,7620.59
2020-04-18,,7624.87
2020-04-19,,7622.79
2020-04-20,,7608.74
2020-04-21,,7594.35
2020-04-22,,7600.65
2020-04-23,,7620.62
2020-04-24,,7632.11
2020-04-25,,7635.54
2020-04-26,,7636.27
2020-04-27,,7647.8
2020-04-28,,7652.83
2020-04-29,,7758.38
2020-04-30,,7809.16
2020-05-01,,7844.69
2020-05-02,,7875.85
2020-05-03,,7887.79
2020-05-04,,7908.19
2020-05-05,,7918.36
2020-05-06,,7959.95
2020-05-07,,8035.45
2020-05-08,,8099.11
2020-05-09,,8114.83
2020-05-10,,8100.93
2020-05-11,,8086.47
2020-05-12,,8082.78
2020-05-13,,8119.19
2020-05-14,,8160.53
2020-05-15,,8172.86
2020-05-16,,8181.84
2020-05-17,,8200.03
2020-05-18,,8237.12
2020-05-19,,8252.42
2020-05-20,,8265.12
2020-05-21,,8255.7
2020-05-22,,8259.33
2020-05-23,,8265.92
2020-05-24,,8260.72
2020-05-25,,8256.41
2020-05-26,,8252.7
2020-05-27,,8272.02
2020-05-28,,8297.38
2020-05-29,,8312.9
2020-05-30,,8325.8
2020-05-31,,8331.13
2020-06-01,,8407.31
2020-06-02,,8405.5
2020-06-03,,8418.39
2020-06-04,,8443.58
2020-06-05,,8445.66
2020-06-06,,8450.95
2020-06-07,,8458.49
2020-06-08,,8474.65
2020-06-09,,8487.63
2020-06-10,,8501.54
2020-06-11,,8485.76
2020-06-12,,8491.98
2020-06-13,,8493.51
2020-06-14,,8493.44
2020-06-15,,8500.23
2020-06-16,,8506.32
2020-06-17,,8508.36
2020-06-18,,8565.16
2020-06-19,,8558.52
2020-06-20,,8558.42
2020-06-21,,8557.13
2020-06-22,,8572.45
2020-06-23,,8571.35
2020-06-24,,8567.75
2020-06-25,,8558.89
2020-06-26,,8616.38
2020-06-27,,8612.67
2020-06-28,,8612.51
2020-06-29,,8614.01
2020-06-30,,8624.52
2020-07-01,,8631.69
2020-07-02,,8630.12
2020-07-03,,8633.63
2020-07-04,,8636.1
2020-07-05,,8636.07
2020-07-06,,8645.46
2020-07-07,,8648.06
2020-07-08,,8663.3
2020-07-09,,8666.29
2020-07-10,,8671.97
2020-07-11,,8681.57
2020-07-12,,8686.25
2020-07-13,,8691.64
2020-07-14,,8697.92
2020-07-15,,8688.83
2020-07-16,,8670.33
2020-07-17,,8667.22
2020-07-18,,8669.44
2020-07-19,,8671.04
2020-07-20,,8660.42
2020-07-21,,8670.79
2020-07-22,,8682.52
2020-07-23,,8699.36
2020-07-24,,8711.71
2020-07-25,,8732.12
2020-07-26,,8755.36
2020-07-27,,8852.7
2020-07-28,,8921.41
2020-07-29,,8974.71
2020-07-30,,9023.36
2020-07-31,,9066.04
2020-08-01,,9108.09
2020-08-02,,9120.56
2020-08-03,,9201.67
2020-08-04,,9224.25
2020-08-05,,9257.95
2020-08-06,,9356.52
2020-08-07,,9425.68
2020-08-08,,9439.52
2020-08-09,,9453.54
2020-08-10,,9485.2
2020-08-11,,9496.1
2020-08-12,,9527.94
2020-08-13,,9558.88
2020-08-14,,9591.45
2020-08-15,,9606.72
2020-08-16,,9628.32
2020-08-17,,9704.11
2020-08-18,,9729.19
2020-08-19,,9760.71
2020-08-20,,9837.57
2020-08-21,,9866.54
2020-08-22,,9885.01
2020-08-23,,9918.58
2020-08-24,,9989.27
2020-08-25,,10010.17
2020-08-26,,10041.84
2020-08-27,,10059.31
2020-08-28,,10151.28
2020-08-29,,10160.75
2020-08-30,,10188.1
2020-08-31,,10218.37
2020-09-01,,10271.08
2020-09-02,,10276.85
2020-09-03,,10224.89
2020-09-04,,10225.15
2020-09-05,,10212.52
2020-09-06,,10214.29
2020-09-07,,10214.6
2020-09-08,,10224.33
2020-09-09,,10225.58
2020-09-10,,10235.45
2020-09-11,,10232.82
2020-09-12,,10246.99
2020-09-13,,10247.67
2020-09-14,,10270.5
2020-09-15,,10296.61
2020-09-16,,10322.65
2020-09-17,,10336.54
2020-09-18,,10345.48
2020-09-19,,10362.95
2020-09-20,,10376.74
2020-09-21,,10361.63
2020-09-22,,10361.88
2020-09-23,,10348.23
2020-09-24,,10371.94
2020-09-25,,10381.32
2020-09-26,,10384.47
2020-09-27,,10395.02
2020-09-28,,10401.22
2020-09-29,,10421.74
2020-09-30,,10423.65
2020-10-01,,10420.19
2020-10-02,,10417.98
2020-10-03,,10427.74
2020-10-04,,10437.09
2020-10-05,,10444.62
2020-10-06,,10470.25
2020-10-07,,10485.16
2020-10-08,,10505.34
2020-10-09,,10527.99
2020-10-10,,10546.69
2020-10-11,,10559.71
2020-10-12,,10587.07
2020-10-13,,10606.14
2020-10-14,,10621.45
2020-10-15,,10639.39
2020-10-16,,10650.05
2020-10-17,,10658.97
2020-10-18,,10679.09
2020-10-19,,10723.1
2020-10-20,,10757.62
2020-10-21,,10863.17
2020-10-22,,10989.73
2020-10-23,,11076.35
2020-10-24,,11133.94
2020-10-25,,11163.3
2020-10-26,,11187.66
2020-10-27,,11262.03
2020-10-28,,11314.85
2020-10-29,,11361.51
2020-10-30,,11395.03
2020-10-31,,11445.57
2020-11-01,,11477.76
2020-11-02,,11522.0
2020-11-03,,11686.53
2020-11-04,,11736.41
2020-11-05,,11925.61
2020-11-06,,12022.37
2020-11-07,,12031.55
2020-11-08,,12138.87
2020-11-09,,12190.75
2020-11-10,,12242.65
2020-11-11,,12308.8
2020-11-12,,12406.4
2020-11-13,,12467.57
2020-11-14,,12506.39
2020-11-15,,12528.01
2020-11-16,,12605.31
2020-11-17,,12730.45
2020-11-18,,12902.92
2020-11-19,,12965.76
2020-11-20,,13192.99
2020-11-21,,13293.71
2020-11-22,,13335.95
2020-11-23,,13400.72
2020-11-24,,13561.7
2020-11-25,,13683.3
2020-11-26,,13750.26
2020-11-27,,13778.88
2020-11-28,,13816.67
2020-11-29,,13863.38
2020-11-30,,14029.86
2020-12-01,,14124.95
2020-12-02,,14241.97
2020-12-03,,14332.27
2020-12-04,,14392.62
2020-12-05,,14426.18
2020-12-06,,14464.53
2020-12-07,,14544.57
2020-12-08,,14571.69
2020-12-09,,14626.99
2020-12-10,,14723.05
2020-12-11,,14758.12
2020-12-12,,14820.73
2020-12-13,,14952.43
2020-12-14,,15021.01
2020-12-15,,15096.12
2020-12-16,,15310.63
2020-12-17,,15674.4
2020-12-18,,16071.26
2020-12-19,,16198.85
2020-12-20,,16309.51
2020-12-21,,16423.65
2020-12-22,,16656.38
2020-12-23,,16841.78
2020-12-24,,17101.97
2020-12-25,,17171.59
2020-12-26,,17336.35
2020-12-27,,17502.3
2020-12-28,,17924.21
2020-12-29,,18350.22
2020-12-30,,18675.35
2020-12-31,,18857.61
2021-01-01,,19142.93
2021-01-02,,19511.47
2021-01-03,,19875.2
2021-01-04,,20237.29
2021-01-05,,20726.96
2021-01-06,,21353.02
2021-01-07,,22115.57
2021-01-08,,22906.34
2021-01-09,,23382.8
2021-01-10,,23692.95
2021-01-11,,23863.11
2021-01-12,,23980.71
2021-01-13,,24260.86
2021-01-14,,24615.0
2021-01-15,,24698.75
2021-01-16,,24792.65
2021-01-17,,24859.55
2021-01-18,,24987.54
2021-01-19,,25162.57
2021-01-20,,25182.86
2021-01-21,,25114.85
2021-01-22,,25189.28
2021-01-23,,25238.8
2021-01-24,,25268.19
2021-01-25,,25312.02
2021-01-26,,25356.04
2021-01-27,,25391.11
2021-01-28,,25564.61
2021-01-29,,25768.7
2021-01-30,,25857.46
2021-01-31,,25901.19
2021-02-01,,25972.79
2021-02-02,,26165.62
2021-02-03,,26351.44
2021-02-04,,26536.68
2021-02-05,,26787.66
2021-02-06,,26973.25
2021-02-07,,27213.2
2021-02-08,,27759.21
2021-02-09,,28469.9
2021-02-10,,28804.72
2021-02-11,,29163.46
2021-02-12,,29529.69
2021-02-13,,29701.35
2021-02-14,,29847.65
2021-02-15,,30366.79
2021-02-16,,30607.17
2021-02-17,,31013.82
2021-02-18,,31407.97
2021-02-19,,31931.89
2021-02-20,,32426.41
2021-02-21,,32723.39
2021-02-22,,32958.56
2021-02-23,,33225.94
2021-02-24,,33494.28
2021-02-25,,33602.27
2021-02-26,,33946.89
2021-02-27,,34003.28
2021-02-28,,34049.82
2021-03-01,,34325.98
2021-03-02,,34451.03
2021-03-03,,34617.79
2021-03-04,,34722.65
2021-03-05,,34833.75
2021-03-06,,34891.43
2021-03-07,,34992.38
2021-03-08,,35257.42
2021-03-09,,35503.86
2021-03-10,,35781.55
2021-03-11,,36309.73
2021-03-12,,36625.75
2021-03-13,,36920.41
2021-03-14,,37137.69
2021-03-15,,37239.28
2021-03-16,,37586.5
2021-03-17,,37846.3
2021-03-18,,38059.42
2021-03-19,,38192.98
2021-03-20,,38336.42
2021-03-21,,38479.5
2021-03-22,,38791.04
2021-03-23,,38870.12
2021-03-24,,38984.02
2021-03-25,,39072.62
2021-03-26,,39216.52
2021-03-27,,39380.74
2021-03-28,,39459.87
2021-03-29,,39672.0
2021-03-30,,39912.49
2021-03-31,,40135.19
2021-04-01,,40366.33
2021-04-02,,40515.22
2021-04-03,,40550.71
2021-04-04,,40639.32
2021-04-05,,40795.1
2021-04-06,,41185.93
2021-04-07,,41258.75
2021-04-08,,41436.27
2021-04-09,,41529.13
2021-04-10,,41669.56
2021-04-11,,41817.09
2021-04-12,,42521.48
2021-04-13,,42913.66
2021-04-14,,43239.83
2021-04-15,,43490.49
2021-04-16,,43644.35
2021-04-17,,43761.49
2021-04-18,,44090.81
2021-04-19,,44134.57
2021-04-20,,44249.45
2021-04-21,,44292.04
2021-04-22,,44438.32
2021-04-23,,44413.13
2021-04-24,,44498.56
2021-04-25,,44486.06
2021-04-26,,44706.07
2021-04-27,,44892.29
2021-04-28,,45013.52
2021-04-29,,45195.98
2021-04-30,,45469.77
2021-05-01,,45626.07
2021-05-02,,45694.65
2021-05-03,,45878.19
2021-05-04,,45885.05
2021-05-05,,46084.57
2021-05-06,,46224.26
2021-05-07,,46555.44
2021-05-08,,46752.03
2021-05-09,,46877.0
2021-05-10,,46944.3
2021-05-11,,47130.44
2021-05-12,,47130.57
2021-05-13,,47040.28
2021-05-14,,47010.68
2021-05-15,,46956.12
2021-05-16,,46910.07
2021-05-17,,46673.2
2021-05-18,,46591.19
2021-05-19,,46103.43
2021-05-20,,45852.71
2021-05-21,,45619.55
2021-05-22,,45975.12
2021-05-23,,45809.31
2021-05-24,,45842.56
2021-05-25,,45699.75
2021-05-26,,45672.72
2021-05-27,,45614.15
2021-05-28,,45487.0
2021-05-29,,45410.26
2021-05-30,,45499.82
2021-05-31,,45780.6
2021-06-01,,45963.41
2021-06-02,,46043.65
2021-06-03,,46022.59
2021-06-04,,45936.47
2021-06-05,,45969.09
2021-06-06,,46394.17
2021-06-07,,46276.03
2021-06-08,,46109.19
2021-06-09,,46220.91
2021-06-10,,46184.63
2021-06-11,,46189.13
2021-06-12,,46199.93
2021-06-13,,46287.48
2021-06-14,,46397.6
2021-06-15,,46417.65
2021-06-16,,46398.64
2021-06-17,,46374.07
2021-06-18,,46295.38
2021-06-19,,46306.8
2021-06-20,,46326.94
2021-06-21,,46071.52
2021-06-22,,45969.18
2021-06-23,,45890.8
2021-06-24,,45871.61
2021-06-25,,45262.77
2021-06-26,,45227.79
2021-06-27,,45246.43
2021-06-28,,45231.2
2021-06-29,,45248.58
2021-06-30,,45215.02
2021-07-01,,45087.17
2021-07-02,,44904.25
2021-07-03,,44902.16
2021-07-04,,44905.71
2021-07-05,,44870.2
2021-07-06,,44899.31
2021-07-07,,44884.53
2021-07-08,,44805.39
2021-07-09,,44813.25
2021-07-10,,44815.65
2021-07-11,,44835.38
2021-07-12,,44762.02
2021-07-13,,44706.49
2021-07-14,,44672.59
2021-07-15,,44596.12
2021-07-16,,44500.3
2021-07-17,,44504.8
2021-07-18,,44462.55
2021-07-19,,44368.72
2021-07-20,,44259.55
2021-07-21,,44180.71
2021-07-22,,44122.21
2021-07-23,,44107.27
2021-07-24,,44083.81
2021-07-25,,44055.63
2021-07-26,,44026.46
2021-07-27,,44119.84
2021-07-28,,44080.91
2021-07-29,,43978.07
2021-07-30,,43952.4
2021-07-31,,43947.08
2021-08-01,,43873.3
2021-08-02,,43793.04
2021-08-03,,43721.63
2021-08-04,,43750.22
2021-08-05,,43779.03
2021-08-06,,43826.13
2021-08-07,,43883.89
2021-08-08,,43893.36
2021-08-09,,44064.47
2021-08-10,,44148.56
2021-08-11,,44182.34
2021-08-12,,44183.78
2021-08-13,,44287.22
2021-08-14,,44344.79
2021-08-15,,44348.26
2021-08-16,,44334.59
2021-08-17,,44279.15
2021-08-18,,44140.64
2021-08-19,,44094.2
2021-08-20,,44212.07
2021-08-21,,44232.7
2021-08-22,,44215.43
2021-08-23,,44123.92
2021-08-24,,44058.96
2021-08-25,,44146.88
2021-08-26,,44146.87
2021-08-27,,44170.85
2021-08-28,,44093.37
2021-08-29,,44064.76
2021-08-30,,44004.19
2021-08-31,,43967.99
2021-09-01,,44074.15
2021-09-02,,44151.78
2021-09-03,,44114.26
2021-09-04,,44154.34
2021-09-05,,44211.04
2021-09-06,,44293.54
2021-09-07,,44180.55
2021-09-08,,44093.74
2021-09-09,,44131.74
2021-09-10,,44024.09
2021-09-11,,44016.85
2021-09-12,,44100.96
2021-09-13,,43758.78
2021-09-14,,43877.52
2021-09-15,,43967.1
2021-09-16,,43964.8
2021-09-17,,43949.08
2021-09-18,,43971.49
2021-09-19,,43884.9
2021-09-20,,43566.38
2021-09-21,,43089.17
2021-09-22,,43045.24
2021-09-23,,43010.07
2021-09-24,,42883.62
2021-09-25,,42640.67
2021-09-26,,42690.8
2021-09-27,,42639.3
2021-09-28,,42567.93
2021-09-29,,42450.84
2021-09-30,,42573.37
2021-10-01,,42840.35
2021-10-02,,42958.65
2021-10-03,,43005.44
2021-10-04,,43158.25
2021-10-05,,43417.83
2021-10-06,,43762.61
2021-10-07,,43910.4
2021-10-08,,44041.14
2021-10-09,,44129.52
2021-10-10,,44159.45
2021-10-11,,44400.8
2021-10-12,,44508.78
2021-10-13,,44709.34
2021-10-14,,44668.76
2021-10-15,,45107.18
2021-10-16,,45227.92
2021-10-17,,45299.04
2021-10-18,,45561.68
2021-10-19,,46045.53
2021-10-20,,46563.12
2021-10-21,,46835.86
2021-10-22,,46964.71
2021-10-23,,47046.99
2021-10-24,,47437.75
2021-10-25,,47942.62
2021-10-26,,48063.43
2021-10-27,,48044.86
2021-10-28,,48296.06
2021-10-29,,48620.92
2021-10-30,,48765.47
2021-10-31,,48869.26
2021-11-01,,49151.5
2021-11-02,,49556.31
2021-11-03,,49931.02
2021-11-04,,49987.64
2021-11-05,,50141.09
2021-11-06,,50325.77
2021-11-07,,50486.06
2021-11-08,,51103.49
2021-11-09,,51408.9
2021-11-10,,51597.6
2021-11-11,,51862.12
2021-11-12,,52982.53
2021-11-13,,53069.34
2021-11-14,,53187.9
2021-11-15,,53380.88
2021-11-16,,53292.12
2021-11-17,,53348.51
2021-11-18,,53069.51
2021-11-19,,53067.51
2021-11-20,,53198.59
2021-11-21,,53191.77
2021-11-22,,53079.21
2021-11-23,,53126.58
2021-11-24,,53127.86
2021-11-25,,53430.61
2021-11-26,,53088.87
2021-11-27,,53092.44
2021-11-28,,53213.53
2021-11-29,,53418.58
2021-11-30,,53511.0
2021-12-01,,53589.05
2021-12-02,,53592.89
2021-12-03,,53419.07
2021-12-04,,52974.01
2021-12-05,,52970.63
2021-12-06,,52853.8
2021-12-07,,52860.52
2021-12-08,,52898.91
2021-12-09,,52915.04
2021-12-10,,52831.38
2021-12-11,,52956.06
2021-12-12,,53030.65
2021-12-13,,52879.22
2021-12-14,,52866.02
2021-12-15,,52848.67
2021-12-16,,52686.89
2021-12-17,,52490.21
2021-12-18,,52464.52
2021-12-19,,52427.89
2021-12-20,,52368.9
2021-12-21,,52455.64
2021-12-22,,52374.85
2021-12-23,,52455.06
2021-12-24,,52483.61
2021-12-25,,52443.99
2021-12-26,,52453.24
2021-12-27,,52496.95
2021-12-28,,52359.95
2021-12-29,,52222.94
2021-12-30,,52103.34
2021-12-31,,51925.78
2022-01-01,,51943.33
2022-01-02,,52047.53
2022-01-03,,52315.83
2022-01-04,,52247.47
2022-01-05,,52419.28
2022-01-06,,52196.7
2022-01-07,,51944.77
2022-01-08,,51893.08
2022-01-09,,51878.94
2022-01-10,,51785.99
2022-01-11,,51745.8
2022-01-12,,51757.38
2022-01-13,,51653.23
2022-01-14,,51635.97
2022-01-15,,51647.03
2022-01-16,,51637.63
2022-01-17,,51518.31
2022-01-18,,51460.17
2022-01-19,,51245.56
2022-01-20,,51016.58
2022-01-21,,50358.24
2022-01-22,,50058.76
2022-01-23,,49988.66
2022-01-24,,49776.31
2022-01-25,,49681.65
2022-01-26,,49576.72
2022-01-27,,49449.33
2022-01-28,,49274.02
2022-01-29,,49053.9
2022-01-30,,48922.61
2022-01-31,,48879.63
2022-02-01,,48577.6
2022-02-02,,48452.26
2022-02-03,,48373.06
2022-02-04,,48555.06
2022-02-05,,48576.98
2022-02-06,,48604.72
2022-02-07,,48734.8
2022-02-08,,48783.93
2022-02-09,,48810.61
2022-02-10,,48803.59
2022-02-11,,48763.88
2022-02-12,,48751.44
2022-02-13,,48710.66
2022-02-14,,48697.05
2022-02-15,,48803.34
2022-02-16,,48794.64
2022-02-17,,48572.27
2022-02-18,,48455.46
2022-02-19,,48419.4
2022-02-20,,48308.94
2022-02-21,,48098.22
2022-02-22,,48056.9
2022-02-23,,47918.04
2022-02-24,,47851.12
2022-02-25,,47777.81
2022-02-26,,47700.55
2022-02-27,,47579.81
2022-02-28,,47563.91
2022-03-01,,47688.46
2022-03-02,,47663.25
2022-03-03,,47609.75
2022-03-04,,47326.76
2022-03-05,,47296.57
2022-03-06,,47233.03
2022-03-07,,47100.02
2022-03-08,,47029.98
2022-03-09,,47095.8
2022-03-10,,46933.12
2022-03-11,,46706.7
2022-03-12,,46668.06
2022-03-13,,46611.1
2022-03-14,,46620.24
2022-03-15,,46543.4
2022-03-16,,46566.38
2022-03-17,,46323.13
2022-03-18,,46335.69
2022-03-19,,46304.74
2022-03-20,,46246.79
2022-03-21,,46137.71
2022-03-22,,46171.19
2022-03-23,,46169.82
2022-03-24,,46212.19
2022-03-25,,46179.79
2022-03-26,,46130.45
2022-03-27,,46218.31
2022-03-28,,46350.21
2022-03-29,,46266.99
2022-03-30,,46248.63
2022-03-31,,46030.68
2022-04-01,,46139.43
2022-04-02,,46004.29
2022-04-03,,46027.7
2022-04-04,,46111.24
2022-04-05,,46093.34
2022-04-06,,45946.69
2022-04-07,,45924.0
2022-04-08,,45812.69
2022-04-09,,45770.53
2022-04-10,,45700.75
2022-04-11,,45479.91
2022-04-12,,45206.86
2022-04-13,,45228.79
2022-04-14,,44974.65
2022-04-15,,44967.64
2022-04-16,,44938.06
2022-04-17,,44817.32
2022-04-18,,44761.01
2022-04-19,,44740.63
2022-04-20,,44703.96
2022-04-21,,43689.84
2022-04-22,,43596.65
2022-04-23,,43550.54
2022-04-24,,43407.99
2022-04-25,,43329.56
2022-04-26,,43117.48
2022-04-27,,43035.38
2022-04-28,,42997.94
2022-04-29,,42875.15
2022-04-30,,42782.06
2022-05-01,,42701.7
2022-05-02,,42551.5
2022-05-03,,42388.72
2022-05-04,,42243.56
2022-05-05,,41969.93
2022-05-06,,41793.84
2022-05-07,,41721.8
2022-05-08,,41517.29
2022-05-09,,40676.09
2022-05-10,,40375.13
2022-05-11,,39537.53
2022-05-12,,39213.53
2022-05-13,,39002.58
2022-05-14,,38892.69
2022-05-15,,38867.82
2022-05-16,,38685.32
2022-05-17,,38590.73
2022-05-18,,38367.43
2022-05-19,,38333.29
2022-05-20,,38091.51
2022-05-21,,38033.62
2022-05-22,,38027.77
2022-05-23,,37880.5
2022-05-24,,37824.93
2022-05-25,,37731.43
2022-05-26,,37606.61
2022-05-27,,37408.9
2022-05-28,,37394.18
2022-05-29,,37362.68
2022-05-30,,37363.58
2022-05-31,,37349.3
2022-06-01,,37090.34
2022-06-02,,37005.05
2022-06-03,,36884.1
2022-06-04,,36776.21
2022-06-05,,36722.52
2022-06-06,,36639.87
2022-06-07,,36591.39
2022-06-08,,36481.82
2022-06-09,,36386.5
2022-06-10,,36241.21
2022-06-11,,36157.44
2022-06-12,,35964.04
2022-06-13,,34879.0
2022-06-14,,34023.53
2022-06-15,,33740.34
2022-06-16,,33306.98
2022-06-17,,32925.92
2022-06-18,,32305.17
2022-06-19,,32252.29
2022-06-20,,32113.69
2022-06-21,,32087.94
2022-06-22,,31910.28
2022-06-23,,31873.12
2022-06-24,,31783.27
2022-06-25,,31743.58
2022-06-26,,31693.78
2022-06-27,,31466.58
2022-06-28,,31375.8
2022-06-29,,31188.39
2022-06-30,,30878.64
2022-07-01,,30640.7
2022-07-02,,30572.09
2022-07-03,,30507.52
2022-07-04,,30488.95
2022-07-05,,30448.33
2022-07-06,,30370.46
2022-07-07,,30357.36
2022-07-08,,30270.61
2022-07-09,,30060.95
2022-07-10,,29964.48
2022-07-11,,29538.19
2022-07-12,,29398.78
2022-07-13,,29334.9
2022-07-14,,29210.44
2022-07-15,,28689.06
2022-07-16,,28628.38
2022-07-17,,28505.66
2022-07-18,,28535.32
2022-07-19,,28519.5
2022-07-20,,28553.54
2022-07-21,,28527.62
2022-07-22,,28485.87
2022-07-23,,28372.97
2022-07-24,,28360.71
2022-07-25,,28253.21
2022-07-26,,28170.44
2022-07-27,,28216.58
2022-07-28,,28267.69
2022-07-29,,28275.81
2022-07-30,,28252.45
2022-07-31,,28209.4
2022-08-01,,28178.78
2022-08-02,,28116.07
2022-08-03,,28048.72
2022-08-04,,27971.5
2022-08-05,,27966.67
2022-08-06,,27922.46
2022-08-07,,27016.25
2022-08-08,,26987.46
2022-08-09,,26884.43
2022-08-10,,26825.3
2022-08-11,,26775.44
2022-08-12,,26788.93
2022-08-13,,26827.52
2022-08-14,,26787.25
2022-08-15,,26729.57
2022-08-16,,26705.01
2022-08-17,,26649.75
2022-08-18,,26621.96
2022-08-19,,26439.3
2022-08-20,,26412.4
2022-08-21,,26397.7
2022-08-22,,26336.56
2022-08-23,,26283.74
2022-08-24,,26157.88
2022-08-25,,26083.06
2022-08-26,,25971.63
2022-08-27,,25794.85
2022-08-28,,25744.23
2022-08-29,,25695.54
2022-08-30,,25570.15
2022-08-31,,25474.55
2022-09-01,,25100.76
2022-09-02,,25004.96
2022-09-03,,24938.39
2022-09-04,,24814.97
2022-09-05,,24749.68
2022-09-06,,24560.19
2022-09-07,,24456.84
2022-09-08,,24377.62
2022-09-09,,24423.97
2022-09-10,,24407.7
2022-09-11,,24350.97
2022-09-12,,24296.77
2022-09-13,,23992.94
2022-09-14,,23912.08
2022-09-15,,23800.3
2022-09-16,,23759.86
2022-09-17,,23739.57
2022-09-18,,23693.81
2022-09-19,,23617.31
2022-09-20,,23510.46
2022-09-21,,23437.17
2022-09-22,,23422.18
2022-09-23,,23393.73
2022-09-24,,23366.06
2022-09-25,,23270.07
2022-09-26,,23209.14
2022-09-27,,23130.42
2022-09-28,,22928.79
2022-09-29,,22644.77
2022-09-30,,22552.68
2022-10-01,,22518.45
2022-10-02,,22475.42
2022-10-03,,22436.69
2022-10-04,,22434.24
2022-10-05,,22396.62
2022-10-06,,22310.47
2022-10-07,,22224.03
2022-10-08,,22173.82
2022-10-09,,22130.37
2022-10-10,,22081.46
2022-10-11,,22024.63
2022-10-12,,21995.74
2022-10-13,,21954.8
2022-10-14,,21884.21
2022-10-15,,21854.84
2022-10-16,,21847.65
2022-10-17,,21800.84
2022-10-18,,21709.23
2022-10-19,,21599.28
2022-10-20,,21538.18
2022-10-21,,21487.44
2022-10-22,,21453.54
2022-10-23,,21433.81
2022-10-24,,21421.97
2022-10-25,,21417.8
2022-10-26,,21514.29
2022-10-27,,21483.39
2022-10-28,,21469.7
2022-10-29,,21486.11
2022-10-30,,21449.35
2022-10-31,,21439.94
2022-11-01,,21411.94
2022-11-02,,21364.82
2022-11-03,,21318.91
2022-11-04,,21380.32
2022-11-05,,21379.77
2022-11-06,,21363.67
2022-11-07,,21268.81
2022-11-08,,21106.11
2022-11-09,,20712.53
2022-11-10,,20661.3
2022-11-11,,20530.04
2022-11-12,,20422.86
2022-11-13,,20320.75
2022-11-14,,20184.22
2022-11-15,,20096.92
2022-11-16,,19931.8
2022-11-17,,19767.57
2022-11-18,,19588.43
2022-11-19,,19558.34
2022-11-20,,19497.92
2022-11-21,,19395.02
2022-11-22,,19318.18
2022-11-23,,19214.57
2022-11-24,,19167.91
2022-11-25,,19132.02
2022-11-26,,19111.81
2022-11-27,,19084.5
2022-11-28,,19028.92
2022-11-29,,18991.75
2022-11-30,,18945.87
2022-12-01,,18907.72
2022-12-02,,18867.69
2022-12-03,,18855.22
2022-12-04,,18838.97
2022-12-05,,18802.16
2022-12-06,,18791.7
2022-12-07,,18767.94
2022-12-08,,18757.76
2022-12-09,,18763.48
2022-12-10,,18742.88
2022-12-11,,18727.0
2022-12-12,,18716.54
2022-12-13,,18729.15
2022-12-14,,18720.45
2022-12-15,,18660.88
2022-12-16,,18600.77
2022-12-17,,18590.85
2022-12-18,,18586.23
2022-12-19,,18568.45
2022-12-20,,18574.18
2022-12-21,,18541.73
2022-12-22,,18502.61
2022-12-23,,18483.32
2022-12-24,,18477.99
2022-12-25,,18465.32
2022-12-26,,18424.35
2022-12-27,,18399.99
2022-12-28,,18357.12
2022-12-29,,18320.7
2022-12-30,,18298.33
2022-12-31,,18269.6
2023-01-01,,18101.43
2023-01-02,,18095.3
2023-01-03,,18072.59
2023-01-04,,18061.82
2023-01-05,,18038.51
2023-01-06,,18012.4
2023-01-07,,18005.19
2023-01-08,,17997.3
2023-01-09,,17991.8
2023-01-10,,17984.75
2023-01-11,,17987.31
2023-01-12,,18034.97
2023-01-13,,18164.86
2023-01-14,,18219.46
2023-01-15,,18249.19
2023-01-16,,18282.89
2023-01-17,,18334.8
2023-01-18,,18367.57
2023-01-19,,18400.33
2023-01-20,,18493.7
2023-01-21,,18542.73
2023-01-22,,18575.96
2023-01-23,,18629.06
2023-01-24,,18652.93
2023-01-25,,18720.92
2023-01-26,,18878.61
2023-01-27,,18951.57
2023-01-28,,18969.39
2023-01-29,,19008.84
2023-01-30,,19033.76
2023-01-31,,19083.26
2023-02-01,,19204.11
2023-02-02,,19244.14
2023-02-03,,19308.42
2023-02-04,,19350.26
2023-02-05,,19357.73
2023-02-06,,19366.06
2023-02-07,,19406.15
2023-02-08,,19433.57
2023-02-09,,19428.5
2023-02-10,,19413.49
2023-02-11,,19418.1
2023-02-12,,19425.41
2023-02-13,,19431.48
2023-02-14,,19444.25
2023-02-15,,19555.08
2023-02-16,,19598.06
2023-02-17,,19662.06
2023-02-18,,19685.33
2023-02-19,,19703.44
2023-02-20,,19740.35
2023-02-21,,19769.36
2023-02-22,,19804.33
2023-02-23,,19823.33
2023-02-24,,19838.08
2023-02-25,,19843.3
2023-02-26,,19860.01
2023-02-27,,19896.43
2023-02-28,,19900.52
2023-03-01,,19961.84
2023-03-02,,19975.1
2023-03-03,,19949.57
2023-03-04,,19945.81
2023-03-05,,19961.79
2023-03-06,,19965.16
2023-03-07,,19988.12
2023-03-08,,19965.12
2023-03-09,,19896.82
2023-03-10,,19851.96
2023-03-11,,19837.73
2023-03-12,,19875.95
2023-03-13,,20020.94
2023-03-14,,20158.46
2023-03-15,,20231.71
2023-03-16,,20307.07
2023-03-17,,20604.51
2023-03-18,,20643.99
2023-03-19,,20734.58
2023-03-20,,20793.61
2023-03-21,,20899.66
2023-03-22,,20963.27
2023-03-23,,21133.77
2023-03-24,,21185.07
2023-03-25,,21224.66
2023-03-26,,21292.17
2023-03-27,,21409.83
2023-03-28,,21474.44
2023-03-29,,21582.81
2023-03-30,,21982.33
2023-03-31,,22100.58
2023-04-01,,22158.67
2023-04-02,,22181.72
2023-04-03,,22218.83
2023-04-04,,22307.44
2023-04-05,,22446.28
2023-04-06,,22540.67
2023-04-07,,22566.76
2023-04-08,,22575.86
2023-04-09,,22586.17
2023-04-10,,22714.47
2023-04-11,,22933.47
2023-04-12,,23083.68
2023-04-13,,23184.36
2023-04-14,,23288.63
2023-04-15,,23317.01
2023-04-16,,23349.38
2023-04-17,,23391.83
2023-04-18,,23508.71
2023-04-19,,23527.81
2023-04-20,,23573.28
2023-04-21,,23579.31
2023-04-22,,23625.42
2023-04-23,,23660.7
2023-04-24,,23692.36
2023-04-25,,23781.3
2023-04-26,,23880.4
2023-04-27,,24089.7
2023-04-28,,24163.87
2023-04-29,,24221.35
2023-04-30,,24283.29
2023-05-01,,24345.27
2023-05-02,,24416.35
2023-05-03,,24624.06
2023-05-04,,24657.65
2023-05-05,,24721.77
2023-05-06,,24745.82
2023-05-07,,25305.22
2023-05-08,,25345.61
2023-05-09,,25372.07
2023-05-10,,25399.82
2023-05-11,,25413.72
2023-05-12,,25426.22
2023-05-13,,25453.74
2023-05-14,,25484.06
2023-05-15,,25527.12
2023-05-16,,25573.95
2023-05-17,,25627.22
2023-05-18,,25638.23
2023-05-19,,25628.86
2023-05-20,,25639.26
2023-05-21,,25654.06
2023-05-22,,25693.72
2023-05-23,,25751.86
2023-05-24,,25738.08
2023-05-25,,25763.95
2023-05-26,,25792.33
2023-05-27,,25818.38
2023-05-28,,25865.78
2023-05-29,,25898.89
2023-05-30,,25945.1
2023-05-31,,25955.93
2023-06-01,,25966.5
2023-06-02,,26005.41
2023-06-03,,26022.11
2023-06-04,,26035.83
2023-06-05,,25990.21
2023-06-06,,26099.1
2023-06-07,,26156.64
2023-06-08,,26170.31
2023-06-09,,26239.01
2023-06-10,,26226.14
2023-06-11,,26225.4
2023-06-12,,26235.01
2023-06-13,,26231.25
2023-06-14,,26204.9
2023-06-15,,26204.79
2023-06-16,,26261.89
2023-06-17,,26274.13
2023-06-18,,26288.09
2023-06-19,,26267.07
2023-06-20,,26390.19
2023-06-21,,26577.44
2023-06-22,,26662.26
2023-06-23,,26795.34
2023-06-24,,26846.13
2023-06-25,,26881.93
2023-06-26,,26968.96
2023-06-27,,27070.83
2023-06-28,,27115.76
2023-06-29,,27222.42
2023-06-30,,27278.22
2023-07-01,,27322.94
2023-07-02,,27347.44
2023-07-03,,27410.17
2023-07-04,,27444.61
2023-07-05,,27478.23
2023-07-06,,27537.61
2023-07-07,,27565.53
2023-07-08,,27585.03
2023-07-09,,27598.91
2023-07-10,,27652.5
2023-07-11,,27695.71
2023-07-12,,27737.21
2023-07-13,,27847.6
2023-07-14,,27848.53
2023-07-15,,27878.42
2023-07-16,,27891.85
2023-07-17,,27903.81
2023-07-18,,27938.93
2023-07-19,,27979.35
2023-07-20,,28000.24
2023-07-21,,28037.07
2023-07-22,,28048.12
2023-07-23,,28070.38
2023-07-24,,28063.04
2023-07-25,,28064.47
2023-07-26,,28080.01
2023-07-27,,28106.88
2023-07-28,,28238.49
2023-07-29,,28239.86
2023-07-30,,28231.77
2023-07-31,,28230.86
2023-08-01,,28240.38
2023-08-02,,28233.9
2023-08-03,,28237.16
2023-08-04,,28243.52
2023-08-05,,28242.86
2023-08-06,,28246.62
2023-08-07,,28257.99
2023-08-08,,28314.71
2023-08-09,,28326.45
2023-08-10,,28332.62
2023-08-11,,28339.6
2023-08-12,,28378.3
2023-08-13,,28394.01
2023-08-14,,28466.62
2023-08-15,,28470.73
2023-08-16,,28474.15
2023-08-17,,28382.3
2023-08-18,,28314.39
2023-08-19,,28345.25
2023-08-20,,28346.27
2023-08-21,,28250.78
2023-08-22,,28200.49
2023-08-23,,28195.92
2023-08-24,,28168.06
2023-08-25,,28120.51
2023-08-26,,28108.67
2023-08-27,,28100.9
2023-08-28,,28073.18
2023-08-29,,28096.06
2023-08-30,,28088.38
2023-08-31,,28040.55
2023-09-01,,27998.31
2023-09-02,,27997.64
2023-09-03,,28005.11
2023-09-04,,27990.76
2023-09-05,,27958.18
2023-09-06,,27921.21
2023-09-07,,27919.15
2023-09-08,,27893.34
2023-09-09,,27881.98
2023-09-10,,27869.99
2023-09-11,,27819.59
2023-09-12,,27824.76
2023-09-13,,27817.66
2023-09-14,,27812.97
2023-09-15,,27816.24
2023-09-16,,27810.82
2023-09-17,,27793.12
2023-09-18,,27783.3
2023-09-19,,27789.61
2023-09-20,,27780.82
2023-09-21,,27790.58
2023-09-22,,27781.14
2023-09-23,,27774.16
2023-09-24,,27755.81
2023-09-25,,27743.49
2023-09-26,,27730.05
2023-09-27,,27723.02
2023-09-28,,27736.7
2023-09-29,,27740.97
2023-09-30,,27744.91
2023-10-01,,27765.91
2023-10-02,,27780.53
2023-10-03,,27777.61
2023-10-04,,27810.62
2023-10-05,,27803.69
2023-10-06,,27826.74
2023-10-07,,27832.31
2023-10-08,,27836.28
2023-10-09,,27915.17
2023-10-10,,27906.38
2023-10-11,,27874.7
2023-10-12,,27859.64
2023-10-13,,27847.44
2023-10-14,,27819.05
2023-10-15,,27825.17
2023-10-16,,27893.03
2023-10-17,,27918.55
2023-10-18,,27944.08
2023-10-19,,27957.52
2023-10-20,,28034.99
2023-10-21,,28062.45
2023-10-22,,28085.9
2023-10-23,,28341.67
2023-10-24,,28640.13
2023-10-25,,28787.19
2023-10-26,,28899.84
2023-10-27,,28970.1
2023-10-28,,29025.2
2023-10-29,,29073.76
2023-10-30,,29179.25
2023-10-31,,29270.22
2023-11-01,,29424.3
2023-11-02,,29509.04
2023-11-03,,29583.82
2023-11-04,,29629.51
2023-11-05,,29664.83
2023-11-06,,29821.09
2023-11-07,,29890.61
2023-11-08,,29981.76
2023-11-09,,30253.3
2023-11-10,,30383.53
2023-11-11,,30422.65
2023-11-12,,30465.65
2023-11-13,,30515.64
2023-11-14,,30530.04
2023-11-15,,30696.34
2023-11-16,,30747.06
2023-11-17,,30822.12
2023-11-18,,30847.89
2023-11-19,,30909.35
2023-11-20,,31026.24
2023-11-21,,31065.48
2023-11-22,,31230.03
2023-11-23,,31289.84
2023-11-24,,31368.63
2023-11-25,,31425.28
2023-11-26,,31635.28
2023-11-27,,31683.86
2023-11-28,,31773.17
2023-11-29,,31861.52
2023-11-30,,31996.73
2023-12-01,,32132.32
2023-12-02,,32198.9
2023-12-03,,32296.14
2023-12-04,,32649.96
2023-12-05,,33017.62
2023-12-06,,33345.66
2023-12-07,,33539.48
2023-12-08,,33714.95
2023-12-09,,33842.23
2023-12-10,,33913.69
2023-12-11,,33961.0
2023-12-12,,34107.52
2023-12-13,,34309.97
2023-12-14,,34423.88
2023-12-15,,34493.18
2023-12-16,,34507.08
2023-12-17,,34499.83
2023-12-18,,34597.27
2023-12-19,,34681.35
2023-12-20,,34850.99
2023-12-21,,34977.18
2023-12-22,,35083.62
2023-12-23,,35150.83
2023-12-24,,35213.94
2023-12-25,,35382.61
2023-12-26,,35474.22
2023-12-27,,35653.27
2023-12-28,,35741.65
2023-12-29,,35950.25
2023-12-30,,35992.02
2023-12-31,,36035.95
2024-01-01,,36128.29
2024-01-02,,36343.08
2024-01-03,,36478.22
2024-01-04,,37413.9
2024-01-05,,37528.57
2024-01-06,,37574.54
2024-01-07,,37646.07
2024-01-08,,37861.68
2024-01-09,,38007.93
2024-01-10,,38208.36
2024-01-11,,38359.16
2024-01-12,,38248.24
2024-01-13,,38263.07
2024-01-14,,38256.58
2024-01-15,,38308.22
2024-01-16,,38448.39
2024-01-17,,38483.27
2024-01-18,,38453.23
2024-01-19,,38507.54
2024-01-20,,38524.42
2024-01-21,,38537.42
2024-01-22,,38470.08
2024-01-23,,38501.35
2024-01-24,,38543.81
2024-01-25,,38633.75
2024-01-26,,38764.24
2024-01-27,,38806.44
2024-01-28,,38833.4
2024-01-29,,38969.46
2024-01-30,,39119.43
2024-01-31,,39278.8
2024-02-01,,39349.01
2024-02-02,,39395.44
2024-02-03,,39424.49
2024-02-04,,39478.56
2024-02-05,,39519.0
2024-02-06,,39600.12
2024-02-07,,39740.77
2024-02-08,,39881.71
2024-02-09,,40095.94
2024-02-10,,40197.75
2024-02-11,,40301.48
2024-02-12,,40621.46
2024-02-13,,40777.52
2024-02-14,,41225.28
2024-02-15,,41439.88
2024-02-16,,41603.03
2024-02-17,,41801.03
2024-02-18,,41895.24
2024-02-19,,42049.1
2024-02-20,,42193.56
2024-02-21,,42379.46
2024-02-22,,42566.07
2024-02-23,,42688.13
2024-02-24,,42760.26
2024-02-25,,42829.73
2024-02-26,,43234.96
2024-02-27,,43807.6
2024-02-28,,45374.48
2024-02-29,,45798.09
2024-03-01,,46359.95
2024-03-02,,46483.09
2024-03-03,,46686.12
2024-03-04,,47485.37
2024-03-05,,47852.63
2024-03-06,,48919.05
2024-03-07,,49590.77
2024-03-08,,50162.6
2024-03-09,,50374.13
2024-03-10,,50566.89
2024-03-11,,51525.31
2024-03-12,,52059.26
2024-03-13,,52834.33
2024-03-14,,53105.12
2024-03-15,,53350.9
2024-03-16,,53381.33
2024-03-17,,53544.6
2024-03-18,,53902.5
2024-03-19,,53748.62
2024-03-20,,54070.03
2024-03-21,,54125.8
2024-03-22,,54155.35
2024-03-23,,54433.1
2024-03-24,,54544.88
2024-03-25,,54863.18
2024-03-26,,55159.92
2024-03-27,,55292.27
2024-03-28,,55603.19
2024-03-29,,55709.55
2024-03-30,,55845.7
2024-03-31,,56081.99
2024-04-01,,56315.25
2024-04-02,,56398.15
2024-04-03,,56506.25
2024-04-04,,56642.01
2024-04-05,,56676.66
2024-04-06,,56814.38
2024-04-07,,56894.06
2024-04-08,,57135.99
2024-04-09,,57239.21
2024-04-10,,57354.25
2024-04-11,,57427.37
2024-04-12,,57461.13
2024-04-13,,57428.46
2024-04-14,,57466.56
2024-04-15,,57478.14
2024-04-16,,57515.22
2024-04-17,,57468.85
2024-04-18,,57501.32
2024-04-19,,57573.22
2024-04-20,,57623.62
2024-04-21,,57670.12
2024-04-22,,57764.42
2024-04-23,,58217.31
2024-04-24,,58398.76
2024-04-25,,58444.25
2024-04-26,,58422.88
2024-04-27,,58450.61
2024-04-28,,58528.91
2024-04-29,,58607.13
2024-04-30,,58626.34
2024-05-01,,58533.71
2024-05-02,,58536.36
2024-05-03,,58639.19
2024-05-04,,58712.79
2024-05-05,,58761.72
2024-05-06,,58813.46
2024-05-07,,58826.33
2024-05-08,,58909.75
2024-05-09,,58988.16
2024-05-10,,58994.07
2024-05-11,,59037.21
2024-05-12,,59104.4
2024-05-13,,59195.78
2024-05-14,,59320.43
2024-05-15,,59638.84
2024-05-16,,59744.34
2024-05-17,,59901.9
2024-05-18,,59974.79
2024-05-19,,60057.76
2024-05-20,,60373.63
2024-05-21,,60585.15
2024-05-22,,60757.97
2024-05-23,,60804.74
2024-05-24,,60848.21
2024-05-25,,60859.07
2024-05-26,,60891.61
2024-05-27,,60978.12
2024-05-28,,61282.48
2024-05-29,,61315.31
2024-05-30,,61483.25
2024-05-31,,61529.84
2024-06-01,,61575.53
2024-06-02,,61632.49
2024-06-03,,61771.45
2024-06-04,,61904.97
2024-06-05,,62036.58
2024-06-06,,62204.29
2024-06-07,,62254.31
2024-06-08,,62301.47
2024-06-09,,62369.37
2024-06-10,,62477.36
2024-06-11,,62513.18
2024-06-12,,63368.63
2024-06-13,,63389.46
2024-06-14,,63417.2
2024-06-15,,63512.97
2024-06-16,,63554.03
2024-06-17,,63612.62
2024-06-18,,63541.79
2024-06-19,,63605.15
2024-06-20,,64026.99
2024-06-21,,63593.5
2024-06-22,,64332.22
2024-06-23,,63701.55
2024-06-24,,63667.32
2024-06-25,,64181.66
2024-06-26,,63653.13
2024-06-27,,64299.77
2024-06-28,,63536.04
2024-06-29,,64332.78
2024-06-30,,64353.55
2024-07-01,,64406.18
2024-07-02,,63846.26
2024-07-03,,63908.91
2024-07-04,,63679.24
2024-07-05,,63965.74
2024-07-06,,63411.03
2024-07-07,,63362.54
2024-07-08,,63301.44
2024-07-09,,63273.05
2024-07-10,,63260.33
2024-07-11,,63389.28
2024-07-12,,63409.0
2024-07-13,,63254.88
2024-07-14,,63496.32
2024-07-15,,63672.13
2024-07-16,,63770.77
2024-07-17,,63816.1
2024-07-18,,63923.8
2024-07-19,,64001.3
2024-07-20,,64120.51
2024-07-21,,64079.14
2024-07-22,,64264.49
2024-07-23,,64214.93
2024-07-24,,64254.29
2024-07-25,,64351.72
2024-07-26,,64514.81
2024-07-27,,64593.66
2024-07-28,,64489.35
2024-07-29,,64763.73
2024-07-30,,64592.11
2024-07-31,,64801.5
2024-08-01,,64674.33
2024-08-02,,64842.9
2024-08-03,,64821.06
2024-08-04,,64480.37
2024-08-05,,63959.74
2024-08-06,,64021.91
2024-08-07,,63845.12
2024-08-08,,63902.19
2024-08-09,,63923.76
2024-08-10,,64024.04
2024-08-11,,63961.85
2024-08-12,,63939.43
2024-08-13,,63603.16
2024-08-14,,63705.28
2024-08-15,,63289.97
2024-08-16,,63545.64
2024-08-17,,63542.58
2024-08-18,,63321.67
2024-08-19,,63295.32
2024-08-20,,62979.38
2024-08-21,,63052.69
2024-08-22,,62959.66
2024-08-23,,62987.8
2024-08-24,,63076.48
2024-08-25,,63249.62
2024-08-26,,63097.46
2024-08-27,,62873.92
2024-08-28,,62798.0
2024-08-29,,62745.65
2024-08-30,,62664.92
2024-08-31,,62612.9
2024-09-01,,62526.37
2024-09-02,,62497.5
2024-09-03,,62352.48
2024-09-04,,62292.89
2024-09-05,,62153.56
2024-09-06,,61981.32
2024-09-07,,61928.33
2024-09-08,,61883.01
2024-09-09,,61871.65
2024-09-10,,61810.69
2024-09-11,,61734.93
2024-09-12,,61718.14
2024-09-13,,61769.25
2024-09-14,,61763.73
2024-09-15,,61737.83
2024-09-16,,61654.48
2024-09-17,,61675.56
2024-09-18,,61728.19
2024-09-19,,62185.17
2024-09-20,,62285.7
2024-09-21,,62327.26
2024-09-22,,62330.78
2024-09-23,,62364.39
2024-09-24,,62470.57
2024-09-25,,62495.87
2024-09-26,,62600.56
2024-09-27,,62691.83
2024-09-28,,62704.37
2024-09-29,,62710.15
2024-09-30,,62678.75
2024-10-01,,62524.07
2024-10-02,,62463.03
2024-10-03,,62412.98
2024-10-04,,62435.26
2024-10-05,,62426.05
2024-10-06,,62434.06
2024-10-07,,62437.14
2024-10-08,,62440.29
2024-10-09,,62354.81
2024-10-10,,62288.76
2024-10-11,,62343.27
2024-10-12,,62364.31
2024-10-13,,62362.32
2024-10-14,,62530.05
2024-10-15,,62729.97
2024-10-16,,62852.39
2024-10-17,,62924.79
2024-10-18,,63042.82
2024-10-19,,63100.0
2024-10-20,,63187.28
2024-10-21,,63220.19
2024-10-22,,63296.29
2024-10-23,,63312.48
2024-10-24,,63392.85
2024-10-25,,63385.91
2024-10-26,,63524.22
2024-10-27,,63642.6
2024-10-28,,64004.7
2024-10-29,,64137.42
2024-10-30,,64210.4
2024-10-31,,64229.76
2024-11-01,,64222.81
2024-11-02,,64172.14
2024-11-03,,64179.43
2024-11-04,,64182.84
2024-11-05,,64286.77
2024-11-06,,64870.67
2024-11-07,,65108.39
2024-11-08,,65452.74
2024-11-09,,65539.07
2024-11-10,,65906.01
2024-11-11,,67104.39
2024-11-12,,67843.1
2024-11-13,,68733.78
2024-11-14,,69336.89
2024-11-15,,69953.83
2024-11-16,,70124.63
2024-11-17,,70201.74
2024-11-18,,70581.33
2024-11-19,,70923.36
2024-11-20,,71522.18
2024-11-21,,72669.65
2024-11-22,,73432.87
2024-11-23,,73972.64
2024-11-24,,74308.03
2024-11-25,,74547.03
2024-11-26,,74684.35
2024-11-27,,74998.43
2024-11-28,,75166.32
2024-11-29,,75602.27
2024-11-30,,75699.59
2024-12-01,,75856.35
2024-12-02,,76197.15
2024-12-03,,76495.21
2024-12-04,,77273.32
2024-12-05,,78192.61
2024-12-06,,79603.6
2024-12-07,,79740.32
2024-12-08,,79897.01
2024-12-09,,80845.38
2024-12-10,,81334.82
2024-12-11,,81772.65
2024-12-12,,82287.18
2024-12-13,,82573.63
2024-12-14,,82747.51
2024-12-15,,82998.59
2024-12-16,,83653.4
2024-12-17,,84220.78
2024-12-18,,84281.83
2024-12-19,,84690.09
2024-12-20,,84957.03
2024-12-21,,84984.42
2024-12-22,,85016.65
2024-12-23,,85182.29
2024-12-24,,85433.95
2024-12-25,,85488.66
2024-12-26,,85583.08
2024-12-27,,85590.43
2024-12-28,,85643.15
2024-12-29,,85663.8
2024-12-30,,85808.84
2024-12-31,,85933.06
2025-01-01,,86019.86
2025-01-02,,86143.4
2025-01-03,,86279.25
2025-01-04,,86484.97
2025-01-05,,86552.03
2025-01-06,,86816.55
2025-01-07,,86922.63
2025-01-08,,86983.58
2025-01-09,,86942.64
2025-01-10,,87020.2
2025-01-11,,87075.45
2025-01-12,,87284.0
2025-01-13,,87394.01
2025-01-14,,87546.01
2025-01-15,,87781.1
2025-01-16,,88002.26
2025-01-17,,88298.76
2025-01-18,,88477.55
2025-01-19,,88524.4
2025-01-20,,88701.08
2025-01-21,,89007.85
2025-01-22,,89227.08
2025-01-23,,89558.66
2025-01-24,,89675.29
2025-01-25,,89774.92
2025-01-26,,89824.37
2025-01-27,,89997.85
2025-01-28,,90070.19
2025-01-29,,90173.65
2025-01-30,,90299.3
2025-01-31,,90404.41
2025-02-01,,90431.2
2025-02-02,,90438.49
2025-02-03,,90893.47
2025-02-04,,90999.19
2025-02-05,,91033.91
2025-02-06,,91088.2
2025-02-07,,91082.01
2025-02-08,,91116.22
2025-02-09,,91242.32
2025-02-10,,91378.47
2025-02-11,,91415.73
2025-02-12,,91533.16
2025-02-13,,91616.82
2025-02-14,,91686.15
2025-02-15,,91755.62
2025-02-16,,91824.47
2025-02-17,,91915.16
2025-02-18,,92009.39
2025-02-19,,92156.3
2025-02-20,,92396.03
2025-02-21,,92436.51
2025-02-22,,92564.82
2025-02-23,,92796.66
2025-02-24,,92846.82
2025-02-25,,92681.83
2025-02-26,,92274.46
2025-02-27,,92151.07
2025-02-28,,91891.31
2025-03-01,,91838.21
2025-03-02,,91963.9
2025-03-03,,91753.76
2025-03-04,,91761.58
2025-03-05,,91771.06
2025-03-06,,91748.62
2025-03-07,,91638.96
2025-03-08,,91600.53
2025-03-09,,91498.78
2025-03-10,,91239.82
2025-03-11,,91165.21
2025-03-12,,91072.52
2025-03-13,,90964.51
2025-03-14,,90962.26
2025-03-15,,90986.58
2025-03-16,,91070.6
2025-03-17,,91868.62
2025-03-18,,92276.73
2025-03-19,,92532.76
2025-03-20,,92889.72
2025-03-21,,92930.46
2025-03-22,,92957.07
2025-03-23,,93062.26
2025-03-24,,93171.39
2025-03-25,,93208.92
2025-03-26,,93217.14
2025-03-27,,93239.69
2025-03-28,,93125.1
2025-03-29,,93076.39
2025-03-30,,93041.55
2025-03-31,,92987.46
2025-04-01,,93029.27
2025-04-02,,92912.18
2025-04-03,,92861.98
2025-04-04,,92831.98
2025-04-05,,92810.34
2025-04-06,,92683.1
2025-04-07,,92441.9
2025-04-08,,92262.74
2025-04-09,,92254.53
2025-04-10,,92069.41
2025-04-11,,92005.09
2025-04-12,,92043.84
2025-04-13,,92043.54
2025-04-14,,92111.47
2025-04-15,,91974.34
2025-04-16,,91963.64
2025-04-17,,91987.86
2025-04-18,,91965.45
2025-04-19,,91945.68
2025-04-20,,91910.02
2025-04-21,,91939.5
2025-04-22,,92131.4
2025-04-23,,92235.83
2025-04-24,,92290.62
2025-04-25,,92618.87
2025-04-26,,92635.88
2025-04-27,,92642.14
2025-04-28,,92722.84
2025-04-29,,92735.59
2025-04-30,,92747.57
2025-05-01,,92771.05
2025-05-02,,92841.92
2025-05-03,,92832.89
2025-05-04,,92826.23
2025-05-05,,92906.09
2025-05-06,,93008.03
2025-05-07,,93137.12
2025-05-08,,93390.54
2025-05-09,,93652.88
2025-05-10,,93752.88
2025-05-11,,93814.03
2025-05-12,,93934.61
2025-05-13,,94164.44
2025-05-14,,94197.47
2025-05-15,,94121.63
2025-05-16,,94229.72
2025-05-17,,94256.06
2025-05-18,,94226.5
2025-05-19,,94345.93
2025-05-20,,94501.37
2025-05-21,,94782.19
2025-05-22,,95201.07
2025-05-23,,95251.7
2025-05-24,,95254.49
2025-05-25,,95190.49
2025-05-26,,95221.0
2025-05-27,,95489.16
2025-05-28,,95681.5
2025-05-29,,95716.76
2025-05-30,,95747.44
2025-05-31,,95764.52
2025-06-01,,95795.51
2025-06-02,,95955.26
2025-06-03,,96003.94
2025-06-04,,96051.2
2025-06-05,,95955.52
2025-06-06,,96021.69
2025-06-07,,96096.38
2025-06-08,,96165.9
2025-06-09,,96411.58
2025-06-10,,96687.79
2025-06-11,,96766.72
2025-06-12,,96764.35
2025-06-13,,96862.09
2025-06-14,,96879.94
2025-06-15,,96896.43
2025-06-16,,97135.85
2025-06-17,,97167.81
2025-06-18,,97254.5
2025-06-19,,97339.04
2025-06-20,,97357.14
2025-06-21,,97456.67
2025-06-22,,97382.53
2025-06-23,,97543.62
2025-06-24,,97639.05
2025-06-25,,97841.87
2025-06-26,,97968.92
2025-06-27,,98066.18
2025-06-28,,98092.11
2025-06-29,,98172.66
2025-06-30,,98292.03
2025-07-01,,98289.81
2025-07-02,,98376.55
2025-07-03,,98533.04
2025-07-04,,98797.16
2025-07-05,,98819.56
2025-07-06,,98864.18
2025-07-07,,98950.33
2025-07-08,,99059.26
2025-07-09,,99249.87
2025-07-10,,99558.04
2025-07-11,,100082.25
2025-07-12,,100228.05
2025-07-13,,100369.91
2025-07-14,,101038.99
2025-07-15,,101270.44
2025-07-16,,102102.85
2025-07-17,,102757.07
2025-07-18,,102933.45
2025-07-19,,103040.93
2025-07-20,,103110.37
2025-07-21,,103401.86
2025-07-22,,103742.54
2025-07-23,,103962.32
2025-07-24,,104137.73
2025-07-25,,104265.98
2025-07-26,,104353.66
2025-07-27,,104455.39
2025-07-28,,104571.42
2025-07-29,,104770.83
2025-07-30,,104901.03
2025-07-31,,104865.1
2025-08-01,,104832.21
2025-08-02,,104808.18
2025-08-03,,104885.04
2025-08-04,,105019.94
2025-08-05,,105128.82
2025-08-06,,105198.79
2025-08-07,,105491.8
2025-08-08,,105685.81
2025-08-09,,105740.39
2025-08-10,,105890.12
2025-08-11,,106051.67
2025-08-12,,106387.12
2025-08-13,,106762.55
2025-08-14,,106869.75
2025-08-15,,107004.43
2025-08-16,,107125.28
2025-08-17,,107184.71
2025-08-18,,107484.01
2025-08-19,,107743.59
2025-08-20,,108591.27
2025-08-21,,108771.23
2025-08-22,,108859.42
2025-08-23,,108855.6
2025-08-24,,108778.23
2025-08-25,,108804.2
2025-08-26,,108961.14
2025-08-27,,109023.98
2025-08-28,,108847.95
2025-08-29,,108924.26
2025-08-30,,109000.89
2025-08-31,,109000.89
2025-09-01,,109061.57
2025-09-02,,109135.62
2025-09-03,,109360.0
2025-09-04,,109581.2
2025-09-05,,109681.57
2025-09-06,,109714.38
2025-09-07,,109802.8
2025-09-08,,109953.77
2025-09-09,,110117.64
2025-09-10,,110314.28
2025-09-11,,110539.96
2025-09-12,,110684.69
2025-09-13,,110730.54
2025-09-14,,110782.46
2025-09-15,,110923.03
2025-09-16,,111026.08
2025-09-17,,111186.62
2025-09-18,,111342.6
2025-09-19,,111392.38
2025-09-20,,111434.18
2025-09-21,,111348.9
2025-09-22,,111395.63
2025-09-23,,111514.5
2025-09-24,,111536.0
2025-09-25,,111517.76
2025-09-26,,111589.81
2025-09-27,,110955.78
2025-09-28,,111041.91
2025-09-29,,111217.75
2025-09-30,,110853.34
2025-10-01,,111187.24
2025-10-02,,111470.02
2025-10-03,,111775.12
2025-10-04,,111874.15
2025-10-05,,112024.83
2025-10-06,,112290.53
2025-10-07,,112390.39
2025-10-08,,112737.14
2025-10-09,,113515.69
2025-10-10,,113327.61
2025-10-11,,113272.25
2025-10-12,,113400.72
2025-10-13,,113463.34
2025-10-14,,113385.57
2025-10-15,,113215.08
2025-10-16,,113104.5
2025-10-17,,112952.93
2025-10-18,,112931.09
2025-10-19,,112950.38
2025-10-20,,112992.07
2025-10-21,,112938.85
2025-10-22,,112859.96
2025-10-23,,112933.32
2025-10-24,,112867.33
2025-10-25,,112874.33
2025-10-26,,112974.95
2025-10-27,,113042.41
2025-10-28,,113050.34
2025-10-29,,113010.79
2025-10-30,,112912.66
2025-10-31,,112850.44
2025-11-01,,112867.24
2025-11-02,,112882.82
2025-11-03,,112757.39
2025-11-04,,112373.8
2025-11-05,,112277.03
2025-11-06,,112078.77
2025-11-07,,111856.87
2025-11-08,,111797.97
2025-11-09,,111843.12
2025-11-10,,111009.2
2025-11-11,,110762.44
2025-11-12,,110638.95
2025-11-13,,110336.58
2025-11-14,,109754.78
2025-11-15,,109738.2
2025-11-16,,108638.97
2025-11-17,,108222.78
2025-11-18,,107720.34
2025-11-19,,107371.5
2025-11-20,,106866.03
2025-11-21,,106135.93
2025-11-22,,106053.41
2025-11-23,,105444.83
2025-11-24,,105331.88
2025-11-25,,104199.53
2025-11-26,,104046.48
2025-11-27,,103867.08
2025-11-28,,103773.31
2025-11-29,,103734.78
2025-11-30,,103669.89
2025-12-01,,103414.57
2025-12-02,,103365.01
2025-12-03,,103225.66
2025-12-04,,103145.73
2025-12-05,,102839.15
2025-12-06,,102795.29
2025-12-07,,102746.64
2025-12-08,,102519.71
2025-12-09,,102495.26
2025-12-10,,102255.44
2025-12-11,,102170.77
2025-12-12,,102009.14
2025-12-13,,101965.95
2025-12-14,,101897.07
2025-12-15,,101663.3
2025-12-16,,101496.34
2025-12-17,,101308.94
2025-12-18,,101147.1
2025-12-19,,101048.87
2025-12-20,,100915.48
2025-12-21,,100813.79
2025-12-22,,100690.47
2025-12-23,,100440.42
2025-12-24,,100239.62
2025-12-25,,100133.5
2025-12-26,,99915.85
2025-12-27,,99883.16
2025-12-28,,99787.4
2025-12-29,87219.58,99315.85
2025-12-30,88532.55,98882.75
2025-12-31,87642.92,98671.34
2026-01-01,88847.94,98677.37
2026-01-02,89922.4,98519.45
2026-01-03,90640.34,98468.14
2026-01-04,91437.17,98447.65
2026-01-05,94001.95,98469.65
2026-01-06,93612.07,98469.65
2026-01-07,91396.3,98285.61
2026-01-08,91104.76,98210.97
2026-01-09,90670.96,97995.24
2026-01-10,90527.02,97891.25
2026-01-11,90960.25,97813.43
2026-01-12,91264.66,97757.12
2026-01-13,95155.92,97742.54
2026-01-14,97039.11,97757.47
2026-01-15,95674.95,97754.71
2026-01-16,95500.01,97622.41
2026-01-17,95143.54,97552.0
2026-01-18,94562.17,97569.31
2026-01-19,92588.45,97445.24
2026-01-20,88297.82,97294.01
2026-01-21,89404.2,97049.42
2026-01-22,89553.69,96933.76
2026-01-23,89583.07,95992.82
2026-01-24,89379.65,95922.05
2026-01-25,86517.27,95762.31
2026-01-26,88528.65,95695.78
2026-01-27,89425.33,95658.68
2026-01-28,89327.85,95567.51
2026-01-29,84712.02,95371.04
2026-01-30,84278.26,95101.89
2026-01-31,78761.34,94747.6
2026-02-01,77348.98,94698.81
2026-02-02,78908.39,94329.48
2026-02-03,75751.47,93952.95
2026-02-04,73172.94,93497.1
2026-02-05,64232.7,92463.87
2026-02-06,70652.95,91856.8
2026-02-07,69268.92,91434.16
2026-02-08,70351.74,91460.68
2026-02-09,70276.78,91185.42
2026-02-10,68794.53,91004.81
2026-02-11,67076.13,90648.23
2026-02-12,66289.72,90271.37
2026-02-13,68888.33,90393.53
2026-02-14,69813.18,89929.29
2026-02-15,68576.66,89970.18
2026-02-16,68941.12,90368.3
2026-02-17,67545.99,89697.9
2026-02-18,66469.02,89783.64
2026-02-19,66984.96,88896.65
2026-02-20,68013.41,88706.76
2026-02-21,68099.16,88555.59
2026-02-22,67665.24,88361.36
2026-02-23,64617.52,88124.14
2026-02-24,64034.0,87765.49
2026-02-25,67969.46,87598.56
2026-02-26,67480.58,87417.86
2026-02-27,65893.53,87080.91
2026-02-28,66847.75,86926.47
2026-03-01,65727.43,86923.28
2026-03-02,68821.18,86839.83
2026-03-03,68444.47,87180.52
2026-03-04,72368.01,86607.74
2026-03-05,70956.62,86540.59
2026-03-06,68200.01,86173.01
2026-03-07,67272.05,85970.58
2026-03-08,66047.52,85798.55
2026-03-09,68397.97,85704.4
2026-03-10,69868.4,85710.8
2026-03-11,70180.01,85654.37
2026-03-12,70544.85,85492.35
2026-03-13,70930.0,85592.17
2026-03-14,71153.86,85507.74
2026-03-15,72755.53,85502.62
2026-03-16,74596.0,85558.69
2026-03-17,73883.01,85441.91
2026-03-18,71332.54,85196.23
2026-03-19,69928.79,84911.4
2026-03-20,70492.65,84663.7
2026-03-21,70150.0,84621.28
2026-03-22,68015.53,84475.24
2026-03-23,70920.68,84306.14
2026-03-24,70573.9,84151.08
2026-03-25,71241.81,83966.6
2026-03-26,68812.57,83760.34
2026-03-27,66191.61,83494.08
2026-03-28,66384.18,83355.47
2026-03-29,65920.33,83257.48
2026-03-30,66752.01,83010.06
2026-03-31,68235.41,82831.5
2026-04-01,68141.16,82606.67
2026-04-02,66891.19,82254.93
2026-04-03,66951.2,82055.25
2026-04-04,67302.99,81975.43
2026-04-05,68985.7,81879.63
2026-04-06,68900.62,81813.4
2026-04-07,71951.07,81670.41
2026-04-08,71123.99,81594.47
2026-04-09,71789.64,81417.57
2026-04-10,72863.14,81552.59
2026-04-11,73055.96,81204.69
2026-04-12,70763.19,81091.84
2026-04-13,74551.25,81152.33
2026-04-14,74161.94,81111.31
2026-04-15,74691.97,80989.15
2026-04-16,75100.05,80889.25
2026-04-17,77111.14,80896.8
2026-04-18,75712.17,80776.61
2026-04-19,73977.41,80774.45
2026-04-20,75856.36,80726.07
2026-04-21,76349.19,80553.66
2026-04-22,78192.24,80535.91
2026-04-23,78240.54,80459.54
2026-04-24,77444.99,80024.21
2026-04-25,77637.28,79938.63
2026-04-26,78409.9,79248.85
2026-04-27,77301.81,79016.78
2026-04-28,76327.52,78983.87
2026-04-29,75880.7,78936.63
2026-04-30,76346.77,78898.4
2026-05-01,78144.34,78928.95
2026-05-02,78677.86,78915.98
2026-05-03,78574.5,78912.07
2026-05-04,79801.7,79026.84
2026-05-05,80920.0,79136.03
2026-05-06,81340.21,79172.96
2026-05-07,80016.05,79122.79
2026-05-08,80183.69,79076.17
2026-05-09,80697.2,78937.33
2026-05-10,82355.19,78933.51
2026-05-11,81666.18,78976.63
2026-05-12,80484.0,78885.51
2026-05-13,79300.01,78803.99
2026-05-14,81079.87,78717.55
2026-05-15,79130.45,78687.36
2026-05-16,78229.28,78582.76
2026-05-17,77764.28,78550.78
2026-05-18,76974.24,78478.73
2026-05-19,76847.48,78332.74
2026-05-20,77471.96,78211.16
2026-05-21,77670.92,78279.47
2026-05-22,75509.34,78206.63
2026-05-23,76713.37,78136.28
2026-05-24,77087.9,78100.65
2026-05-25,77340.01,78102.89
2026-05-26,75936.53,78027.57
2026-05-27,74344.2,77911.99
2026-05-28,73537.95,77509.98
2026-05-29,73457.58,77366.83
2026-05-30,73856.75,77253.88
2026-05-31,73642.01,77238.34
2026-06-01,71439.78,76988.52
2026-06-02,66752.0,76557.23
2026-06-03,64315.93,76000.95
2026-06-04,63463.98,75519.85
