d,price_usd,sth_realized_price
2022-10-08,19416.1772291058,22173.82
2022-10-09,19428.3671323787,22130.37
2022-10-10,19154.4042346581,22081.46
2022-10-11,19039.2820683811,22024.63
2022-10-12,19156.9115645821,21995.74
2022-10-13,19387.8336806546,21954.8
2022-10-14,19177.6941031561,21884.21
2022-10-15,19069.8749272355,21854.84
2022-10-16,19261.7497878434,21847.65
2022-10-17,19557.0218106371,21800.84
2022-10-18,19341.4075543542,21709.23
2022-10-19,19132.1544254822,21599.28
2022-10-20,19033.3760239626,21538.18
2022-10-21,19174.8763487434,21487.44
2022-10-22,19207.6285078901,21453.54
2022-10-23,19565.4123243717,21433.81
2022-10-24,19341.460210111,21421.97
2022-10-25,20094.9611215663,21417.8
2022-10-26,20797.0308258328,21514.29
2022-10-27,20280.1751280538,21483.39
2022-10-28,20604.6138535944,21469.7
2022-10-29,20803.8999205143,21486.11
2022-10-30,20616.7033766803,21449.35
2022-10-31,20490.8581808884,21439.94
2022-11-01,20483.966530976,21411.94
2022-11-02,20148.2845537697,21364.82
2022-11-03,20198.1111860316,21318.91
2022-11-04,21157.2449275278,21380.32
2022-11-05,21283.4715999416,21379.77
2022-11-06,20946.8030359439,21363.67
2022-11-07,20568.5651183518,21268.81
2022-11-08,18520.971163647,21106.11
2022-11-09,15758.2912819988,20712.53
2022-11-10,17541.5602866745,20661.3
2022-11-11,16916.8506312098,20530.04
2022-11-12,16771.2426718293,20422.86
2022-11-13,16320.4983375219,20320.75
2022-11-14,16629.4784146698,20184.22
2022-11-15,16855.59378609,20096.92
2022-11-16,16659.6063345996,19931.8
2022-11-17,16675.1790204559,19767.57
2022-11-18,16661.5229576271,19588.43
2022-11-19,16696.0040581531,19558.34
2022-11-20,16246.8446992987,19497.92
2022-11-21,15778.0174047341,19395.02
2022-11-22,16172.8893445354,19318.18
2022-11-23,16574.0617299825,19214.57
2022-11-24,16583.5243445354,19167.91
2022-11-25,16522.3887767388,19132.02
2022-11-26,16448.6413077148,19111.81
2022-11-27,16436.0707688486,19084.5
2022-11-28,16212.5814161309,19028.92
2022-11-29,16443.0368199883,18991.75
2022-11-30,17176.8986914085,18945.87
2022-12-01,16961.2918042081,18907.72
2022-12-02,17075.1091370544,18867.69
2022-12-03,16899.5073831093,18855.22
2022-12-04,17121.7149824664,18838.97
2022-12-05,16961.3517866745,18802.16
2022-12-06,17070.5158281707,18791.7
2022-12-07,16848.2518243717,18767.94
2022-12-08,17231.4563223261,18757.76
2022-12-09,17136.1490008767,18763.48
2022-12-10,17124.2146797195,18742.88
2022-12-11,17094.3606592636,18727.0
2022-12-12,17195.5249962011,18716.54
2022-12-13,17774.9166320865,18729.15
2022-12-14,17809.7240835769,18720.45
2022-12-15,17344.0544569258,18660.88
2022-12-16,16606.1101750438,18600.77
2022-12-17,16774.3853702513,18590.85
2022-12-18,16776.1159254822,18586.23
2022-12-19,16424.1313857393,18568.45
2022-12-20,16901.8169362946,18574.18
2022-12-21,16800.5329707773,18541.73
2022-12-22,16814.2225791935,18502.61
2022-12-23,16780.5169798363,18483.32
2022-12-24,16837.612170076,18477.99
2022-12-25,16824.8389736996,18465.32
2022-12-26,16879.9382273524,18424.35
2022-12-27,16698.9112708942,18399.99
2022-12-28,16536.2942001753,18357.12
2022-12-29,16630.5931551724,18320.7
2022-12-30,16593.6888287551,18298.33
2022-12-31,16524.2178024547,18269.6
2023-01-01,16606.7520432496,18101.43
2023-01-02,16688.7192729398,18095.3
2023-01-03,16670.0773836937,18072.59
2023-01-04,16848.3660391584,18061.82
2023-01-05,16824.8001826417,18038.51
2023-01-06,16957.8622738165,18012.4
2023-01-07,16917.49,18005.19
2023-01-08,17059.2399444769,17997.3
2023-01-09,17182.3198521333,17991.8
2023-01-10,17433.9146320865,17984.75
2023-01-11,17833.7107656341,17987.31
2023-01-12,18869.7044842198,18034.97
2023-01-13,19868.7247454705,18164.86
2023-01-14,21010.9227200468,18219.46
2023-01-15,20876.0085561075,18249.19
2023-01-16,21180.4119485681,18282.89
2023-01-17,21178.2993962595,18334.8
2023-01-18,20709.6686040327,18367.57
2023-01-19,21071.8334152542,18400.33
2023-01-20,22660.7169421391,18493.7
2023-01-21,22803.172761543,18542.73
2023-01-22,22716.2771966686,18575.96
2023-01-23,22929.0248936295,18629.06
2023-01-24,22611.1268787259,18652.93
2023-01-25,23109.0845189947,18720.92
2023-01-26,23008.6894766219,18878.61
2023-01-27,23070.4964582116,18951.57
2023-01-28,23008.8094649328,18969.39
2023-01-29,23774.9963679135,19008.84
2023-01-30,22799.427261543,19033.76
2023-01-31,23130.0519132087,19083.26
2023-02-01,23727.2026075395,19204.11
2023-02-02,23505.6048430742,19244.14
2023-02-03,23445.8131773816,19308.42
2023-02-04,23355.5243863238,19350.26
2023-02-05,22957.2251905319,19357.73
2023-02-06,22745.1650371128,19366.06
2023-02-07,23266.2692036821,19406.15
2023-02-08,22937.5799453536,19433.57
2023-02-09,21818.1989456458,19428.5
2023-02-10,21620.5667837522,19413.49
2023-02-11,21864.8626414378,19418.1
2023-02-12,21772.1373252484,19425.41
2023-02-13,21798.7157168323,19431.48
2023-02-14,22222.415043834,19444.25
2023-02-15,24304.6129827586,19555.08
2023-02-16,23742.4488354763,19598.06
2023-02-17,24607.3356054939,19662.06
2023-02-18,24636.5266127995,19685.33
2023-02-19,24366.9907606663,19703.44
2023-02-20,24797.8430359439,19740.35
2023-02-21,24400.3893898305,19769.36
2023-02-22,24163.7389812975,19804.33
2023-02-23,23910.0342104033,19823.33
2023-02-24,23175.8242036821,19838.08
2023-02-25,23159.8154403857,19843.3
2023-02-26,23542.0964281122,19860.01
2023-02-27,23504.1894178843,19896.43
2023-02-28,23145.9491277031,19900.52
2023-03-01,23610.6590902981,19961.84
2023-03-02,23470.0254815897,19975.1
2023-03-03,22350.0962340736,19949.57
2023-03-04,22334.2852638808,19945.81
2023-03-05,22419.8171390999,19961.79
2023-03-06,22414.7033056692,19965.16
2023-03-07,22174.6484725307,19988.12
2023-03-08,21701.3846227352,19965.12
2023-03-09,20349.8141732905,19896.82
2023-03-10,19951.37,19851.96
2023-03-17,27450.6282933957,20604.51
2023-03-18,26985.7359915254,20643.99
2023-03-19,28185.2043319696,20734.58
2023-03-20,27834.3361090006,20793.61
2023-03-21,28172.7950558153,20899.66
2023-03-22,27341.5571297487,20963.27
2023-03-23,28387.8897495617,21133.77
2023-03-24,27464.1249453536,21185.07
2023-03-25,27518.62,21224.66
2023-03-27,27154.9963702513,21409.83
2023-03-28,27283.9634029807,21474.44
2023-03-29,28389.2917784921,21582.81
2023-03-30,28021.5583009936,21982.33
2023-03-31,28514.6813062537,22100.58
2023-04-01,28494.5638863238,22158.67
2023-04-02,28161.9980362361,22181.72
2023-04-03,27850.9799436002,22218.83
2023-04-04,28113.9585187025,22307.44
2023-04-05,28190.3116063705,22446.28
2023-04-06,28049.0744763296,22540.67
2023-04-07,27936.8042609585,22566.76
2023-04-08,27964.0512498539,22575.86
2023-04-09,28357.8072703098,22586.17
2023-04-10,29687.5651846873,22714.47
2023-04-11,30247.0959193454,22933.47
2023-04-12,29913.0035463472,23083.68
2023-04-13,30370.82207218,23184.36
2023-04-14,30458.9700414962,23288.63
2023-04-15,30342.0591084161,23317.01
2023-04-16,30312.9308533022,23349.38
2023-04-17,29469.5050727645,23391.83
2023-04-18,30366.8723813559,23508.71
2023-04-19,28796.7440952659,23527.81
2023-04-20,28251.2763790181,23573.28
2023-04-21,27292.0211052016,23579.31
2023-04-22,27827.5475920514,23625.42
2023-04-23,27604.6855742256,23660.7
2023-04-24,27520.1996729982,23692.36
2023-04-25,28302.6942180012,23781.3
2023-04-26,28384.2340333139,23880.4
2023-04-27,29465.5514272355,24089.7
2023-04-28,29350.811886616,24163.87
2023-04-29,29221.5145075979,24221.35
2023-04-30,29362.0867974868,24283.29
2023-05-01,28114.9531873174,24345.27
2023-05-02,28690.5809959088,24416.35
2023-05-03,29045.0427735243,24624.06
2023-05-04,28855.8574465225,24657.65
2023-05-05,29552.9695236704,24721.77
2023-05-06,28899.4629602572,24745.82
2023-05-07,28761.738434249,25305.22
2023-05-08,27727.2854091175,25345.61
2023-05-09,27642.4281092928,25372.07
2023-05-10,27646.004902104,25399.82
2023-05-11,26986.271065751,25413.72
2023-05-12,26773.3443591467,25426.22
2023-05-13,26841.3982913501,25453.74
2023-05-14,26918.261597896,25484.06
2023-05-15,27231.6216052016,25527.12
2023-05-16,27025.7181864407,25573.95
2023-05-17,27401.0440610754,25627.22
2023-05-18,26843.2350938048,25638.23
2023-05-19,26889.503631502,25628.86
2023-05-20,27100.8582878434,25639.26
2023-05-21,26777.0977831677,25654.06
2023-05-22,26858.7370637054,25693.72
2023-05-23,27226.8558763881,25751.86
2023-05-24,26341.4306446522,25738.08
2023-05-25,26484.8359234366,25763.95
2023-05-26,26720.3838071303,25792.33
2023-05-27,26854.5403702513,25818.38
2023-05-28,28097.5211259497,25865.78
2023-05-29,27765.0728693746,25898.89
2023-05-30,27712.4915844535,25945.1
2023-05-31,27217.6832580362,25955.93
2023-06-01,26825.3713451198,25966.5
2023-06-02,27255.2279941555,26005.41
2023-06-03,27079.4084643483,26022.11
2023-06-04,27158.25456955,26035.83
2023-06-05,25785.8514842198,25990.21
2023-06-06,27213.7705187025,26099.1
2023-06-07,26339.5790292227,26156.64
2023-06-08,26521.693600526,26170.31
2023-06-09,26470.6775780245,26239.01
2023-06-10,25863.2138506721,26226.14
2023-06-11,25906.8281516657,26225.4
2023-06-12,25906.7519354179,26235.01
2023-06-13,25880.8599734074,26231.25
2023-06-14,25097.5853796026,26204.9
2023-06-15,25559.1433293396,26204.79
2023-06-16,26331.8200943892,26261.89
2023-06-17,26514.1713495032,26274.13
2023-06-18,26353.962682934,26288.09
2023-06-19,26778.0634415547,26267.07
2023-06-20,28305.4204573349,26390.19
2023-06-21,30099.5153509643,26577.44
2023-06-22,29952.5112866745,26662.26
2023-06-23,30638.3537644652,26795.34
2023-06-24,30549.0162872589,26846.13
2023-06-25,30467.4403705435,26881.93
2023-06-26,30255.8861241964,26968.96
2023-06-27,30656.2,27070.83
2023-06-28,30104.0432717709,27115.76
2023-06-29,30460.792978083,27222.42
2023-06-30,30484.503257744,27278.22
2023-07-01,30581.6889655172,27322.94
2023-07-02,30594.2164736996,27347.44
2023-07-03,31135.3575993571,27410.17
2023-07-04,30799.9474558738,27444.61
2023-07-05,30497.8221282876,27478.23
2023-07-06,29979.7298094681,27537.61
2023-07-07,30329.8829786674,27565.53
2023-07-08,30263.6196341321,27585.03
2023-07-09,30163.2210563998,27598.91
2023-07-10,30394.6555806546,27652.5
2023-07-11,30616.247094097,27695.71
2023-07-12,30385.6087852133,27737.21
2023-07-13,31434.7354704851,27847.6
2023-07-14,30310.6720204559,27848.53
2023-07-15,30290.8905958504,27878.42
2023-07-16,30249.7729658095,27891.85
2023-07-17,30143.7462744009,27903.81
2023-07-18,29835.7474076563,27938.93
2023-07-19,29913.0294646406,27979.35
2023-07-20,29805.6065707189,28000.24
2023-07-21,29919.6934921099,28037.07
2023-07-22,29726.0096271186,28048.12
2023-07-23,29882.43,28070.38
2023-07-26,29361.5917580362,28080.01
2023-07-27,29201.6865175336,28106.88
2023-07-28,29316.3130751023,28238.49
2023-07-29,29360.376179135,28239.86
2023-07-30,29262.8367337814,28231.77
2023-07-31,29219.8201887785,28230.86
2023-08-01,29499.5875385739,28240.38
2023-08-02,29143.1519620105,28233.9
2023-08-03,29192.3448617767,28237.16
2023-08-04,29057.2532437171,28243.52
2023-08-05,29053.0956975453,28242.86
2023-08-06,29048.0433275862,28246.62
2023-08-07,29164.3585873758,28257.99
2023-08-08,29779.511383986,28314.71
2023-08-09,29582.9442375804,28326.45
2023-08-10,29430.1599117475,28332.62
2023-08-11,29399.784739626,28339.6
2023-08-12,29415.733902104,28378.3
2023-08-13,29286.1176110462,28394.01
2023-08-14,29408.9717127411,28466.62
2023-08-15,29167.59721654,28470.73
2023-08-16,28754.2924079486,28474.15
2023-08-17,26660.5627264757,28382.3
2023-08-18,26037.3658474576,28314.39
2023-08-19,26093.981808007,28345.25
2023-08-20,26176.4721642315,28346.27
2023-08-21,26128.9050160725,28250.78
2023-08-22,25978.2096914085,28200.49
2023-08-23,26452.1935882525,28195.92
2023-08-24,26126.7943331385,28168.06
2023-08-25,26040.881255114,28120.51
2023-08-26,26006.1740800701,28108.67
2023-08-27,26086.3612594974,28100.9
2023-08-28,26103.2765730567,28073.18
2023-08-29,27672.2221306254,28096.06
2023-08-30,27298.997779661,28088.38
2023-08-31,25954.8665935126,28040.55
2023-09-01,25802.7885298071,27998.31
2023-09-02,25868.2960976037,27997.64
2023-09-03,25962.5475689655,28005.11
2023-09-04,25799.5256870251,27990.76
2023-09-05,25782.3622200468,27958.18
2023-09-06,25754.7902676797,27921.21
2023-09-07,26210.6045637054,27919.15
2023-09-08,25904.6982127411,27893.34
2023-09-09,25894.6205976037,27881.98
2023-09-10,25856.26,27869.99
2023-09-11,25135.0393781414,27819.59
2023-09-12,25859.7018068381,27824.76
2023-09-13,26226.8667524839,27817.66
2023-09-14,26556.056943308,27812.97
2023-09-15,26672.6160818235,27816.24
2023-09-16,26555.6361031561,27810.82
2023-09-17,26502.4321189363,27793.12
2023-09-18,26474.89,27783.3
2023-09-19,27215.0504848042,27789.61
2023-09-20,27133.4037235535,27780.82
2023-09-21,26571.5952919345,27790.58
2023-09-22,26581.1476116306,27781.14
2023-09-23,26575.776386616,27774.16
2023-09-24,26286.6410488019,27755.81
2023-09-25,26288.8095005845,27743.49
2023-09-26,26194.5378880772,27730.05
2023-09-27,26336.0825973115,27723.02
2023-09-28,27033.4254415546,27736.7
2023-09-29,26911.2514739918,27740.97
2023-09-30,26977.6933126826,27744.91
2023-10-01,27950.1453594389,27765.91
2023-10-02,27565.8892954413,27780.53
2023-10-03,27439.1422393337,27777.61
2023-10-04,27797.251176505,27810.62
2023-10-05,27426.3450926359,27803.69
2023-10-06,27941.9633760959,27826.74
2023-10-07,27972.7515704266,27832.31
2023-10-08,27936.3261157218,27836.28
2023-10-09,27591.3467618352,27915.17
2023-10-10,27419.7971803039,27906.38
2023-10-11,26828.1725710111,27874.7
2023-10-12,26741.3405990649,27859.64
2023-10-13,26842.4467703098,27847.44
2023-10-14,26861.9892375804,27819.05
2023-10-15,27130.3067092344,27825.17
2023-10-16,28506.7936741671,27893.03
2023-10-17,28433.2051522501,27918.55
2023-10-18,28328.0750195792,27944.08
2023-10-19,28690.358041204,27957.52
2023-10-20,29704.9853673291,28034.99
2023-10-21,29922.5464044418,28062.45
2023-10-22,29984.1593196961,28085.9
2023-10-23,32954.1690482174,28341.67
2023-10-24,33880.9566537113,28640.13
2023-10-25,34488.6589210988,28787.19
2023-10-26,34181.4922521917,28899.84
2023-10-27,33896.938528346,28970.1
2023-10-28,34091.5890327294,29025.2
2023-10-29,34574.3377206312,29073.76
2023-10-30,34495.1050207481,29179.25
2023-10-31,34636.4264736996,29270.22
2023-11-01,35431.9794532437,29424.3
2023-11-02,34882.9173366452,29509.04
2023-11-03,34708.2218804792,29583.82
2023-11-04,35091.0763062537,29629.51
2023-11-05,35105.0420265926,29664.83
2023-11-06,35017.7151484512,29821.09
2023-11-07,35418.4768901227,29890.61
2023-11-08,35797.8946090006,29981.76
2023-11-09,36675.3264333723,30253.3
2023-11-10,37367.4943722969,30383.53
2023-11-11,36979.9312405026,30422.65
2023-11-12,37053.3410514319,30465.65
2023-11-13,36543.2680870836,30515.64
2023-11-14,35590.6835645821,30530.04
2023-11-15,37840.5534894798,30696.34
2023-11-16,36160.4044509059,30747.06
2023-11-17,36569.7120534775,30822.12
2023-11-18,36577.4249617183,30847.89
2023-11-19,37442.7285119813,30909.35
2023-11-20,37516.0503708358,31026.24
2023-11-21,36035.0330862069,31065.48
2023-11-22,37403.0347168323,31230.03
2023-11-23,37311.7192156634,31289.84
2023-11-24,37718.7841630625,31368.63
2023-11-25,37800.1260932203,31425.28
2023-11-26,37482.7055260082,31635.28
2023-11-27,37229.2452197545,31683.86
2023-11-28,37828.4655911748,31773.17
2023-11-29,37846.8531227352,31861.52
2023-11-30,37712.7114789597,31996.73
2023-12-01,38703.5536820573,32132.32
2023-12-02,39462.2799272355,32198.9
2023-12-03,39978.2226104617,32296.14
2023-12-04,41910.2994815897,32649.96
2023-12-05,44067.0054763296,33017.62
2023-12-06,43745.8343907072,33345.66
2023-12-07,43282.6182261835,33539.48
2023-12-08,44205.0522089421,33714.95
2023-12-09,43740.0063927528,33842.23
2023-12-10,43732.7120900059,33913.69
2023-12-11,41209.8947904734,33961.0
2023-12-12,41467.2735698422,34107.52
2023-12-13,42939.0607583285,34309.97
2023-12-14,43033.1371560491,34423.88
2023-12-15,41978.0970195792,34493.18
2023-12-16,42203.2140450029,34507.08
2023-12-17,41428.6657855056,34499.83
2023-12-18,42635.7331911163,34597.27
2023-12-19,42271.863025716,34681.35
2023-12-20,43605.1555549386,34850.99
2023-12-21,43870.2382340736,34977.18
2023-12-22,44009.5016551724,35083.62
2023-12-23,43768.8067518995,35150.83
2023-12-24,43097.8093258329,35213.94
2023-12-25,43623.7504029807,35382.61
2023-12-26,42491.1229079486,35474.22
2023-12-27,43436.9594269433,35653.27
2023-12-28,42670.6797180012,35741.65
2023-12-29,41998.6033442431,35950.25
2023-12-30,42204.4917744009,35992.02
2023-12-31,42217.1587913501,36035.95
2024-01-01,44049.4735534775,36128.29
2024-01-02,44941.160493571,36343.08
2024-01-03,42773.6515423729,36478.22
2024-01-04,44250.7452670953,37413.9
2024-01-05,44146.3222022209,37528.57
2024-01-06,43917.9798147282,37574.54
2024-01-07,43844.195949737,37646.07
2024-01-08,46981.3242995324,37861.68
2024-01-09,46084.005795149,38007.93
2024-01-10,46818.1592764465,38208.36
2024-01-11,46380.8708082992,38359.16
2024-01-12,42817.4305356517,38248.24
2024-01-13,42846.9544699006,38263.07
2024-01-14,41888.1513068381,38256.58
2024-01-15,42528.9192489772,38308.22
2024-01-16,43171.4472241379,38448.39
2024-01-17,42689.304327294,38483.27
2024-01-18,41261.9076177674,38453.23
2024-01-19,41606.8535330216,38507.54
2024-01-20,41668.6904102864,38524.42
2024-01-21,41537.1123562244,38537.42
2024-01-22,39577.0998603156,38470.08
2024-01-23,39737.3143617767,38501.35
2024-01-24,40101.8568980129,38543.81
2024-01-25,39917.6611461134,38633.75
2024-01-26,41860.7310458796,38764.24
2024-01-27,42125.3014155465,38806.44
2024-01-28,41983.0202744009,38833.4
2024-01-29,43218.3470821157,38969.46
2024-01-30,42950.0541277031,39119.43
2024-01-31,42589.4708059614,39278.8
2024-02-01,43020.3596548802,39349.01
2024-02-02,43155.3852030976,39395.44
2024-02-03,42982.3789979544,39424.49
2024-02-04,42576.2913050847,39478.56
2024-02-05,42619.2742738165,39519.0
2024-02-06,43102.7062632963,39600.12
2024-02-07,44253.0314731151,39740.77
2024-02-08,45332.09157218,39881.71
2024-02-09,47176.9665137347,40095.94
2024-02-10,47792.8972156634,40197.75
2024-02-11,48200.7986057861,40301.48
2024-02-12,49989.80371654,40621.46
2024-02-13,49628.0941528346,40777.52
2024-02-14,51844.2929193454,41225.28
2024-02-15,51939.1472919345,41439.88
2024-02-16,52157.3123977206,41603.03
2024-02-17,51674.8158521333,41801.03
2024-02-18,52148.0645365283,41895.24
2024-02-19,51804.8051537113,42049.1
2024-02-20,52308.0531712449,42193.56
2024-02-21,51744.321808007,42379.46
2024-02-22,51292.3252574518,42566.07
2024-02-23,50789.1431759205,42688.13
2024-02-24,51578.2349164231,42760.26
2024-02-25,51746.4789669784,42829.73
2024-02-26,54551.8259184687,43234.96
2024-02-27,57049.888220339,43807.6
2024-02-28,62460.740619813,45374.48
2024-02-29,61394.7818515488,45798.09
2024-03-01,62524.401817066,46359.95
2024-03-02,62049.6145637054,46483.09
2024-03-03,62991.4422913501,46686.12
2024-03-04,68091.8388243717,47485.37
2024-03-05,63950.524329924,47852.63
2024-03-06,66103.7215400351,48919.05
2024-03-07,67070.3791484512,49590.77
2024-03-08,68343.7149552893,50162.6
2024-03-09,68502.5053392753,50374.13
2024-03-10,68882.2513395675,50566.89
2024-03-11,72198.0875341905,51525.31
2024-03-12,71432.7283018702,52059.26
2024-03-13,73081.5759053185,52834.33
2024-03-14,71505.2729076563,53105.12
2024-03-15,69424.9141753361,53350.9
2024-03-16,65433.6819006429,53381.33
2024-03-17,68285.0891691993,53544.6
2024-03-18,67770.8865245471,53902.5
2024-03-19,61969.3075394506,53748.62
2024-03-20,67848.1076396844,54070.03
2024-03-21,65454.7357232612,54125.8
2024-03-22,63486.4849997078,54155.35
2024-03-23,64361.2429047341,54433.1
2024-03-24,67289.5658310929,54544.88
2024-03-25,70042.0204237288,54863.18
2024-03-26,70071.0472144945,55159.92
2024-03-27,69267.8879815897,55292.27
2024-03-28,70826.8968714202,55603.19
2024-03-29,69917.0430070134,55709.55
2024-03-30,69663.0119073641,55845.7
2024-03-31,71227.4517939801,56081.99
2024-04-01,69791.6277305669,56315.25
2024-04-02,65533.7548351841,56398.15
2024-04-03,66130.2162393337,56506.25
2024-04-04,68438.135024547,56642.01
2024-04-05,67904.9094766219,56676.66
2024-04-06,69136.0710783168,56814.38
2024-04-07,69392.6830108124,56894.06
2024-04-08,71712.7972840444,57135.99
2024-04-09,69074.5418638223,57239.21
2024-04-10,70579.4456767972,57354.25
2024-04-11,70046.5536057861,57427.37
2024-04-12,67098.113691993,57461.13
2024-04-13,64551.6482875512,57428.46
2024-04-14,65648.8099602572,57466.56
2024-04-15,63393.325166277,57478.14
2024-04-16,63784.8203340152,57515.22
2024-04-17,61324.2184286967,57468.85
2024-04-18,63510.14500263,57501.32
2024-04-19,63762.6310300994,57573.22
2024-04-20,64907.9928366452,57623.62
2024-04-21,64968.192619813,57670.12
2024-04-22,66944.5960911748,57764.42
2024-04-23,66385.3002919345,58217.31
2024-04-24,64189.9679064874,58398.76
2024-04-25,64515.3874725307,58444.25
2024-04-26,63777.4715002922,58422.88
2024-04-27,63429.3099649328,58450.61
2024-04-28,62978.5770049678,58528.91
2024-04-29,63908.3888766803,58607.13
2024-04-30,60636.3261633548,58626.34
2024-05-01,58141.7772799532,58533.71
2024-05-02,59170.1088936295,58536.36
2024-05-03,62983.6554783752,58639.19
2024-05-04,63881.1305429573,58712.79
2024-05-05,64067.5959918177,58761.72
2024-05-06,63228.1031341321,58813.46
2024-05-07,62396.999720339,58826.33
2024-05-08,61079.27442782,58909.75
2024-05-09,62998.4903381064,58988.16
2024-05-10,60896.6418880772,58994.07
2024-05-11,60843.5729240211,59037.21
2024-05-12,61431.2746879018,59104.4
2024-05-13,62886.9394491526,59195.78
2024-05-14,61555.5670046756,59320.43
2024-05-15,66281.5322542373,59638.84
2024-05-16,65269.2603246639,59744.34
2024-05-17,66956.4409476914,59901.9
2024-05-18,66977.6006914085,59974.79
2024-05-19,66259.4704260666,60057.76
2024-05-20,71202.2025902981,60373.63
2024-05-21,70217.2546914085,60585.15
2024-05-22,69074.9141350088,60757.97
2024-05-23,67758.7306586791,60804.74
2024-05-24,68608.998279661,60848.21
2024-05-25,69282.7925976037,60859.07
2024-05-26,68445.0069532437,60891.61
2024-05-27,69347.815260374,60978.12
2024-05-28,68342.8204488603,61282.48
2024-05-29,67584.2632402104,61315.31
2024-05-30,68375.4760260082,61483.25
2024-05-31,67377.7626122151,61529.84
2024-06-01,67714.3526399766,61575.53
2024-06-02,67805.4855742256,61632.49
2024-06-03,68833.3028351841,61771.45
2024-06-04,70554.0894330801,61904.97
2024-06-05,71087.4433158971,62036.58
2024-06-06,70788.5013755114,62204.29
2024-06-07,69338.1573240795,62254.31
2024-06-08,69310.1092618352,62301.47
2024-06-09,69644.0190894214,62369.37
2024-06-10,69465.9362478083,62477.36
2024-06-11,67368.263506429,62513.18
2024-06-12,68213.8346838106,63368.63
2024-06-13,66783.4902767388,63389.46
2024-06-14,65982.1865195792,63417.2
2024-06-15,66204.904308007,63512.97
2024-06-16,66622.5999336645,63554.03
2024-06-17,66483.8785260082,63612.62
2024-06-18,65112.1230020456,63541.79
2024-06-19,64878.7141525424,63605.15
2024-06-20,64897.7011542957,64026.99
2024-06-21,64086.0489228521,63593.5
2024-06-22,64258.135506429,64332.22
2024-06-23,63345.0218760959,63701.55
2024-06-24,60258.9554374635,63667.32
2024-06-25,61739.6658477498,64181.66
2024-06-26,60794.4760584454,63653.13
2024-06-27,61569.9234275278,64299.77
2024-06-28,60303.3147364115,63536.04
2024-06-29,60889.3298430742,64332.78
2024-06-30,62763.2796861485,64353.55
2024-07-01,62835.3997647575,64406.18
2024-07-02,62028.6170385739,63846.26
2024-07-03,60216.3920859147,63908.91
2024-07-04,57418.2420213326,63679.24
2024-07-05,56720.9881256575,63965.74
2024-07-06,58259.221773232,63411.03
2024-07-07,56112.5725587376,63362.54
2024-07-08,56691.9149061952,63301.44
2024-07-09,57981.4320967271,63273.05
2024-07-10,57722.0113527177,63260.33
2024-07-11,57307.712738457,63389.28
2024-07-12,57859.1202819988,63409.0
2024-07-13,59329.0372016365,63254.88
2024-07-14,61015.0339412624,63496.32
2024-07-15,64734.7611697837,63672.13
2024-07-16,65118.8266583869,63770.77
2024-07-17,64201.3707805377,63816.1
2024-07-18,63984.3022022209,63923.8
2024-07-19,66755.7833828171,64001.3
2024-07-20,67185.4978112215,64120.51
2024-07-21,68056.6201215663,64079.14
2024-07-22,67535.1976738749,64264.49
2024-07-23,65916.4081616014,64214.93
2024-07-24,65353.3857784921,64254.29
2024-07-25,65722.0611917007,64351.72
2024-07-26,67912.2433091759,64514.81
2024-07-27,68077.3730812391,64593.66
2024-07-28,68170.6691309176,64489.35
2024-07-29,66867.167277031,64763.73
2024-07-30,66186.9146861484,64592.11
2024-07-31,64690.6340385739,64801.5
2024-08-01,65178.0554891876,64674.33
2024-08-02,61506.7698877849,64842.9
2024-08-03,60688.2444272355,64821.06
2024-08-04,58306.2644786675,64480.37
2024-08-05,54343.6276773816,63959.74
2024-08-06,56047.4712866744,64021.91
2024-08-07,55129.7410376973,63845.12
2024-08-08,61908.7896724138,63902.19
2024-08-09,60720.9407594974,63923.76
2024-08-10,60871.5550727645,64024.04
2024-08-11,58836.1043722969,63961.85
2024-08-12,59394.1629538282,63939.43
2024-08-13,60536.2457846289,63603.16
2024-08-14,58840.6466797195,63705.28
2024-08-15,57644.1876879018,63289.97
2024-08-16,58927.2765087668,63545.64
2024-08-17,59414.6743351841,63542.58
2024-08-18,58793.2061458212,63321.67
2024-08-19,59411.5190169492,63295.32
2024-08-20,59123.3002662186,62979.38
2024-08-21,61133.0256493279,63052.69
2024-08-22,60394.4737749854,62959.66
2024-08-23,64106.8029152543,62987.8
2024-08-24,64023.226703682,63076.48
2024-08-25,64498.0183413209,63249.62
2024-08-26,62983.4427729398,63097.46
2024-08-27,59548.0076215663,62873.92
2024-08-28,59100.7747548217,62798.0
2024-08-29,59339.7909947399,62745.65
2024-08-30,59142.9399640561,62664.92
2024-08-31,58959.926273232,62612.9
2024-09-01,57349.0807180012,62526.37
2024-09-02,59159.0238877849,62497.5
2024-09-03,57637.7754444769,62352.48
2024-09-04,58033.3989704851,62292.89
2024-09-05,56112.9529400935,62153.56
2024-09-06,53838.9534623028,61981.32
2024-09-07,54066.4399248977,61928.33
2024-09-08,54859.2584082408,61883.01
2024-09-09,57135.7814371712,61871.65
2024-09-10,57664.4998214494,61810.69
2024-09-11,57409.1950663355,61734.93
2024-09-12,58124.6418065459,61718.14
2024-09-13,60536.8814503215,61769.25
2024-09-14,60007.1702507306,61763.73
2024-09-15,59129.9197536528,61737.83
2024-09-16,58227.46421654,61654.48
2024-09-17,60238.2177255991,61675.56
2024-09-18,61306.2337317358,61728.19
2024-09-19,62994.6096528346,62185.17
2024-09-20,63153.9518270018,62285.7
2024-09-21,63367.7296078317,62327.26
2024-09-22,63571.9521729983,62330.78
2024-09-23,63336.0126347165,62364.39
2024-09-24,64342.7891113384,62470.57
2024-09-25,63059.6269167154,62495.87
2024-09-26,65057.7861461134,62600.56
2024-09-27,65767.7132542373,62691.83
2024-09-28,65770.5276478667,62704.37
2024-09-29,65617.7610689655,62710.15
2024-09-30,63260.0425482174,62678.75
2024-10-01,60858.2487086499,62524.07
2024-10-02,60686.0993135593,62463.03
2024-10-03,60765.2367498539,62412.98
2024-10-04,62052.5100496785,62435.26
2024-10-05,62030.4538977206,62426.05
2024-10-06,62789.8814555815,62434.06
2024-10-07,62416.508829924,62437.14
2024-10-08,62126.3273769725,62440.29
2024-10-09,60615.2581917008,62354.81
2024-10-10,60221.1172869667,62288.76
2024-10-11,62462.539962595,62343.27
2024-10-12,63202.8806992987,62364.31
2024-10-13,62759.431113384,62362.32
2024-10-14,66089.7587410871,62530.05
2024-10-15,66933.974833723,62729.97
2024-10-16,67662.9534038574,62852.39
2024-10-17,67337.9075482174,62924.79
2024-10-18,68390.5375625365,63042.82
2024-10-19,68357.8982963179,63100.0
2024-10-20,69012.3532089421,63187.28
2024-10-21,67440.4625058445,63220.19
2024-10-22,67425.7553211572,63296.29
2024-10-23,66647.2866642315,63312.48
2024-10-24,68130.9948369374,63392.85
2024-10-25,66261.5376861485,63385.91
2024-10-26,67023.3399611338,63524.22
2024-10-27,68000.1475008767,63642.6
2024-10-28,69862.5205470485,64004.7
2024-10-29,72678.7866201052,64137.42
2024-10-30,72450.2843819404,64210.4
2024-10-31,70367.0819576271,64229.76
2024-11-01,69483.5830303916,64222.81
2024-11-02,69241.6794865576,64172.14
2024-11-03,68742.7546227352,64179.43
2024-11-04,67779.0969795441,64182.84
2024-11-05,69538.0241729982,64286.77
2024-11-06,75696.0366192285,64870.67
2024-11-07,75972.2955546464,65108.39
2024-11-08,76507.4474012273,65452.74
2024-11-09,76799.2527469316,65539.07
2024-11-10,80409.2865666277,65906.01
2024-11-11,88859.998448568,67104.39
2024-11-12,88048.7488877849,67843.1
2024-11-13,90369.3819693162,68733.78
2024-11-14,87204.2569827586,69336.89
2024-11-15,91139.0844427236,69953.83
2024-11-16,90567.6957568673,70124.63
2024-11-17,89732.9704292811,70201.74
2024-11-18,90587.6965534775,70581.33
2024-11-19,92254.1385800701,70923.36
2024-11-20,94160.0406858562,71522.18
2024-11-21,98545.5688798948,72669.65
2024-11-22,98938.3495450029,73432.87
2024-11-23,97707.0484590883,73972.64
2024-11-24,97980.2082819988,74308.03
2024-11-25,93343.0290745178,74547.03
2024-11-26,91875.5699593805,74684.35
2024-11-27,95989.0802273524,74998.43
2024-11-28,95737.9402822911,75166.32
2024-11-29,97398.9417399182,75602.27
2024-11-30,96463.6248980129,75699.59
2024-12-01,97469.6044529515,75856.35
2024-12-02,95726.4417258913,76197.15
2024-12-03,96010.8774228521,76495.21
2024-12-04,98920.2528255406,77273.32
2024-12-05,96949.6644117475,78192.61
2024-12-06,99953.1056580947,79603.6
2024-12-07,99977.7002282291,79740.32
2024-12-08,100798.98356429,79897.01
2024-12-09,97390.1988597311,80845.38
2024-12-10,96835.5017387493,81334.82
2024-12-11,101310.201899766,81772.65
2024-12-12,100090.890479544,82287.18
2024-12-13,101289.823976914,82573.63
2024-12-14,101366.87166803,82747.51
2024-12-15,104551.367141146,82998.59
2024-12-16,105855.672229982,83653.4
2024-12-17,106115.910582992,84220.78
2024-12-18,100469.770656926,84281.83
2024-12-19,97697.045779661,84690.09
2024-12-20,97617.4422051432,84957.03
2024-12-21,97093.0190832846,84984.42
2024-12-22,95149.1058252484,85016.65
2024-12-23,94800.7562060199,85182.29
2024-12-24,98637.7330543542,85433.95
2024-12-25,99235.3678869082,85488.66
2024-12-26,95628.3030902981,85583.08
2024-12-27,94219.9821461134,85590.43
2024-12-28,95123.5811098773,85643.15
2024-12-29,93457.5783202806,85663.8
2024-12-30,92523.163085038,85808.84
2024-12-31,93389.7326016949,85933.06
2025-01-01,94455.7965718878,86019.86
2025-01-02,96851.393682934,86143.4
2025-01-03,98120.6846759205,86279.25
2025-01-04,98230.0478571011,86484.97
2025-01-05,98414.8120964348,86552.03
2025-01-06,102179.560366745,86816.55
2025-01-07,96974.9957857978,86922.63
2025-01-08,95039.2809210988,86983.58
2025-01-09,92346.1691589714,86942.64
2025-01-10,94759.1196358854,87020.2
2025-01-11,94606.5080099357,87075.45
2025-01-12,94353.7752586207,87284.0
2025-01-13,94375.7299102864,87394.01
2025-01-14,96569.475726768,87546.01
2025-01-15,100172.405985096,87781.1
2025-01-16,99977.7298234951,88002.26
2025-01-17,104296.588034191,88298.76
2025-01-18,104398.156261251,88477.55
2025-01-19,100954.572281999,88524.4
2025-01-20,102588.998699006,88701.08
2025-01-21,105987.888705435,89007.85
2025-01-22,103791.128861485,89227.08
2025-01-23,104184.616743717,89558.66
2025-01-24,104716.12488194,89675.29
2025-01-25,104866.085348919,89774.92
2025-01-26,102833.369273232,89824.37
2025-01-27,101907.44629661,89997.85
2025-01-28,101138.144066043,90070.19
2025-01-29,103918.795458796,90173.65
2025-01-30,104987.446410871,90299.3
2025-01-31,102263.043670953,90404.41
2025-02-01,100610.290439801,90431.2
2025-02-02,97424.7809000584,90438.49
2025-02-03,101582.408702221,90893.47
2025-02-04,97848.1497592051,90999.19
2025-02-05,97599.99,91033.91
2025-02-06,96541.3006811806,91088.2
2025-02-07,96384.1109836353,91082.01
2025-02-08,96603.318157218,91116.22
2025-02-09,96309.7532405026,91242.32
2025-02-10,97375.2253535944,91378.47
2025-02-11,95806.2580385739,91415.73
2025-02-12,97756.4976548802,91533.16
2025-02-13,96534.7406332554,91616.82
2025-02-14,97414.3589821742,91686.15
2025-02-15,97583.2431767972,91755.62
2025-02-16,96182.2661706604,91824.47
2025-02-17,95790.5109985389,91915.16
2025-02-18,95444.031886616,92009.39
2025-02-19,96647.9132977791,92156.3
2025-02-20,98392.2197247224,92396.03
2025-02-21,96048.9937247224,92436.51
2025-02-22,96605.7091057861,92564.82
2025-02-23,96091.6329774985,92796.66
2025-02-24,91869.6543430742,92846.82
2025-02-25,88769.7356265342,92681.83
2025-02-26,83987.89564173,92274.46
2025-02-27,84625.4191364699,92151.07
2025-02-28,84243.7779114553,91891.31
2025-03-01,85844.3685628288,91838.21
2025-03-02,94328.0094444769,91963.9
2025-03-03,86315.9305511397,91753.76
2025-03-04,87323.690650789,91761.58
2025-03-05,90619.4090976038,91771.06
2025-03-06,90222.0693275862,91748.62
2025-03-07,86553.5921937464,91638.96
2025-03-08,86171.2789362946,91600.53
2025-03-09,80647.7964108709,91498.78
2025-03-10,79005.9601291642,91239.82
2025-03-11,82747.1601917008,91165.21
2025-03-12,83630.1581101695,91072.52
2025-03-13,81110.2890490941,90964.51
2025-03-14,84105.8335517241,90962.26
2025-03-15,84352.8773018703,90986.58
2025-03-16,82492.1028287551,91070.6
2025-03-17,84013.947518118,91868.62
2025-03-18,82680.8065514319,92276.73
2025-03-19,86774.23507218,92532.76
2025-03-20,84124.9712878434,92889.72
2025-03-21,84069.4081800117,92930.46
2025-03-22,83821.220305377,92957.07
2025-03-23,85760.8814506137,93062.26
2025-03-24,87322.5718568089,93171.39
2025-03-25,87422.8426084161,93208.92
2025-03-26,86836.6760955582,93217.14
2025-03-27,87211.3240169492,93239.69
2025-03-28,84309.0783550555,93125.1
2025-03-29,82497.1792472238,93076.39
2025-03-30,82216.4666765049,93041.55
2025-03-31,82461.4496279953,92987.46
2025-04-01,85226.7137936879,93029.27
2025-04-02,82555.631296318,92912.18
2025-04-03,82931.697399474,92861.98
2025-04-04,83774.1797375804,92831.98
2025-04-05,83302.1715756867,92810.34
2025-04-06,77949.0884926943,92683.1
2025-04-07,79421.8044105786,92441.9
2025-04-08,76351.4295303916,92262.74
2025-04-09,82720.6034891876,92254.53
2025-04-10,79558.9558252484,92069.41
2025-04-11,83359.8995157802,92005.09
2025-04-12,85269.2495119813,92043.84
2025-04-13,83568.9544360023,92043.54
2025-04-14,84589.0324135009,92111.47
2025-04-15,83671.3439713618,91974.34
2025-04-16,84151.5357562829,91963.64
2025-04-17,84940.5838538866,91987.86
2025-04-18,84434.7727463472,91965.45
2025-04-19,85124.721496201,91945.68
2025-04-20,85101.7461545879,91910.02
2025-04-21,87360.7198933372,91939.5
2025-04-22,93495.6106890707,92131.4
2025-04-23,93695.7404772063,92235.83
2025-04-24,93849.8817790766,92290.62
2025-04-25,94771.4128007014,92618.87
2025-04-26,94694.5111014027,92635.88
2025-04-27,93812.876534775,92642.14
2025-04-28,95066.0211867329,92722.84
2025-04-29,94102.8403024547,92735.59
2025-04-30,94236.7325143191,92747.57
2025-05-01,96411.7422635885,92771.05
2025-05-02,96842.1021057861,92841.92
2025-05-03,95943.61135301,92832.89
2025-05-04,94377.7899196376,92826.23
2025-05-05,94853.7298594389,92906.09
2025-05-06,96677.9245029223,93008.03
2025-05-07,97137.3757086499,93137.12
2025-05-08,103069.539295733,93390.54
2025-05-09,102940.802949445,93652.88
2025-05-10,104582.821806254,93752.88
2025-05-11,103976.137798948,93814.03
2025-05-12,102920.074689071,93934.61
2025-05-13,104145.711825248,94164.44
2025-05-14,103572.719642022,94197.47
2025-05-15,103716.283947399,94121.63
2025-05-16,103566.269191116,94229.72
2025-05-17,103190.041364991,94256.06
2025-05-18,106015.689848919,94226.5
2025-05-19,105615.828960257,94345.93
2025-05-20,106893.330247516,94501.37
2025-05-21,109704.855619521,94782.19
2025-05-22,111477.014787843,95201.07
2025-05-23,107291.888969901,95251.7
2025-05-24,107917.328289304,95254.49
2025-05-25,108914.876558445,95190.49
2025-05-26,109371.985172122,95221.0
2025-05-27,109066.345636762,95489.16
2025-05-28,107895.402399474,95681.5
2025-05-29,105732.957892168,95716.76
2025-05-30,103981.302957919,95747.44
2025-05-31,104708.964150205,95764.52
2025-06-01,105750.15972443,95795.51
2025-06-02,105899.696926651,95955.26
2025-06-03,105483.98555114,96003.94
2025-06-04,104782.844900351,96051.2
2025-06-05,101669.190496785,95955.52
2025-06-06,104421.051549094,96021.69
2025-06-07,105685.250402104,96096.38
2025-06-08,105727.739632379,96165.9
2025-06-09,110198.15871391,96411.58
2025-06-10,110074.119081824,96687.79
2025-06-11,108645.785558153,96766.72
2025-06-12,105998.985830801,96764.35
2025-06-13,106024.822087376,96862.09
2025-06-14,105467.108742256,96879.94
2025-06-15,105512.797437756,96896.43
2025-06-16,107243.933345997,97135.85
2025-06-17,104628.396527469,97167.81
2025-06-18,104813.367028638,97254.5
2025-06-19,104709.720767095,97339.04
2025-06-20,103274.958839567,97357.14
2025-06-21,101548.196381648,97456.67
2025-06-22,100899.234151958,97382.53
2025-06-23,105496.947495324,97543.62
2025-06-24,105964.065136762,97639.05
2025-06-25,107305.065199591,97841.87
2025-06-26,107012.822824079,97968.92
2025-06-27,107090.95905114,98066.18
2025-06-28,107357.617171245,98092.11
2025-06-29,108360.901696376,98172.66
2025-06-30,107153.101135885,98292.03
2025-07-01,105566.356597896,98289.81
2025-07-02,108927.13451841,98376.55
2025-07-03,109632.159126826,98533.04
2025-07-04,108081.395758621,98797.16
2025-07-05,108244.788813852,98819.56
2025-07-06,109180.005545587,98864.18
2025-07-07,108249.401004091,98950.33
2025-07-08,108956.631703098,99059.26
2025-07-09,111416.806720047,99249.87
2025-07-10,115873.903783752,99558.04
2025-07-11,117618.605087084,100082.25
2025-07-12,117382.372540912,100228.05
2025-07-13,118899.737107832,100369.91
2025-07-14,119871.096197838,101038.99
2025-07-15,117710.89100789,101270.44
2025-07-16,118730.187791642,102102.85
2025-07-17,119501.663770894,102757.07
2025-07-18,117958.511213033,102933.45
2025-07-19,117908.52473232,103040.93
2025-07-20,117305.680953828,103110.37
2025-07-21,117432.435634717,103401.86
2025-07-22,120068.00578872,103742.54
2025-07-23,118650.587165693,103962.32
2025-07-24,118377.081936879,104137.73
2025-07-25,117520.17335038,104265.98
2025-07-26,117983.204598773,104353.66
2025-07-27,119438.164235535,104455.39
2025-07-28,118022.637320281,104571.42
2025-07-29,117871.370895383,104770.83
2025-07-30,117732.643660725,104901.03
2025-07-31,115848.339985096,104865.1
2025-08-01,113282.144336061,104832.21
2025-08-02,112545.673659264,104808.18
2025-08-03,114263.693947691,104885.04
2025-08-04,115199.933659264,105019.94
2025-08-05,114111.36101841,105128.82
2025-08-06,115034.678748977,105198.79
2025-08-07,117444.913924313,105491.8
2025-08-08,116740.687720923,105685.81
2025-08-09,116511.655739375,105740.39
2025-08-10,119189.198160275,105890.12
2025-08-11,118742.043048644,106051.67
2025-08-12,120154.32493507,106387.12
2025-08-13,123442.67982225,106762.55
2025-08-14,118510.27128083,106869.75
2025-08-15,117311.209947715,107004.43
2025-08-16,117462.42684623,107125.28
2025-08-17,117601.952231888,107184.71
2025-08-18,116312.914397989,107484.01
2025-08-19,112886.10147543,107743.59
2025-08-20,114277.320860316,108591.27
2025-08-21,112347.102298302,108771.23
2025-08-22,116800.977035073,108859.42
2025-08-23,115280.444723834,108855.6
2025-08-25,110089.533314144,108804.2
2025-08-26,111895.295495307,108961.14
2025-08-27,111252.307236061,109023.98
2025-08-28,112481.152904109,108847.95
2025-08-29,108473.330441642,108924.26
2025-08-30,108746.150824851,109000.89
2025-08-31,108316.44689481,109000.89
2025-09-01,108992.324614863,109061.57
2025-09-02,111140.947159836,109135.62
2025-09-03,111780.743587376,109360.0
2025-09-04,110900.633412981,109581.2
2025-09-05,110711.229484804,109681.57
2025-09-06,110243.650741672,109714.38
2025-09-07,111307.784421087,109802.8
2025-09-08,112112.311575102,109953.77
2025-09-09,111486.396779836,110117.64
2025-09-10,113930.748423437,110314.28
2025-09-11,115445.812932648,110539.96
2025-09-12,116149.174031958,110684.69
2025-09-13,115965.627551268,110730.54
2025-09-14,115395.933423437,110782.46
2025-09-15,115420.931814144,110923.03
2025-09-16,116798.874620164,111026.08
2025-09-17,116575.777628866,111186.62
2025-09-18,117014.426762174,111342.6
2025-09-19,115612.372541695,111392.38
2025-09-20,115753.165960549,111434.18
2025-09-21,115320.858829047,111348.9
2025-09-22,112727.70773813,111395.63
2025-09-23,112052.393282022,111514.5
2025-09-24,113324.623592192,111536.0
2025-09-25,109166.347974874,111517.76
2025-09-26,109669.102166861,111589.81
2025-09-27,109644.73069287,110955.78
2025-09-28,112170.00778609,111041.91
2025-09-29,114341.141435418,111217.75
2025-09-30,113971.742796902,110853.34
2025-10-01,118393.270386324,111187.24
2025-10-02,120558.594007013,111470.02
2025-10-03,122348.127640269,111775.12
2025-10-04,122379.744317651,111874.15
2025-10-05,123523.768313852,112024.83
2025-10-06,124824.453666861,112290.53
2025-10-07,121587.699236704,112390.39
2025-10-08,123390.353094682,112737.14
2025-10-09,121603.33278609,113515.69
2025-10-10,113754.852328171,113327.61
2025-10-11,110940.113648159,113272.25
2025-10-12,115152.917045003,113400.72
2025-10-13,115332.252929573,113463.34
2025-10-14,113327.079410286,113385.57
2025-10-15,110862.872485389,113215.08
2025-10-16,108135.049605786,113104.5
2025-10-17,106625.668651373,112952.93
2025-10-18,107143.913935126,112931.09
2025-10-19,108706.663763881,112950.38
2025-10-20,110640.249515488,112992.07
2025-10-21,108700.382071888,112938.85
2025-10-22,107667.630188486,112859.96
2025-10-23,110060.936797195,112933.32
2025-10-24,111024.94314699,112867.33
2025-10-25,111614.535857686,112874.33
2025-10-26,114557.100460549,112974.95
2025-10-27,114087.773805085,113042.41
2025-10-28,112980.685846289,113050.34
2025-10-29,110206.347983051,113010.79
2025-10-30,108019.723841905,112912.66
2025-10-31,109554.239627703,112850.44
2025-11-01,110005.295855348,112867.24
2025-11-02,110389.168627119,112882.82
2025-11-03,106495.802789889,112757.39
2025-11-04,101349.73723232,112373.8
2025-11-05,103915.88479135,112277.03
2025-11-06,101241.573677966,112078.77
2025-11-07,103428.471746932,111856.87
2025-11-08,102335.021439217,111797.97
2025-11-09,104685.54544097,111843.12
2025-11-10,106082.478156926,111009.2
2025-11-11,102974.405611631,110762.44
2025-11-12,101682.126652835,110638.95
2025-11-13,100035.310145237,110336.58
2025-11-14,94502.5476025716,109754.78
2025-11-15,95541.3158389831,109738.2
2025-11-16,94182.3130996493,108638.97
2025-11-17,91911.4713471654,108222.78
2025-11-18,92836.4419111631,107720.34
2025-11-19,91320.4811332554,107371.5
2025-11-20,86911.2980590298,106866.03
2025-11-21,84948.0463205727,106135.93
2025-11-22,84775.0015452952,106053.41
2025-11-23,86872.4546630625,105444.83
2025-11-24,88377.6024421391,105331.88
2025-11-25,87434.550610754,104199.53
2025-11-26,90449.2770675044,104046.48
2025-11-27,91336.2000452952,103867.08
2025-11-28,90990.1266104617,103773.31
2025-11-29,90842.0738243717,103734.78
2025-11-30,90607.7021513735,103669.89
2025-12-01,86504.6368156049,103414.57
2025-12-02,91528.0245809468,103365.01
2025-12-03,93609.0938658679,103225.66
2025-12-04,92205.5929544126,103145.73
2025-12-05,89279.8344634717,102839.15
2025-12-06,89169.5570610754,102795.29
2025-12-07,90067.847399474,102746.64
2025-12-08,90673.1444436003,102519.71
2025-12-09,92808.8518477498,102495.26
2025-12-10,92102.9300917592,102255.44
2025-12-11,92623.7198708358,102170.77
2025-12-12,90331.6083091759,102009.14
2025-12-13,90245.267264173,101965.95
2025-12-14,88096.3826142607,101897.07
2025-12-15,86352.5802565751,101663.3
2025-12-16,87752.4290336061,101496.34
2025-12-17,86059.5522241379,101308.94
2025-12-18,85434.1928673291,101147.1
2025-12-19,88168.0738325541,101048.87
2025-12-20,88292.4536373466,100915.48
2025-12-21,88533.4309830508,100813.79
2025-12-22,88474.4622331969,100690.47
2025-12-23,87365.9937872589,100440.42
2025-12-24,87625.6707895967,100239.62
2025-12-25,87231.3047685564,100133.5
2025-12-26,87334.8077808299,99915.85
2025-12-27,87695.4159076564,99883.16
2025-12-28,87747.6491548802,99787.4
2025-12-29,87133.5103991818,99315.85
2025-12-30,88428.4922735243,98882.75
2025-12-31,87516.9780376972,98671.34
2026-01-01,88684.2178474576,98677.37
2026-01-02,89940.1801671537,98519.45
2026-01-03,90598.1301832262,98468.14
2026-01-04,91359.7636823495,98447.65
2026-01-05,93948.5821794272,98469.65
2026-01-06,93574.2871122151,98469.65
2026-01-07,91208.9562606663,98285.61
2026-01-08,91096.9161554647,98210.97
2026-01-09,90539.6032288136,97995.24
2026-01-10,90406.1424114553,97891.25
2026-01-11,90717.2063153127,97813.43
2026-01-12,91141.1498489188,97757.12
2026-01-13,95304.4982942724,97742.54
2026-01-14,97043.9927258913,97757.47
2026-01-15,95546.1397381648,97754.71
2026-01-16,95489.1299602572,97622.41
2026-01-17,95106.980462595,97552.0
2026-01-18,94261.3294313267,97569.31
2026-01-19,92526.2419643483,97445.24
2026-01-20,88236.5631922852,97294.01
2026-01-21,89599.361874927,97049.42
2026-01-22,89395.700735827,96933.76
2026-01-23,89439.7718909994,95992.82
2026-01-24,89185.0386990064,95922.05
2026-01-25,86445.6705926359,95762.31
2026-01-26,88337.4545511397,95695.78
2026-01-27,89260.3805397429,95658.68
2026-01-28,89177.7892507306,95567.51
2026-01-29,84520.3973106371,95371.04
2026-01-30,84017.0340292227,95101.89
2026-01-31,78702.38550263,94747.6
2026-02-01,76911.0523772648,94698.81
2026-02-02,78716.6018088837,94329.48
2026-02-03,75684.7660277616,93952.95
2026-02-04,73095.1914646406,93497.1
2026-02-05,63494.6884456458,92463.87
2026-02-06,70647.6982188778,91856.8
2026-02-07,69166.2594424313,91434.16
2026-02-08,70522.5892393337,91460.68
2026-02-09,70244.1017773232,91185.42
2026-02-10,68688.793113384,91004.81
2026-02-11,66989.7165920514,90648.23
2026-02-12,66221.5443115137,90271.37
2026-02-13,68860.8411633548,90393.53
2026-02-14,69798.0791253653,89929.29
2026-02-15,68629.9599760374,89970.18
2026-02-16,68747.4380286383,90368.3
2026-02-17,67471.0508465809,89697.9
2026-02-18,66380.7069611339,89783.64
2026-02-19,66932.3522118644,88896.65
2026-02-20,67977.3092612507,88706.76
2026-02-21,68020.6677612507,88555.59
2026-02-22,67550.0240768556,88361.36
2026-02-23,64689.9123308007,88124.14
2026-02-24,64123.7510780245,87765.49
2026-02-25,68038.5221794272,87598.56
2026-02-26,67519.2645292227,87417.86
2026-02-27,65864.1358170661,87080.91
2026-02-28,66965.6353091759,86926.47
2026-03-01,65733.5212597896,86923.28
2026-03-02,68922.6242974869,86839.83
2026-03-03,68431.1740306838,87180.52
2026-03-04,72667.4630575687,86607.74
2026-03-05,70987.427176505,86540.59
2026-03-06,68226.7053927528,86173.01
2026-03-07,67315.5529135009,85970.58
2026-03-08,66202.6978731736,85798.55
2026-03-09,68528.5384699007,85704.4
2026-03-10,69891.8238576856,85710.8
2026-03-11,70298.5753530099,85654.37
2026-03-12,70538.1074623027,85492.35
2026-03-13,70930.0132793688,85592.17
2026-03-14,71136.2179199299,85507.74
2026-03-15,72712.1461957919,85502.62
2026-03-16,74723.9575534775,85558.69
2026-03-17,74086.013609585,85441.91
2026-03-18,71253.9579275278,85196.23
2026-03-19,69948.9048267095,84911.4
2026-03-20,70510.4196797194,84663.7
2026-03-21,69707.285009059,84621.28
2026-03-22,68018.1534815897,84475.24
2026-03-23,70726.2110461718,84306.14
2026-03-24,70610.0187121566,84151.08
2026-03-25,71281.2973921683,83966.6
2026-03-26,68722.9718366452,83760.34
2026-03-27,66214.1715134424,83494.08
2026-03-28,66351.0725251315,83355.47
2026-03-29,65966.7523939217,83257.48
2026-03-30,66651.2320037989,83010.06
2026-03-31,68214.8680388662,82831.5
2026-04-01,68116.8167933957,82606.67
2026-04-02,66908.3179918177,82254.93
2026-04-03,66891.7422279369,82055.25
2026-04-04,67295.1309137931,81975.43
2026-04-05,68921.8060911748,81879.63
2026-04-06,68742.9133085915,81813.4
2026-04-07,72057.1243614845,81670.41
2026-04-08,71085.0583702513,81594.47
2026-04-09,71788.6797825833,81417.57
2026-04-10,72945.0707241379,81552.59
2026-04-11,73119.1091168907,81204.69
2026-04-12,70685.3697019287,81091.84
2026-04-13,74632.7455856224,81152.33
2026-04-14,74173.5083603156,81111.31
2026-04-15,74761.964654588,80989.15
2026-04-16,75095.7442159556,80889.25
2026-04-17,77114.481438048,80896.8
2026-04-18,75792.0637510228,80776.61
2026-04-19,73905.2041016949,80774.45
2026-04-20,75814.1453237873,80726.07
2026-04-21,76107.4432977791,80553.66
2026-04-22,78317.7422720631,80535.91
2026-04-23,78233.6837492694,80459.54
2026-04-24,77444.269277031,80024.21
2026-04-25,77624.7114821742,79938.63
2026-04-26,78538.7733573933,79248.85
2026-04-27,77256.297159848,79016.78
2026-04-28,76295.531117183,78983.87
2026-04-29,75795.0098530099,78936.63
2026-04-30,76299.6161285798,78898.4
2026-05-01,78132.6437852133,78928.95
2026-05-02,78712.5387317358,78915.98
2026-05-03,78649.1732893045,78912.07
2026-05-04,79826.107817066,79026.84
2026-05-05,80936.7548252484,79136.03
2026-05-06,81364.6201285798,79172.96
2026-05-07,79988.9987343659,79122.79
2026-05-08,80179.6922957335,79076.17
2026-05-09,80663.6296519579,78937.33
2026-05-10,82256.781137931,78933.51
2026-05-11,81714.7420499708,78976.63
2026-05-12,80525.563024547,78885.51
2026-05-13,79291.9110017534,78803.99
2026-05-14,81175.8271116306,78717.55
2026-05-15,79063.4145756868,78687.36
2026-05-16,78164.4952711864,78582.76
2026-05-17,77497.697113384,78550.78
2026-05-18,76975.9111998831,78478.73
2026-05-19,76807.460956166,78332.74
2026-05-20,77408.1722089421,78211.16
2026-05-21,77595.3861717446,78279.47
2026-05-22,75567.5430431093,78206.63
2026-05-23,76619.8666090415,78136.28
2026-05-24,76950.9896316365,78100.65
2026-05-25,77244.5722896786,78102.89
2026-05-26,75816.0412797019,78027.57
2026-05-27,74268.7756418995,77911.99
2026-05-28,73500.5305338925,77509.98
2026-05-29,73322.8951406751,77366.83
2026-05-30,73731.4811337376,77253.88
2026-05-31,73599.5607413209,77238.34
2026-06-01,71328.7312172998,76988.52
2026-06-02,66540.6926785798,76557.23
2026-06-03,64232.5802701052,76000.95
2026-06-04,63639.2504696786,75519.85
2026-06-05,60907.6055536879,75090.16
2026-06-06,60771.611314325,74585.28
2026-06-07,63158.25397737,74746.6
2026-06-08,63109.6166975745,74715.66
2026-06-09,61640.4602024664,74544.09
2026-06-10,61435.0773408358,74080.18
2026-06-11,63475.3191592987,73420.27
2026-06-12,63475.6376139684,73411.75
2026-06-13,64423.5445433314,73250.78
2026-06-14,65615.3266107481,73017.34
2026-06-15,66222.5866309585,72899.86
2026-06-16,65638.1446884863,72701.29
2026-06-17,64400.725126242,72467.51
2026-06-18,62835.2224827586,72181.84
2026-06-19,63307.2784012274,71989.88
2026-06-20,64220.5363933372,71711.48
2026-06-21,63365.4368950906,71552.15
2026-06-22,63923.5748693746,71512.34
2026-06-23,62593.34893045,71317.74
2026-06-24,60908.1877729398,71040.39
2026-06-25,59863.4211537113,70651.08
2026-06-26,59961.5113755114,70287.93
2026-06-27,59955.5660201637,70148.32
2026-06-28,59516.6736531268,70093.7
2026-06-29,60175.460563121,69911.62
2026-06-30,58525.0753614845,69551.96
2026-07-01,60065.5999105786,69450.36
2026-07-02,61438.1894114553,69349.47
2026-07-03,62564.6141320865,69233.23
2026-07-04,63090.4092688486,69113.44
2026-07-05,63619.8810414962,69142.19
2026-07-06,64063.0612583285,69142.28
2026-07-07,63458.1205143191,69058.25
2026-07-08,62214.0424511981,68882.26
2026-07-09,63189.3864307423,68895.15
2026-07-10,64118.6200949737,68722.66
2026-07-11,63892.7086899474,68768.38
2026-07-12,63752.2716569258,68739.21
2026-07-13,62126.5323722969,68152.97
2026-07-14,64934.4426034483,68175.69
2026-07-15,64765.0553211572,68174.86
2026-07-16,63780.1417434249,68143.8
2026-07-17,63915.9181496201,68076.04
2026-07-18,64777.6617481005,68039.22
2026-07-19,64653.0497457627,68064.14
2026-07-20,65181.9241548802,68084.23
2026-07-21,66403.0964649328,68189.21
2026-07-22,65983.1860485096,68194.52
2026-07-23,65094.4103909994,68164.16
2026-07-24,64100.1140327294,68161.5
2026-07-25,64331.3274596727,68104.84
2026-07-26,65328.7891218585,68104.73
2026-07-27,63718.2437025132,67568.44
2026-07-28,63728.4501987142,68058.7
2026-07-29,63904.6444991233,68099.24
2026-07-30,64827.5701659848,68070.68
2026-07-31,62875.1789333723,67920.47
2026-08-01,62751.8791487434,67755.72
2026-08-02,63445.6829658095,67739.47
2026-08-03,63460.0481116306,67617.2
2026-08-04,64161.470880187,67616.78
2026-08-05,64610.3074430158,67583.14
2026-08-06,64212.2673161894,67580.24
2026-08-07,64869.1683985973,67537.59
2026-08-08,65068.61,67537.13
2026-08-09,64864.9272893045,67545.4
2026-08-10,63907.7478731736,67503.9
2026-08-11,63547.4365920514,67438.72
2026-08-12,63359.3968950906,67379.59
2026-08-13,63395.0080067212,67371.98
2026-08-14,62924.7014248977,67292.33
2026-08-15,63034.4329655173,67241.3
2026-08-16,62818.4112106955,67241.43
2026-08-17,64434.1397083577,67240.05
2026-08-18,64696.1814053185,67201.93
2026-08-19,69267.8268869083,67243.51
2026-08-20,73070.9310248627,67668.98
2026-08-21,78359.170712256,68194.43
2026-08-22,77020.1308082058,68327.2
2026-08-23,77593.0280291116,68409.57
2026-08-24,78894.4979810754,68841.52
2026-08-25,78601.4032035769,69205.1
2026-08-26,78955.0443928229,69422.98
2026-08-27,80297.3961619871,69733.02
2026-08-28,77716.5892479486,69979.57
2026-08-29,78243.9320870076,70025.14
2026-08-30,77689.1906069491,70038.83
2026-08-31,78533.8892895967,70148.64
2026-09-01,77407.7011547107,70269.54
2026-09-02,77188.7006046172,70393.01
2026-09-03,81243.2439279778,70609.87
2026-09-04,79681.5555543542,70780.53
2026-09-05,79817.3237329047,70868.57
2026-09-06,80319.9731380596,70860.03
2026-09-07,79073.0209832028,70966.91
2026-09-08,78445.6833851549,70955.89
2026-09-09,78207.4846148861,71088.01
2026-09-10,76675.7738575336,71168.03
2026-09-11,77176.8177780772,71207.8
2026-09-12,77252.4105082525,71216.61
2026-09-13,76759.2585653887,71208.01
2026-09-14,78278.7924649912,71262.19
2026-09-15,75650.4287918118,71295.15
2026-09-16,76082.3769918527,71350.43
2026-09-17,76386.9018813968,71422.04
2026-09-18,80944.1551838106,71636.24
2026-09-19,81262.3455507422,71776.19
2026-09-20,81194.7440397662,71806.08
2026-09-21,86505.297748235,72158.48
2026-09-22,86417.74,72763.08
2026-09-23,84434.3188651724,72797.88
2026-09-24,84386.5778094565,72875.88
2026-09-25,84062.1558929047,72931.6
2026-09-26,84386.4961173115,72938.23
2026-09-27,84392.4723819229,73033.16
2026-09-28,83516.7629809001,73204.94
2026-09-29,83674.6569854062,73382.99
2026-09-30,83579.6739176914,73467.89
2026-10-01,84777.2412468031,73604.8
