x,y
320.0,324460.30511155
576.0,409399.94697567
832.0,197144.43475226
1088.0,98462.78181932
1344.0,37190.20913267
1600.0,8703.52396316
1856.0,16548.60291149
2112.0,5012.72430917
2368.0,19983.29999417
2624.0,43257.4364439
2880.0,102697.25020228
3136.0,2422.8091035099997
3392.0,30844.510974
3648.0,110716.65731112001
3904.0,96374.63786240999
4160.0,52330.01407564
4416.0,47072.02962349
4672.0,19725.29942198
4928.0,12009.504244579999
5184.0,11318.189229340001
5440.0,19110.67695303
5696.0,57128.62742273
5952.0,17754.1154869
6208.0,26707.926570509997
6464.0,76316.67701891
6720.0,70013.92210893
6976.0,31063.611209559996
7232.0,104200.80105255
7488.0,38040.64988408
7744.0,21584.653483460002
8000.0,43958.38837801
8256.0,75880.07337848001
8512.0,31956.17425386
8768.0,51707.34587715
9024.0,42808.995319730006
9280.0,63486.6994897
9536.0,43363.25302309
9792.0,50760.44218294
10048.0,47339.18144296
10304.0,35837.397002419995
10560.0,45324.9191031
10816.0,27404.64053587
11072.0,27073.14763595
11328.0,32555.431879769996
11584.0,34011.36082708
11840.0,40498.020981249996
12096.0,9812.29819763
12352.0,3790.09867088
12608.0,3369.32747189
12864.0,6625.60093187
13120.0,23425.191096889997
13376.0,7277.01659256
13632.0,13315.15509253
13888.0,82778.84624956
14144.0,9660.228822109999
14400.0,5229.76172566
14656.0,6615.4408868
14912.0,7405.788579
15168.0,7448.96383042
15424.0,10903.18938502
15680.0,8350.32443528
15936.0,11579.16896832
16192.0,17524.98104823
16448.0,70157.23892738
16704.0,92142.83845314
16960.0,155038.15138543
17216.0,27990.21739455
17472.0,14933.38409158
17728.0,14398.52457664
17984.0,8290.24894324
18240.0,10263.25532151
18496.0,12867.3672674
18752.0,8598.63930141
19008.0,18387.26784213
19264.0,35726.06799684
19520.0,25111.725464299998
19776.0,12774.74111446
20032.0,16997.34643292
20288.0,18915.81406351
20544.0,27097.3137023
20800.0,102658.15056079
21056.0,17840.91098792
21312.0,28741.29900863
21568.0,27992.470777739996
21824.0,10038.545780150002
22080.0,10807.9820429
22336.0,10508.099366999999
22592.0,9551.61937688
22848.0,15904.2467263
23104.0,25213.80271128
23360.0,21246.26271915
23616.0,15605.91999755
23872.0,14924.26595116
24128.0,16021.27913903
24384.0,5131.63138105
24640.0,6918.80587364
24896.0,8952.1664814
25152.0,16859.30423387
25408.0,1059.42308531
25664.0,7932.54268848
25920.0,27624.227889510003
26176.0,37692.03597445
26432.0,38231.45044945
26688.0,24361.881150100002
26944.0,40478.19438532
27200.0,33404.37236146
27456.0,20800.519931670002
27712.0,23928.17389924
27968.0,37194.42105808
28224.0,18849.75646051
28480.0,17510.86811101
28736.0,7460.49752015
28992.0,16832.12457788
29248.0,28392.24537359
29504.0,28035.21324717
29760.0,21889.32543045
30016.0,23021.56357657
30272.0,29747.7682479
30528.0,21572.726134509998
30784.0,16859.37719334
31040.0,6684.511768660001
31296.0,7077.41885593
31552.0,8281.33571496
31808.0,7182.10518832
32064.0,5479.37960515
32320.0,6925.27052058
32576.0,6666.87498881
32832.0,6476.96124402
33088.0,5808.69045096
33344.0,6835.66682189
33600.0,9200.3458997
33856.0,6315.23503583
34112.0,11912.62170018
34368.0,14076.87643386
34624.0,38008.68019986
34880.0,20757.73108698
35136.0,5849.49091987
35392.0,8667.60137963
35648.0,5664.974673389999
35904.0,10035.082969520001
36160.0,8570.54575508
36416.0,10171.40491376
36672.0,13249.22977084
36928.0,13698.97271537
37184.0,14235.46984096
37440.0,17865.3537662
37696.0,13950.843617229999
37952.0,32675.321425690003
38208.0,14602.33051711
38464.0,56889.253143639995
38720.0,99895.14795751999
38976.0,16425.35932383
39232.0,44226.43154105
39488.0,18886.419752499998
39744.0,31481.949368560003
40000.0,18024.799048189998
40256.0,10694.75889826
40512.0,33448.5820128
40768.0,8639.20084548
41024.0,6175.60609238
41280.0,9191.94934521
41536.0,24452.34117164
41792.0,35980.84232783
42048.0,16262.349289279999
42304.0,13845.07729453
42560.0,19832.27954963
42816.0,22972.63010831
43072.0,21291.049644
43328.0,15389.7888415
43584.0,21849.97775133
43840.0,20582.40344553
44096.0,18838.380398859998
44352.0,7060.36698041
44608.0,5785.8966614
44864.0,10085.40711385
45120.0,5482.192232490001
45376.0,6539.2993194
45632.0,3046.44725625
45888.0,8154.7738807900005
46144.0,7877.46409947
46400.0,10794.54132818
46656.0,8856.730218879999
46912.0,12290.322348689999
47168.0,13792.659916730001
47424.0,21040.22020289
47680.0,9860.99941121
47936.0,27784.78895539
48192.0,33235.44110566
48448.0,35141.64996635
48704.0,10730.73707784
48960.0,11850.90534757
49216.0,12473.67574303
49472.0,10534.50425188
49728.0,11932.5326423
49984.0,9180.25779223
50240.0,28326.00777577
50496.0,4211.51580291
50752.0,4895.6946825800005
51008.0,10827.94307212
51264.0,7328.497120460001
51520.0,8191.7711574800005
51776.0,11189.41678308
52032.0,7923.69731028
52288.0,7941.9370776000005
52544.0,1337.63461105
52800.0,3150.9127301099998
53056.0,2238.28138519
53312.0,2958.65430335
53568.0,8899.07617147
53824.0,2431.7583844
54080.0,11065.06431568
54336.0,17184.17153622
54592.0,34421.14462597
54848.0,32217.2628787
55104.0,6321.373084299999
55360.0,9292.64306259
55616.0,12466.375658910001
55872.0,6497.97206423
56128.0,11947.46766537
56384.0,7246.25337055
56640.0,31055.264243640002
56896.0,13008.31166671
57152.0,16907.85982405
57408.0,12214.75950468
57664.0,23772.84758303
57920.0,17215.28753038
58176.0,18055.500356520002
58432.0,13191.451396699998
58688.0,20336.69435713
58944.0,18291.807786359997
59200.0,17057.120464339998
59456.0,36709.68779105
59712.0,32560.12556485
59968.0,24941.84031883
60224.0,79760.74631003
60480.0,77407.51370683
60736.0,23406.5151108
60992.0,44397.16422886
61248.0,31206.47084587
61504.0,51521.378792460004
61760.0,37175.50263038
62016.0,46220.25670498
62272.0,69161.12380772
62528.0,103699.33691815
62784.0,113307.01873869999
63040.0,231029.98925724
63296.0,116224.26403399999
63552.0,96587.92409454
63808.0,111651.2924612
64064.0,178229.15772762
64320.0,188555.42052242
64576.0,194991.77511365997
64832.0,113490.90272345999
65088.0,57301.45321063
65344.0,54227.00098503
65600.0,28022.02526249
65856.0,61035.86455046
66112.0,43076.82984394
66368.0,51618.46019604
66624.0,71717.02601582001
66880.0,63499.71675826
67136.0,60432.453360290005
67392.0,49221.1549604
67648.0,56798.05542456001
67904.0,59702.53624917
68160.0,96651.90591644999
68416.0,40911.06597405
68672.0,35182.51690476001
68928.0,45591.38373894
69184.0,24798.44185083
69440.0,54120.09581343
69696.0,37336.888503270005
69952.0,38567.40711145
70208.0,53008.52080842
70464.0,29629.5389487
70720.0,31377.69741362
70976.0,48945.7855544
71232.0,67864.17562366
71488.0,27011.37580981
71744.0,44066.29281126
72000.0,24187.30454623
72256.0,12963.58651142
72512.0,19856.1815207
72768.0,11578.519818280001
73024.0,14897.44860788
73280.0,15290.20962119
73536.0,41837.84676605
73792.0,26732.74816158
74048.0,31444.33525869
74304.0,17705.92880529
74560.0,26496.7135322
74816.0,21536.38269417
75072.0,15693.80946502
75328.0,26074.660522270002
75584.0,26619.779693009998
75840.0,40913.39855143
76096.0,63938.014294349996
76352.0,40810.89028934
76608.0,74519.69596984
76864.0,92023.71293761
77120.0,70498.8357166
77376.0,86746.62803445
77632.0,106305.45076986999
77888.0,92069.59121735001
78144.0,91253.21460134
78400.0,73077.34022824
78656.0,50700.64326055
78912.0,119252.52889885
79168.0,64102.54167312
79424.0,55742.84386897
79680.0,59236.81511826
79936.0,55806.728803050006
80192.0,39714.277319400004
80448.0,40713.451451090004
80704.0,34424.3198708
80960.0,71559.48348459
81216.0,49303.10082537
81472.0,49242.70340439
81728.0,20320.80684862
81984.0,17484.30941184
82240.0,11576.64360298
82496.0,15380.09658343
82752.0,16264.59227741
83008.0,15558.128310200002
83264.0,14741.74167428
83520.0,15606.855987840001
83776.0,65186.28129788
84032.0,195227.81801309
84288.0,257066.18393837
84544.0,283043.72755622
84800.0,277090.17509153
85056.0,201679.44845436
85312.0,29610.25923313
85568.0,23308.90779709
85824.0,22913.649608609998
86080.0,50875.12052812
86336.0,84142.59681215
86592.0,59454.83427228
86848.0,20972.04792695
87104.0,50009.68781257
87360.0,60152.10128695
87616.0,70240.5174704
87872.0,31675.21803447
88128.0,44016.27982126
88384.0,42540.828853080006
88640.0,24834.3102416
88896.0,17731.4002178
89152.0,14320.60278272
89408.0,29370.32632044
89664.0,21628.706939900003
89920.0,23444.87029304
90176.0,50899.41299037
90432.0,61979.82448625
90688.0,81676.31761697
90944.0,49980.98721056
91200.0,24408.66166017
91456.0,76383.95861778
91712.0,24030.76679193
91968.0,29428.573481059997
92224.0,52660.304066380006
92480.0,90064.48146779
92736.0,51851.56262764
92992.0,42903.78191475
93248.0,26152.379885219998
93504.0,19242.18970101
93760.0,26446.42092479
94016.0,28957.570338769998
94272.0,23098.40409995
94528.0,42064.88055579
94784.0,18752.39098112
95040.0,29768.92666365
95296.0,50091.11174428
95552.0,57739.22712058
95808.0,23451.10829903
96064.0,19857.804374220003
96320.0,22535.262129789997
96576.0,26203.214508179997
96832.0,39719.31137692
97088.0,55281.01950541
97344.0,52840.19794977
97600.0,25184.79071401
97856.0,32797.98515168
98112.0,24158.90783907
98368.0,39377.92090846
98624.0,13538.48914555
98880.0,11010.04134476
99136.0,13121.32472707
99392.0,14095.748763560001
99648.0,15313.84653985
99904.0,9916.27276698
100160.0,7454.1355994900005
100416.0,10061.623385030001
100672.0,29596.974553089996
100928.0,12700.79931029
101184.0,22183.98692286
101440.0,27564.02376676
101696.0,25242.589105090003
101952.0,54342.867090910004
102208.0,16506.51966051
102464.0,13894.57461834
102720.0,18238.678562679997
102976.0,12596.39910175
103232.0,17247.12695182
103488.0,35230.463625899996
103744.0,43321.38279271
104000.0,17247.26080945
104256.0,31535.07731814
104512.0,26237.8342788
104768.0,26571.56955294
105024.0,25815.06161425
105280.0,39362.65869981
105536.0,39930.72340263
105792.0,143913.85355211
106048.0,29129.87369164
106304.0,23400.41516466
106560.0,35244.38586371
106816.0,30153.87391938
107072.0,20319.56553785
107328.0,21240.74669589
107584.0,34802.21634991
107840.0,45551.30999165001
108096.0,31499.41977139
108352.0,56255.786748829996
108608.0,36079.86318835
108864.0,33806.15316383
109120.0,40028.100330689995
109376.0,39024.62462576
109632.0,23368.40198804
109888.0,22937.216987940003
110144.0,33166.34643864
110400.0,31724.57010417
110656.0,43110.38858624
110912.0,67884.07666960999
111168.0,40499.23833108
111424.0,44381.8112893
111680.0,42004.87844965
111936.0,15165.34579446
112192.0,23250.147860420002
112448.0,44221.43032419
112704.0,21943.87713815
112960.0,32483.819277199997
113216.0,36822.64307289
113472.0,12104.548515139999
113728.0,25387.46826498
113984.0,48890.45900123
114240.0,17133.22827069
114496.0,31496.91754534
114752.0,28104.37612722
115008.0,42837.94040699
115264.0,32923.74539466
115520.0,29694.645157469997
115776.0,26418.9583454
116032.0,16772.92969985
116288.0,14251.79711621
116544.0,16985.248142210003
116800.0,24041.62802131
117056.0,37019.31971494
117312.0,37833.95618811
117568.0,47173.71388446
117824.0,28513.694295499998
118080.0,34293.219433239996
118336.0,23613.85235433
118592.0,11718.80462829
118848.0,19341.72841789
119104.0,16230.45562378
119360.0,15491.75747351
119616.0,18832.00740986
119872.0,14475.53434582
120128.0,9004.55920119
120384.0,11567.542725109999
120640.0,2501.63923246
120896.0,15334.146160699998
121152.0,5303.4019227
121408.0,4659.234530739999
121664.0,15209.6255542
121920.0,15628.23334432
122176.0,12932.72618697
122432.0,6709.0101334
122688.0,10047.21057056
122944.0,1798.16735932
123200.0,1384.19552927
123456.0,11625.53938065
123712.0,8710.62136512
123968.0,2953.9385262100004
124224.0,1930.2276845800002
124480.0,967.23590416
124736.0,1468.6504840799998
124992.0,11227.10536186
125248.0,1526.94721614
125504.0,936.318269
125760.0,0.0
126016.0,192.09101768
